# Blender 4.5.1 LTS
# www.blender.org
mtllib Sphere_Stage_2_R39_S78.mtl
o Sphere_Stage_2_R39_S78
v 0.000000 0.845190 -0.534466
v 0.000000 -0.568065 -0.822984
v 0.000000 -0.845190 -0.534466
v 0.006475 0.996757 -0.080206
v 0.012908 0.987050 -0.159891
v 0.019257 0.970942 -0.238540
v 0.025481 0.948536 -0.315641
v 0.031540 0.919979 -0.390696
v 0.037395 0.885456 -0.463216
v 0.043007 0.845190 -0.532733
v 0.048340 0.799443 -0.598794
v 0.053359 0.748511 -0.660972
v 0.058033 0.692724 -0.718864
v 0.062330 0.632445 -0.772093
v 0.066223 0.568065 -0.820315
v 0.069686 0.500000 -0.863217
v 0.072698 0.428693 -0.900521
v 0.075238 0.354605 -0.931984
v 0.077290 0.278217 -0.957403
v 0.078840 0.200026 -0.976613
v 0.079880 0.120537 -0.989490
v 0.080401 0.040266 -0.995949
v 0.080401 -0.040266 -0.995949
v 0.079880 -0.120537 -0.989490
v 0.078840 -0.200026 -0.976613
v 0.077290 -0.278217 -0.957403
v 0.075238 -0.354605 -0.931984
v 0.072698 -0.428693 -0.900521
v 0.069686 -0.500000 -0.863217
v 0.066223 -0.568065 -0.820315
v 0.062330 -0.632445 -0.772093
v 0.058033 -0.692724 -0.718864
v 0.053359 -0.748511 -0.660972
v 0.048340 -0.799443 -0.598794
v 0.043007 -0.845190 -0.532733
v 0.037395 -0.885456 -0.463216
v 0.031540 -0.919979 -0.390696
v 0.025481 -0.948536 -0.315641
v 0.019257 -0.970942 -0.238540
v 0.012908 -0.987050 -0.159891
v 0.006475 -0.996757 -0.080206
v 0.012908 0.996757 -0.079425
v 0.025732 0.987050 -0.158334
v 0.038389 0.970942 -0.236217
v 0.050797 0.948536 -0.312567
v 0.062876 0.919979 -0.386891
v 0.074547 0.885456 -0.458705
v 0.085734 0.845190 -0.527545
v 0.096366 0.799443 -0.592963
v 0.106372 0.748511 -0.654535
v 0.115689 0.692724 -0.711863
v 0.124255 0.632445 -0.764574
v 0.132016 0.568065 -0.812326
v 0.138920 0.500000 -0.854811
v 0.144924 0.428693 -0.891751
v 0.149987 0.354605 -0.922908
v 0.154078 0.278217 -0.948080
v 0.157169 0.200026 -0.967103
v 0.159242 0.120537 -0.979854
v 0.160281 0.040266 -0.986250
v 0.160281 -0.040266 -0.986250
v 0.159242 -0.120537 -0.979854
v 0.157169 -0.200026 -0.967103
v 0.154078 -0.278217 -0.948080
v 0.149987 -0.354605 -0.922908
v 0.144924 -0.428693 -0.891751
v 0.138920 -0.500000 -0.854811
v 0.132016 -0.568065 -0.812326
v 0.124255 -0.632445 -0.764574
v 0.115689 -0.692724 -0.711863
v 0.106372 -0.748511 -0.654535
v 0.096366 -0.799443 -0.592963
v 0.085734 -0.845190 -0.527545
v 0.074547 -0.885456 -0.458705
v 0.062876 -0.919979 -0.386891
v 0.050797 -0.948536 -0.312567
v 0.038389 -0.970942 -0.236217
v 0.025732 -0.987050 -0.158334
v 0.012908 -0.996757 -0.079425
v 0.019257 0.996757 -0.078128
v 0.038389 0.987050 -0.155750
v 0.057272 0.970942 -0.232362
v 0.075784 0.948536 -0.307466
v 0.093804 0.919979 -0.380577
v 0.111216 0.885456 -0.451219
v 0.127906 0.845190 -0.518935
v 0.143767 0.799443 -0.583286
v 0.158696 0.748511 -0.643854
v 0.172595 0.692724 -0.700246
v 0.185375 0.632445 -0.752096
v 0.196953 0.568065 -0.799069
v 0.207253 0.500000 -0.840860
v 0.216210 0.428693 -0.877198
v 0.223764 0.354605 -0.907846
v 0.229867 0.278217 -0.932607
v 0.234479 0.200026 -0.951320
v 0.237571 0.120537 -0.963863
v 0.239122 0.040266 -0.970154
v 0.239122 -0.040266 -0.970154
v 0.237571 -0.120537 -0.963863
v 0.234479 -0.200026 -0.951320
v 0.229867 -0.278217 -0.932607
v 0.223764 -0.354605 -0.907846
v 0.216210 -0.428693 -0.877198
v 0.207253 -0.500000 -0.840860
v 0.196953 -0.568065 -0.799069
v 0.185375 -0.632445 -0.752096
v 0.172595 -0.692724 -0.700246
v 0.158696 -0.748511 -0.643854
v 0.143767 -0.799443 -0.583286
v 0.127906 -0.845190 -0.518935
v 0.111216 -0.885456 -0.451219
v 0.093804 -0.919979 -0.380577
v 0.075784 -0.948536 -0.307466
v 0.057272 -0.970942 -0.232362
v 0.038389 -0.987050 -0.155750
v 0.019257 -0.996757 -0.078128
v 0.025481 0.996757 -0.076325
v 0.050797 0.987050 -0.152156
v 0.075784 0.970942 -0.227000
v 0.100279 0.948536 -0.300371
v 0.124123 0.919979 -0.371795
v 0.147163 0.885456 -0.440807
v 0.169248 0.845190 -0.506960
v 0.190236 0.799443 -0.569826
v 0.209990 0.748511 -0.628996
v 0.228382 0.692724 -0.684087
v 0.245293 0.632445 -0.734741
v 0.260613 0.568065 -0.780630
v 0.274243 0.500000 -0.821457
v 0.286094 0.428693 -0.856956
v 0.296090 0.354605 -0.886897
v 0.304165 0.278217 -0.911086
v 0.310268 0.200026 -0.929367
v 0.314359 0.120537 -0.941621
v 0.316411 0.040266 -0.947767
v 0.316411 -0.040266 -0.947767
v 0.314359 -0.120537 -0.941621
v 0.310268 -0.200026 -0.929367
v 0.304165 -0.278217 -0.911086
v 0.296090 -0.354605 -0.886897
v 0.286094 -0.428693 -0.856956
v 0.274243 -0.500000 -0.821457
v 0.260613 -0.568065 -0.780630
v 0.245293 -0.632445 -0.734741
v 0.228382 -0.692724 -0.684087
v 0.209990 -0.748511 -0.628996
v 0.190236 -0.799443 -0.569826
v 0.169248 -0.845190 -0.506960
v 0.147163 -0.885456 -0.440807
v 0.124123 -0.919979 -0.371795
v 0.100279 -0.948536 -0.300371
v 0.075784 -0.970942 -0.227000
v 0.050797 -0.987050 -0.152156
v 0.025481 -0.996757 -0.076325
v 0.031540 0.996757 -0.074028
v 0.062876 0.987050 -0.147575
v 0.093804 0.970942 -0.220166
v 0.124123 0.948536 -0.291328
v 0.153638 0.919979 -0.360601
v 0.182156 0.885456 -0.427536
v 0.209493 0.845190 -0.491698
v 0.235471 0.799443 -0.552671
v 0.259922 0.748511 -0.610059
v 0.282687 0.692724 -0.663492
v 0.303619 0.632445 -0.712621
v 0.322582 0.568065 -0.757128
v 0.339453 0.500000 -0.796726
v 0.354122 0.428693 -0.831156
v 0.366495 0.354605 -0.860196
v 0.376491 0.278217 -0.883657
v 0.384045 0.200026 -0.901387
v 0.389109 0.120537 -0.913272
v 0.391649 0.040266 -0.919234
v 0.391649 -0.040266 -0.919234
v 0.389109 -0.120537 -0.913272
v 0.384045 -0.200026 -0.901387
v 0.376491 -0.278217 -0.883657
v 0.366495 -0.354605 -0.860196
v 0.354122 -0.428693 -0.831156
v 0.339453 -0.500000 -0.796726
v 0.322582 -0.568065 -0.757128
v 0.303619 -0.632445 -0.712621
v 0.282687 -0.692724 -0.663492
v 0.259922 -0.748511 -0.610059
v 0.235471 -0.799443 -0.552671
v 0.209493 -0.845190 -0.491698
v 0.182156 -0.885456 -0.427536
v 0.153638 -0.919979 -0.360601
v 0.124123 -0.948536 -0.291328
v 0.093804 -0.970942 -0.220166
v 0.062876 -0.987050 -0.147575
v 0.031540 -0.996757 -0.074028
v 0.037395 0.996757 -0.071250
v 0.074547 0.987050 -0.142037
v 0.111216 0.970942 -0.211904
v 0.147163 0.948536 -0.280396
v 0.182156 0.919979 -0.347069
v 0.215968 0.885456 -0.411492
v 0.248379 0.845190 -0.473246
v 0.279179 0.799443 -0.531931
v 0.308169 0.748511 -0.587166
v 0.335160 0.692724 -0.638593
v 0.359977 0.632445 -0.685879
v 0.382460 0.568065 -0.728716
v 0.402462 0.500000 -0.766828
v 0.419854 0.428693 -0.799966
v 0.434524 0.354605 -0.827916
v 0.446375 0.278217 -0.850497
v 0.455331 0.200026 -0.867562
v 0.461335 0.120537 -0.879000
v 0.464346 0.040266 -0.884738
v 0.464346 -0.040266 -0.884738
v 0.461335 -0.120537 -0.879000
v 0.455331 -0.200026 -0.867562
v 0.446375 -0.278217 -0.850497
v 0.434524 -0.354605 -0.827916
v 0.419854 -0.428693 -0.799966
v 0.402462 -0.500000 -0.766828
v 0.382460 -0.568065 -0.728716
v 0.359977 -0.632445 -0.685879
v 0.335160 -0.692724 -0.638593
v 0.308169 -0.748511 -0.587166
v 0.279179 -0.799443 -0.531931
v 0.248379 -0.845190 -0.473246
v 0.215968 -0.885456 -0.411492
v 0.182156 -0.919979 -0.347069
v 0.147163 -0.948536 -0.280396
v 0.111216 -0.970942 -0.211904
v 0.074547 -0.987050 -0.142037
v 0.037395 -0.996757 -0.071250
v 0.043007 0.996757 -0.068010
v 0.085734 0.987050 -0.135578
v 0.127906 0.970942 -0.202267
v 0.169248 0.948536 -0.267645
v 0.209493 0.919979 -0.331286
v 0.248379 0.885456 -0.392780
v 0.285654 0.845190 -0.451725
v 0.321076 0.799443 -0.507742
v 0.354416 0.748511 -0.560465
v 0.385458 0.692724 -0.609553
v 0.414000 0.632445 -0.654689
v 0.439857 0.568065 -0.695578
v 0.462861 0.500000 -0.731956
v 0.482863 0.428693 -0.763587
v 0.499734 0.354605 -0.790267
v 0.513364 0.278217 -0.811820
v 0.523665 0.200026 -0.828109
v 0.530569 0.120537 -0.839028
v 0.534032 0.040266 -0.844505
v 0.534032 -0.040266 -0.844505
v 0.530569 -0.120537 -0.839028
v 0.523665 -0.200026 -0.828109
v 0.513364 -0.278217 -0.811820
v 0.499734 -0.354605 -0.790267
v 0.482863 -0.428693 -0.763587
v 0.462861 -0.500000 -0.731956
v 0.439857 -0.568065 -0.695578
v 0.414000 -0.632445 -0.654689
v 0.385458 -0.692724 -0.609553
v 0.354416 -0.748511 -0.560465
v 0.321076 -0.799443 -0.507742
v 0.285654 -0.845190 -0.451725
v 0.248379 -0.885456 -0.392780
v 0.209493 -0.919979 -0.331286
v 0.169248 -0.948536 -0.267645
v 0.127906 -0.970942 -0.202267
v 0.085734 -0.987050 -0.135578
v 0.043007 -0.996757 -0.068010
v 0.048340 0.996757 -0.064328
v 0.096366 0.987050 -0.128240
v 0.143767 0.970942 -0.191319
v 0.190236 0.948536 -0.253158
v 0.235471 0.919979 -0.313355
v 0.279179 0.885456 -0.371520
v 0.321076 0.845190 -0.427275
v 0.360891 0.799443 -0.480259
v 0.398366 0.748511 -0.530129
v 0.433257 0.692724 -0.576560
v 0.465338 0.632445 -0.619252
v 0.494401 0.568065 -0.657929
v 0.520258 0.500000 -0.692338
v 0.542741 0.428693 -0.722257
v 0.561704 0.354605 -0.747492
v 0.577024 0.278217 -0.767879
v 0.588602 0.200026 -0.783287
v 0.596362 0.120537 -0.793614
v 0.600255 0.040266 -0.798795
v 0.600255 -0.040266 -0.798795
v 0.596362 -0.120537 -0.793614
v 0.588602 -0.200026 -0.783287
v 0.577024 -0.278217 -0.767879
v 0.561704 -0.354605 -0.747492
v 0.542741 -0.428693 -0.722257
v 0.520258 -0.500000 -0.692338
v 0.494401 -0.568065 -0.657929
v 0.465338 -0.632445 -0.619252
v 0.433257 -0.692724 -0.576560
v 0.398366 -0.748511 -0.530129
v 0.360891 -0.799443 -0.480259
v 0.321076 -0.845190 -0.427275
v 0.279179 -0.885456 -0.371520
v 0.235471 -0.919979 -0.313355
v 0.190236 -0.948536 -0.253158
v 0.143767 -0.970942 -0.191319
v 0.096366 -0.987050 -0.128240
v 0.048340 -0.996757 -0.064328
v 0.053359 0.996757 -0.060230
v 0.106372 0.987050 -0.120070
v 0.158696 0.970942 -0.179130
v 0.209990 0.948536 -0.237029
v 0.259922 0.919979 -0.293391
v 0.308169 0.885456 -0.347850
v 0.354416 0.845190 -0.400053
v 0.398366 0.799443 -0.449662
v 0.439732 0.748511 -0.496354
v 0.478246 0.692724 -0.539828
v 0.513658 0.632445 -0.579800
v 0.545739 0.568065 -0.616012
v 0.574281 0.500000 -0.648229
v 0.599099 0.428693 -0.676243
v 0.620031 0.354605 -0.699870
v 0.636941 0.278217 -0.718958
v 0.649722 0.200026 -0.733384
v 0.658288 0.120537 -0.743053
v 0.662585 0.040266 -0.747904
v 0.662585 -0.040266 -0.747904
v 0.658288 -0.120537 -0.743053
v 0.649722 -0.200026 -0.733384
v 0.636941 -0.278217 -0.718958
v 0.620031 -0.354605 -0.699870
v 0.599099 -0.428693 -0.676243
v 0.574281 -0.500000 -0.648229
v 0.545739 -0.568065 -0.616012
v 0.513658 -0.632445 -0.579800
v 0.478246 -0.692724 -0.539828
v 0.439732 -0.748511 -0.496354
v 0.398366 -0.799443 -0.449662
v 0.354416 -0.845190 -0.400053
v 0.308169 -0.885456 -0.347850
v 0.259922 -0.919979 -0.293391
v 0.209990 -0.948536 -0.237029
v 0.158696 -0.970942 -0.179130
v 0.106372 -0.987050 -0.120070
v 0.053359 -0.996757 -0.060230
v 0.058033 0.996757 -0.055741
v 0.115689 0.987050 -0.111121
v 0.172595 0.970942 -0.165780
v 0.228382 0.948536 -0.219364
v 0.282687 0.919979 -0.271525
v 0.335160 0.885456 -0.321925
v 0.385458 0.845190 -0.370238
v 0.433257 0.799443 -0.416149
v 0.478246 0.748511 -0.459361
v 0.520133 0.692724 -0.499595
v 0.558647 0.632445 -0.536588
v 0.593538 0.568065 -0.570101
v 0.624580 0.500000 -0.599917
v 0.651571 0.428693 -0.625842
v 0.674336 0.354605 -0.647709
v 0.692728 0.278217 -0.665374
v 0.706628 0.200026 -0.678725
v 0.715944 0.120537 -0.687674
v 0.720618 0.040266 -0.692163
v 0.720618 -0.040266 -0.692163
v 0.715944 -0.120537 -0.687674
v 0.706628 -0.200026 -0.678725
v 0.692728 -0.278217 -0.665374
v 0.674336 -0.354605 -0.647709
v 0.651571 -0.428693 -0.625842
v 0.624580 -0.500000 -0.599917
v 0.593538 -0.568065 -0.570101
v 0.558647 -0.632445 -0.536588
v 0.520133 -0.692724 -0.499595
v 0.478246 -0.748511 -0.459361
v 0.433257 -0.799443 -0.416149
v 0.385458 -0.845190 -0.370238
v 0.335160 -0.885456 -0.321925
v 0.282687 -0.919979 -0.271525
v 0.228382 -0.948536 -0.219364
v 0.172595 -0.970942 -0.165780
v 0.115689 -0.987050 -0.111121
v 0.058033 -0.996757 -0.055741
v 0.062330 0.996757 -0.050891
v 0.124255 0.987050 -0.101451
v 0.185375 0.970942 -0.151354
v 0.245293 0.948536 -0.200275
v 0.303619 0.919979 -0.247898
v 0.359977 0.885456 -0.293912
v 0.414000 0.845190 -0.338021
v 0.465338 0.799443 -0.379937
v 0.513658 0.748511 -0.419389
v 0.558647 0.692724 -0.456121
v 0.600013 0.632445 -0.489895
v 0.637488 0.568065 -0.520492
v 0.670828 0.500000 -0.547714
v 0.699817 0.428693 -0.571383
v 0.724268 0.354605 -0.591347
v 0.744022 0.278217 -0.607475
v 0.758951 0.200026 -0.619664
v 0.768957 0.120537 -0.627834
v 0.773977 0.040266 -0.631933
v 0.773977 -0.040266 -0.631933
v 0.768957 -0.120537 -0.627834
v 0.758951 -0.200026 -0.619664
v 0.744022 -0.278217 -0.607475
v 0.724268 -0.354605 -0.591347
v 0.699817 -0.428693 -0.571383
v 0.670828 -0.500000 -0.547714
v 0.637488 -0.568065 -0.520492
v 0.600013 -0.632445 -0.489895
v 0.558647 -0.692724 -0.456121
v 0.513658 -0.748511 -0.419389
v 0.465338 -0.799443 -0.379937
v 0.414000 -0.845190 -0.338021
v 0.359977 -0.885456 -0.293912
v 0.303619 -0.919979 -0.247898
v 0.245293 -0.948536 -0.200275
v 0.185375 -0.970942 -0.151354
v 0.124255 -0.987050 -0.101451
v 0.062330 -0.996757 -0.050891
v 0.066223 0.996757 -0.045710
v 0.132016 0.987050 -0.091124
v 0.196953 0.970942 -0.135947
v 0.260613 0.948536 -0.179888
v 0.322582 0.919979 -0.222662
v 0.382460 0.885456 -0.263993
v 0.439857 0.845190 -0.303611
v 0.494401 0.799443 -0.341261
v 0.545739 0.748511 -0.376697
v 0.593538 0.692724 -0.409690
v 0.637487 0.632445 -0.440026
v 0.677303 0.568065 -0.467508
v 0.712725 0.500000 -0.491959
v 0.743525 0.428693 -0.513218
v 0.769503 0.354605 -0.531150
v 0.790491 0.278217 -0.545637
v 0.806352 0.200026 -0.556585
v 0.816984 0.120537 -0.563923
v 0.822317 0.040266 -0.567604
v 0.822317 -0.040266 -0.567604
v 0.816984 -0.120537 -0.563923
v 0.806352 -0.200026 -0.556585
v 0.790491 -0.278217 -0.545637
v 0.769503 -0.354605 -0.531150
v 0.743525 -0.428693 -0.513218
v 0.712725 -0.500000 -0.491959
v 0.677303 -0.568065 -0.467508
v 0.637487 -0.632445 -0.440026
v 0.593538 -0.692724 -0.409690
v 0.545739 -0.748511 -0.376697
v 0.494401 -0.799443 -0.341261
v 0.439857 -0.845190 -0.303611
v 0.382460 -0.885456 -0.263993
v 0.322582 -0.919979 -0.222662
v 0.260613 -0.948536 -0.179888
v 0.196953 -0.970942 -0.135947
v 0.132016 -0.987050 -0.091124
v 0.066223 -0.996757 -0.045710
v 0.069686 0.996757 -0.040233
v 0.138920 0.987050 -0.080206
v 0.207253 0.970942 -0.119658
v 0.274243 0.948536 -0.158334
v 0.339453 0.919979 -0.195983
v 0.402462 0.885456 -0.232362
v 0.462861 0.845190 -0.267233
v 0.520258 0.799443 -0.300371
v 0.574281 0.748511 -0.331561
v 0.624580 0.692724 -0.360601
v 0.670828 0.632445 -0.387303
v 0.712725 0.568065 -0.411492
v 0.750000 0.500000 -0.433013
v 0.782411 0.428693 -0.451725
v 0.809748 0.354605 -0.467508
v 0.831833 0.278217 -0.480259
v 0.848524 0.200026 -0.489895
v 0.859711 0.120537 -0.496355
v 0.865323 0.040266 -0.499595
v 0.865323 -0.040266 -0.499595
v 0.859711 -0.120537 -0.496355
v 0.848524 -0.200026 -0.489895
v 0.831833 -0.278217 -0.480259
v 0.809748 -0.354605 -0.467508
v 0.782411 -0.428693 -0.451725
v 0.750000 -0.500000 -0.433013
v 0.712725 -0.568065 -0.411492
v 0.670828 -0.632445 -0.387303
v 0.624580 -0.692724 -0.360601
v 0.574281 -0.748511 -0.331561
v 0.520258 -0.799443 -0.300371
v 0.462861 -0.845190 -0.267233
v 0.402462 -0.885456 -0.232362
v 0.339453 -0.919979 -0.195983
v 0.274243 -0.948536 -0.158334
v 0.207253 -0.970942 -0.119658
v 0.138920 -0.987050 -0.080206
v 0.069686 -0.996757 -0.040233
v 0.072698 0.996757 -0.034495
v 0.144924 0.987050 -0.068767
v 0.216210 0.970942 -0.102593
v 0.286094 0.948536 -0.135753
v 0.354123 0.919979 -0.168033
v 0.419855 0.885456 -0.199223
v 0.482864 0.845190 -0.229122
v 0.542741 0.799443 -0.257534
v 0.599099 0.748511 -0.284276
v 0.651571 0.692724 -0.309174
v 0.699817 0.632445 -0.332068
v 0.743525 0.568065 -0.352807
v 0.782411 0.500000 -0.371259
v 0.816223 0.428693 -0.387303
v 0.844741 0.354605 -0.400835
v 0.867781 0.278217 -0.411767
v 0.885193 0.200026 -0.420029
v 0.896864 0.120537 -0.425567
v 0.902718 0.040266 -0.428345
v 0.902718 -0.040266 -0.428345
v 0.896864 -0.120537 -0.425567
v 0.885193 -0.200026 -0.420029
v 0.867781 -0.278217 -0.411767
v 0.844741 -0.354605 -0.400835
v 0.816223 -0.428693 -0.387303
v 0.782411 -0.500000 -0.371259
v 0.743525 -0.568065 -0.352807
v 0.699817 -0.632445 -0.332068
v 0.651571 -0.692724 -0.309174
v 0.599099 -0.748511 -0.284276
v 0.542741 -0.799443 -0.257534
v 0.482864 -0.845190 -0.229122
v 0.419855 -0.885456 -0.199223
v 0.354123 -0.919979 -0.168033
v 0.286094 -0.948536 -0.135753
v 0.216210 -0.970942 -0.102593
v 0.144924 -0.987050 -0.068767
v 0.072698 -0.996757 -0.034495
v 0.075238 0.996757 -0.028534
v 0.149987 0.987050 -0.056883
v 0.223764 0.970942 -0.084863
v 0.296090 0.948536 -0.112292
v 0.366495 0.919979 -0.138993
v 0.434524 0.885456 -0.164793
v 0.499734 0.845190 -0.189524
v 0.561704 0.799443 -0.213026
v 0.620031 0.748511 -0.235147
v 0.674336 0.692724 -0.255742
v 0.724268 0.632445 -0.274679
v 0.769503 0.568065 -0.291834
v 0.809748 0.500000 -0.307097
v 0.844741 0.428693 -0.320368
v 0.874256 0.354605 -0.331561
v 0.898100 0.278217 -0.340605
v 0.916120 0.200026 -0.347439
v 0.928199 0.120537 -0.352020
v 0.934258 0.040266 -0.354318
v 0.934258 -0.040266 -0.354318
v 0.928199 -0.120537 -0.352020
v 0.916120 -0.200026 -0.347439
v 0.898100 -0.278217 -0.340605
v 0.874256 -0.354605 -0.331561
v 0.844741 -0.428693 -0.320368
v 0.809748 -0.500000 -0.307097
v 0.769503 -0.568065 -0.291834
v 0.724268 -0.632445 -0.274679
v 0.674336 -0.692724 -0.255742
v 0.620031 -0.748511 -0.235147
v 0.561704 -0.799443 -0.213026
v 0.499734 -0.845190 -0.189524
v 0.434524 -0.885456 -0.164793
v 0.366495 -0.919979 -0.138993
v 0.296090 -0.948536 -0.112292
v 0.223764 -0.970942 -0.084863
v 0.149987 -0.987050 -0.056883
v 0.075238 -0.996757 -0.028534
v 0.077290 0.996757 -0.022387
v 0.154078 0.987050 -0.044629
v 0.229867 0.970942 -0.066582
v 0.304165 0.948536 -0.088103
v 0.376491 0.919979 -0.109052
v 0.446375 0.885456 -0.129294
v 0.513364 0.845190 -0.148698
v 0.577024 0.799443 -0.167137
v 0.636941 0.748511 -0.184492
v 0.692728 0.692724 -0.200651
v 0.744022 0.632445 -0.215509
v 0.790491 0.568065 -0.228969
v 0.831833 0.500000 -0.240943
v 0.867781 0.428693 -0.251356
v 0.898100 0.354605 -0.260138
v 0.922595 0.278217 -0.267233
v 0.941107 0.200026 -0.272595
v 0.953515 0.120537 -0.276189
v 0.959739 0.040266 -0.277992
v 0.959739 -0.040266 -0.277992
v 0.953515 -0.120537 -0.276189
v 0.941107 -0.200026 -0.272595
v 0.922595 -0.278217 -0.267233
v 0.898100 -0.354605 -0.260138
v 0.867781 -0.428693 -0.251356
v 0.831833 -0.500000 -0.240943
v 0.790491 -0.568065 -0.228969
v 0.744022 -0.632445 -0.215509
v 0.692728 -0.692724 -0.200651
v 0.636941 -0.748511 -0.184492
v 0.577024 -0.799443 -0.167137
v 0.513364 -0.845190 -0.148698
v 0.446375 -0.885456 -0.129294
v 0.376491 -0.919979 -0.109052
v 0.304165 -0.948536 -0.088103
v 0.229867 -0.970942 -0.066582
v 0.154078 -0.987050 -0.044629
v 0.077290 -0.996757 -0.022387
v 0.078840 0.996757 -0.016095
v 0.157170 0.987050 -0.032086
v 0.234479 0.970942 -0.047869
v 0.310268 0.948536 -0.063342
v 0.384045 0.919979 -0.078403
v 0.455332 0.885456 -0.092957
v 0.523665 0.845190 -0.106907
v 0.588602 0.799443 -0.120164
v 0.649721 0.748511 -0.132642
v 0.706628 0.692724 -0.144259
v 0.758951 0.632445 -0.154941
v 0.806352 0.568065 -0.164618
v 0.848524 0.500000 -0.173227
v 0.885193 0.428693 -0.180713
v 0.916121 0.354605 -0.187027
v 0.941107 0.278217 -0.192128
v 0.959990 0.200026 -0.195983
v 0.972647 0.120537 -0.198567
v 0.978996 0.040266 -0.199864
v 0.978996 -0.040266 -0.199864
v 0.972647 -0.120537 -0.198567
v 0.959990 -0.200026 -0.195983
v 0.941107 -0.278217 -0.192128
v 0.916121 -0.354605 -0.187027
v 0.885193 -0.428693 -0.180713
v 0.848524 -0.500000 -0.173227
v 0.806352 -0.568065 -0.164618
v 0.758951 -0.632445 -0.154941
v 0.706628 -0.692724 -0.144259
v 0.649721 -0.748511 -0.132642
v 0.588602 -0.799443 -0.120164
v 0.523665 -0.845190 -0.106907
v 0.455332 -0.885456 -0.092957
v 0.384045 -0.919979 -0.078403
v 0.310268 -0.948536 -0.063342
v 0.234479 -0.970942 -0.047869
v 0.157170 -0.987050 -0.032086
v 0.078840 -0.996757 -0.016095
v 0.079880 0.996757 -0.009699
v 0.159242 0.987050 -0.019335
v 0.237571 0.970942 -0.028846
v 0.314359 0.948536 -0.038170
v 0.389109 0.919979 -0.047246
v 0.461335 0.885456 -0.056016
v 0.530569 0.845190 -0.064423
v 0.596362 0.799443 -0.072412
v 0.658288 0.748511 -0.079931
v 0.715944 0.692724 -0.086931
v 0.768957 0.632445 -0.093368
v 0.816984 0.568065 -0.099200
v 0.859711 0.500000 -0.104388
v 0.896864 0.428693 -0.108899
v 0.928199 0.354605 -0.112704
v 0.953515 0.278217 -0.115778
v 0.972647 0.200026 -0.118101
v 0.985471 0.120537 -0.119658
v 0.991904 0.040266 -0.120439
v 0.991904 -0.040266 -0.120439
v 0.985471 -0.120537 -0.119658
v 0.972647 -0.200026 -0.118101
v 0.953515 -0.278217 -0.115778
v 0.928199 -0.354605 -0.112704
v 0.896864 -0.428693 -0.108899
v 0.859711 -0.500000 -0.104388
v 0.816984 -0.568065 -0.099200
v 0.768957 -0.632445 -0.093368
v 0.715944 -0.692724 -0.086931
v 0.658288 -0.748511 -0.079931
v 0.596362 -0.799443 -0.072412
v 0.530569 -0.845190 -0.064423
v 0.461335 -0.885456 -0.056016
v 0.389109 -0.919979 -0.047246
v 0.314359 -0.948536 -0.038170
v 0.237571 -0.970942 -0.028846
v 0.159242 -0.987050 -0.019335
v 0.079880 -0.996757 -0.009699
v 0.080401 0.996757 -0.003240
v 0.160281 0.987050 -0.006459
v 0.239122 0.970942 -0.009636
v 0.316411 0.948536 -0.012751
v 0.391649 0.919979 -0.015783
v 0.464347 0.885456 -0.018713
v 0.534033 0.845190 -0.021521
v 0.600255 0.799443 -0.024190
v 0.662585 0.748511 -0.026701
v 0.720618 0.692724 -0.029040
v 0.773977 0.632445 -0.031190
v 0.822317 0.568065 -0.033138
v 0.865323 0.500000 -0.034871
v 0.902718 0.428693 -0.036378
v 0.934258 0.354605 -0.037649
v 0.959740 0.278217 -0.038676
v 0.978996 0.200026 -0.039452
v 0.991904 0.120537 -0.039972
v 0.998379 0.040266 -0.040233
v 0.998379 -0.040266 -0.040233
v 0.991904 -0.120537 -0.039972
v 0.978996 -0.200026 -0.039452
v 0.959740 -0.278217 -0.038676
v 0.934258 -0.354605 -0.037649
v 0.902718 -0.428693 -0.036378
v 0.865323 -0.500000 -0.034871
v 0.822317 -0.568065 -0.033138
v 0.773977 -0.632445 -0.031190
v 0.720618 -0.692724 -0.029040
v 0.662585 -0.748511 -0.026701
v 0.600255 -0.799443 -0.024190
v 0.534033 -0.845190 -0.021521
v 0.464347 -0.885456 -0.018713
v 0.391649 -0.919979 -0.015783
v 0.316411 -0.948536 -0.012751
v 0.239122 -0.970942 -0.009636
v 0.160281 -0.987050 -0.006459
v 0.080401 -0.996757 -0.003240
v 0.080401 0.996757 0.003240
v 0.160281 0.987050 0.006459
v 0.239122 0.970942 0.009636
v 0.316411 0.948536 0.012751
v 0.391649 0.919979 0.015783
v 0.464347 0.885456 0.018713
v 0.534033 0.845190 0.021521
v 0.600255 0.799443 0.024189
v 0.662585 0.748511 0.026701
v 0.720618 0.692724 0.029040
v 0.773977 0.632445 0.031190
v 0.822317 0.568065 0.033138
v 0.865323 0.500000 0.034871
v 0.902718 0.428693 0.036378
v 0.934258 0.354605 0.037649
v 0.959740 0.278217 0.038676
v 0.978996 0.200026 0.039452
v 0.991904 0.120537 0.039972
v 0.998379 0.040266 0.040233
v 0.998379 -0.040266 0.040233
v 0.991904 -0.120537 0.039972
v 0.978996 -0.200026 0.039452
v 0.959740 -0.278217 0.038676
v 0.934258 -0.354605 0.037649
v 0.902718 -0.428693 0.036378
v 0.865323 -0.500000 0.034871
v 0.822317 -0.568065 0.033138
v 0.773977 -0.632445 0.031190
v 0.720618 -0.692724 0.029040
v 0.662585 -0.748511 0.026701
v 0.600255 -0.799443 0.024189
v 0.534033 -0.845190 0.021521
v 0.464347 -0.885456 0.018713
v 0.391649 -0.919979 0.015783
v 0.316411 -0.948536 0.012751
v 0.239122 -0.970942 0.009636
v 0.160281 -0.987050 0.006459
v 0.080401 -0.996757 0.003240
v 0.079880 0.996757 0.009699
v 0.159242 0.987050 0.019335
v 0.237571 0.970942 0.028846
v 0.314359 0.948536 0.038170
v 0.389109 0.919979 0.047246
v 0.461335 0.885456 0.056016
v 0.530569 0.845190 0.064423
v 0.596362 0.799443 0.072411
v 0.658288 0.748511 0.079931
v 0.715944 0.692724 0.086931
v 0.768957 0.632445 0.093368
v 0.816984 0.568065 0.099200
v 0.859711 0.500000 0.104388
v 0.896864 0.428693 0.108899
v 0.928199 0.354605 0.112704
v 0.953515 0.278217 0.115778
v 0.972647 0.200026 0.118101
v 0.985471 0.120537 0.119658
v 0.991904 0.040266 0.120439
v 0.991904 -0.040266 0.120439
v 0.985471 -0.120537 0.119658
v 0.972647 -0.200026 0.118101
v 0.953515 -0.278217 0.115778
v 0.928199 -0.354605 0.112704
v 0.896864 -0.428693 0.108899
v 0.859711 -0.500000 0.104388
v 0.816984 -0.568065 0.099200
v 0.768957 -0.632445 0.093368
v 0.715944 -0.692724 0.086931
v 0.658288 -0.748511 0.079931
v 0.596362 -0.799443 0.072411
v 0.530569 -0.845190 0.064423
v 0.461335 -0.885456 0.056016
v 0.389109 -0.919979 0.047246
v 0.314359 -0.948536 0.038170
v 0.237571 -0.970942 0.028846
v 0.159242 -0.987050 0.019335
v 0.079880 -0.996757 0.009699
v 0.078840 0.996757 0.016095
v 0.157170 0.987050 0.032086
v 0.234479 0.970942 0.047869
v 0.310269 0.948536 0.063342
v 0.384045 0.919979 0.078403
v 0.455332 0.885456 0.092957
v 0.523665 0.845190 0.106907
v 0.588602 0.799443 0.120164
v 0.649721 0.748511 0.132642
v 0.706628 0.692724 0.144259
v 0.758951 0.632445 0.154941
v 0.806352 0.568065 0.164618
v 0.848524 0.500000 0.173227
v 0.885193 0.428693 0.180713
v 0.916121 0.354605 0.187027
v 0.941107 0.278217 0.192128
v 0.959990 0.200026 0.195983
v 0.972647 0.120537 0.198567
v 0.978996 0.040266 0.199863
v 0.978996 -0.040266 0.199863
v 0.972647 -0.120537 0.198567
v 0.959990 -0.200026 0.195983
v 0.941107 -0.278217 0.192128
v 0.916121 -0.354605 0.187027
v 0.885193 -0.428693 0.180713
v 0.848524 -0.500000 0.173227
v 0.806352 -0.568065 0.164618
v 0.758951 -0.632445 0.154941
v 0.706628 -0.692724 0.144259
v 0.649721 -0.748511 0.132642
v 0.588602 -0.799443 0.120164
v 0.523665 -0.845190 0.106907
v 0.455332 -0.885456 0.092957
v 0.384045 -0.919979 0.078403
v 0.310269 -0.948536 0.063342
v 0.234479 -0.970942 0.047869
v 0.157170 -0.987050 0.032086
v 0.078840 -0.996757 0.016095
v 0.077290 0.996757 0.022387
v 0.154078 0.987050 0.044629
v 0.229867 0.970942 0.066582
v 0.304166 0.948536 0.088103
v 0.376491 0.919979 0.109052
v 0.446375 0.885456 0.129294
v 0.513364 0.845190 0.148698
v 0.577024 0.799443 0.167137
v 0.636941 0.748511 0.184492
v 0.692728 0.692724 0.200651
v 0.744022 0.632445 0.215509
v 0.790491 0.568065 0.228969
v 0.831833 0.500000 0.240944
v 0.867781 0.428693 0.251356
v 0.898100 0.354605 0.260138
v 0.922596 0.278217 0.267233
v 0.941107 0.200026 0.272595
v 0.953515 0.120537 0.276189
v 0.959740 0.040266 0.277992
v 0.959740 -0.040266 0.277992
v 0.953515 -0.120537 0.276189
v 0.941107 -0.200026 0.272595
v 0.922596 -0.278217 0.267233
v 0.898100 -0.354605 0.260138
v 0.867781 -0.428693 0.251356
v 0.831833 -0.500000 0.240944
v 0.790491 -0.568065 0.228969
v 0.744022 -0.632445 0.215509
v 0.692728 -0.692724 0.200651
v 0.636941 -0.748511 0.184492
v 0.577024 -0.799443 0.167137
v 0.513364 -0.845190 0.148698
v 0.446375 -0.885456 0.129294
v 0.376491 -0.919979 0.109052
v 0.304166 -0.948536 0.088103
v 0.229867 -0.970942 0.066582
v 0.154078 -0.987050 0.044629
v 0.077290 -0.996757 0.022387
v 0.075238 0.996757 0.028534
v 0.149987 0.987050 0.056883
v 0.223764 0.970942 0.084863
v 0.296090 0.948536 0.112292
v 0.366495 0.919979 0.138993
v 0.434524 0.885456 0.164793
v 0.499734 0.845190 0.189524
v 0.561704 0.799443 0.213026
v 0.620030 0.748511 0.235147
v 0.674336 0.692724 0.255742
v 0.724268 0.632445 0.274679
v 0.769504 0.568065 0.291834
v 0.809748 0.500000 0.307097
v 0.844741 0.428693 0.320368
v 0.874256 0.354605 0.331562
v 0.898101 0.278217 0.340605
v 0.916121 0.200026 0.347439
v 0.928199 0.120537 0.352020
v 0.934258 0.040266 0.354317
v 0.934258 -0.040266 0.354317
v 0.928199 -0.120537 0.352020
v 0.916121 -0.200026 0.347439
v 0.898101 -0.278217 0.340605
v 0.874256 -0.354605 0.331562
v 0.844741 -0.428693 0.320368
v 0.809748 -0.500000 0.307097
v 0.769504 -0.568065 0.291834
v 0.724268 -0.632445 0.274679
v 0.674336 -0.692724 0.255742
v 0.620030 -0.748511 0.235147
v 0.561704 -0.799443 0.213026
v 0.499734 -0.845190 0.189524
v 0.434524 -0.885456 0.164793
v 0.366495 -0.919979 0.138993
v 0.296090 -0.948536 0.112292
v 0.223764 -0.970942 0.084863
v 0.149987 -0.987050 0.056883
v 0.075238 -0.996757 0.028534
v 0.072698 0.996757 0.034495
v 0.144924 0.987050 0.068767
v 0.216210 0.970942 0.102593
v 0.286094 0.948536 0.135753
v 0.354123 0.919979 0.168033
v 0.419855 0.885456 0.199223
v 0.482864 0.845190 0.229122
v 0.542741 0.799443 0.257534
v 0.599098 0.748511 0.284276
v 0.651571 0.692724 0.309174
v 0.699817 0.632445 0.332067
v 0.743526 0.568065 0.352807
v 0.782411 0.500000 0.371259
v 0.816223 0.428693 0.387303
v 0.844741 0.354605 0.400835
v 0.867781 0.278217 0.411767
v 0.885193 0.200026 0.420029
v 0.896864 0.120537 0.425567
v 0.902718 0.040266 0.428345
v 0.902718 -0.040266 0.428345
v 0.896864 -0.120537 0.425567
v 0.885193 -0.200026 0.420029
v 0.867781 -0.278217 0.411767
v 0.844741 -0.354605 0.400835
v 0.816223 -0.428693 0.387303
v 0.782411 -0.500000 0.371259
v 0.743526 -0.568065 0.352807
v 0.699817 -0.632445 0.332067
v 0.651571 -0.692724 0.309174
v 0.599098 -0.748511 0.284276
v 0.542741 -0.799443 0.257534
v 0.482864 -0.845190 0.229122
v 0.419855 -0.885456 0.199223
v 0.354123 -0.919979 0.168033
v 0.286094 -0.948536 0.135753
v 0.216210 -0.970942 0.102593
v 0.144924 -0.987050 0.068767
v 0.072698 -0.996757 0.034495
v 0.069686 0.996757 0.040233
v 0.138920 0.987050 0.080206
v 0.207254 0.970942 0.119658
v 0.274243 0.948536 0.158334
v 0.339453 0.919979 0.195983
v 0.402462 0.885456 0.232362
v 0.462861 0.845190 0.267233
v 0.520258 0.799443 0.300371
v 0.574281 0.748511 0.331561
v 0.624580 0.692724 0.360601
v 0.670828 0.632445 0.387303
v 0.712725 0.568065 0.411492
v 0.750000 0.500000 0.433013
v 0.782411 0.428693 0.451725
v 0.809748 0.354605 0.467508
v 0.831834 0.278217 0.480259
v 0.848524 0.200026 0.489896
v 0.859711 0.120537 0.496355
v 0.865324 0.040266 0.499595
v 0.865324 -0.040266 0.499595
v 0.859711 -0.120537 0.496355
v 0.848524 -0.200026 0.489896
v 0.831834 -0.278217 0.480259
v 0.809748 -0.354605 0.467508
v 0.782411 -0.428693 0.451725
v 0.750000 -0.500000 0.433013
v 0.712725 -0.568065 0.411492
v 0.670828 -0.632445 0.387303
v 0.624580 -0.692724 0.360601
v 0.574281 -0.748511 0.331561
v 0.520258 -0.799443 0.300371
v 0.462861 -0.845190 0.267233
v 0.402462 -0.885456 0.232362
v 0.339453 -0.919979 0.195983
v 0.274243 -0.948536 0.158334
v 0.207254 -0.970942 0.119658
v 0.138920 -0.987050 0.080206
v 0.069686 -0.996757 0.040233
v 0.066223 0.996757 0.045710
v 0.132016 0.987050 0.091124
v 0.196953 0.970942 0.135947
v 0.260613 0.948536 0.179888
v 0.322582 0.919979 0.222663
v 0.382460 0.885456 0.263993
v 0.439857 0.845190 0.303611
v 0.494401 0.799443 0.341261
v 0.545739 0.748511 0.376697
v 0.593538 0.692724 0.409690
v 0.637488 0.632445 0.440026
v 0.677303 0.568065 0.467508
v 0.712725 0.500000 0.491959
v 0.743526 0.428693 0.513219
v 0.769504 0.354605 0.531150
v 0.790491 0.278217 0.545637
v 0.806352 0.200026 0.556585
v 0.816984 0.120537 0.563923
v 0.822317 0.040266 0.567604
v 0.822317 -0.040266 0.567604
v 0.816984 -0.120537 0.563923
v 0.806352 -0.200026 0.556585
v 0.790491 -0.278217 0.545637
v 0.769504 -0.354605 0.531150
v 0.743526 -0.428693 0.513219
v 0.712725 -0.500000 0.491959
v 0.677303 -0.568065 0.467508
v 0.637488 -0.632445 0.440026
v 0.593538 -0.692724 0.409690
v 0.545739 -0.748511 0.376697
v 0.494401 -0.799443 0.341261
v 0.439857 -0.845190 0.303611
v 0.382460 -0.885456 0.263993
v 0.322582 -0.919979 0.222663
v 0.260613 -0.948536 0.179888
v 0.196953 -0.970942 0.135947
v 0.132016 -0.987050 0.091124
v 0.066223 -0.996757 0.045710
v 0.062330 0.996757 0.050891
v 0.124256 0.987050 0.101451
v 0.185375 0.970942 0.151354
v 0.245293 0.948536 0.200275
v 0.303620 0.919979 0.247898
v 0.359977 0.885456 0.293912
v 0.414000 0.845190 0.338021
v 0.465338 0.799443 0.379937
v 0.513658 0.748511 0.419389
v 0.558647 0.692724 0.456121
v 0.600013 0.632445 0.489895
v 0.637488 0.568065 0.520493
v 0.670828 0.500000 0.547714
v 0.699818 0.428693 0.571383
v 0.724269 0.354605 0.591347
v 0.744023 0.278217 0.607476
v 0.758951 0.200026 0.619664
v 0.768958 0.120537 0.627834
v 0.773977 0.040266 0.631933
v 0.773977 -0.040266 0.631933
v 0.768958 -0.120537 0.627834
v 0.758951 -0.200026 0.619664
v 0.744023 -0.278217 0.607476
v 0.724269 -0.354605 0.591347
v 0.699818 -0.428693 0.571383
v 0.670828 -0.500000 0.547714
v 0.637488 -0.568065 0.520493
v 0.600013 -0.632445 0.489895
v 0.558647 -0.692724 0.456121
v 0.513658 -0.748511 0.419389
v 0.465338 -0.799443 0.379937
v 0.414000 -0.845190 0.338021
v 0.359977 -0.885456 0.293912
v 0.303620 -0.919979 0.247898
v 0.245293 -0.948536 0.200275
v 0.185375 -0.970942 0.151354
v 0.124256 -0.987050 0.101451
v 0.062330 -0.996757 0.050891
v 0.058033 0.996757 0.055741
v 0.115689 0.987050 0.111121
v 0.172595 0.970942 0.165780
v 0.228382 0.948536 0.219364
v 0.282687 0.919979 0.271525
v 0.335160 0.885456 0.321925
v 0.385458 0.845190 0.370238
v 0.433257 0.799443 0.416149
v 0.478246 0.748511 0.459361
v 0.520133 0.692724 0.499595
v 0.558647 0.632445 0.536588
v 0.593538 0.568065 0.570101
v 0.624580 0.500000 0.599917
v 0.651571 0.428693 0.625842
v 0.674336 0.354605 0.647709
v 0.692729 0.278217 0.665375
v 0.706628 0.200026 0.678725
v 0.715944 0.120537 0.687674
v 0.720618 0.040266 0.692163
v 0.720618 -0.040266 0.692163
v 0.715944 -0.120537 0.687674
v 0.706628 -0.200026 0.678725
v 0.692729 -0.278217 0.665375
v 0.674336 -0.354605 0.647709
v 0.651571 -0.428693 0.625842
v 0.624580 -0.500000 0.599917
v 0.593538 -0.568065 0.570101
v 0.558647 -0.632445 0.536588
v 0.520133 -0.692724 0.499595
v 0.478246 -0.748511 0.459361
v 0.433257 -0.799443 0.416149
v 0.385458 -0.845190 0.370238
v 0.335160 -0.885456 0.321925
v 0.282687 -0.919979 0.271525
v 0.228382 -0.948536 0.219364
v 0.172595 -0.970942 0.165780
v 0.115689 -0.987050 0.111121
v 0.058033 -0.996757 0.055741
v 0.053359 0.996757 0.060230
v 0.106372 0.987050 0.120070
v 0.158696 0.970942 0.179130
v 0.209990 0.948536 0.237030
v 0.259922 0.919979 0.293391
v 0.308169 0.885456 0.347851
v 0.354417 0.845190 0.400054
v 0.398366 0.799443 0.449662
v 0.439732 0.748511 0.496354
v 0.478246 0.692724 0.539828
v 0.513658 0.632445 0.579800
v 0.545740 0.568065 0.616013
v 0.574281 0.500000 0.648230
v 0.599099 0.428693 0.676243
v 0.620031 0.354605 0.699870
v 0.636942 0.278217 0.718959
v 0.649722 0.200026 0.733384
v 0.658288 0.120537 0.743054
v 0.662585 0.040266 0.747904
v 0.662585 -0.040266 0.747904
v 0.658288 -0.120537 0.743054
v 0.649722 -0.200026 0.733384
v 0.636942 -0.278217 0.718959
v 0.620031 -0.354605 0.699870
v 0.599099 -0.428693 0.676243
v 0.574281 -0.500000 0.648230
v 0.545740 -0.568065 0.616013
v 0.513658 -0.632445 0.579800
v 0.478246 -0.692724 0.539828
v 0.439732 -0.748511 0.496354
v 0.398366 -0.799443 0.449662
v 0.354417 -0.845190 0.400054
v 0.308169 -0.885456 0.347851
v 0.259922 -0.919979 0.293391
v 0.209990 -0.948536 0.237030
v 0.158696 -0.970942 0.179130
v 0.106372 -0.987050 0.120070
v 0.053359 -0.996757 0.060230
v 0.048340 0.996757 0.064328
v 0.096366 0.987050 0.128240
v 0.143767 0.970942 0.191319
v 0.190236 0.948536 0.253158
v 0.235471 0.919979 0.313355
v 0.279179 0.885456 0.371520
v 0.321076 0.845190 0.427275
v 0.360891 0.799443 0.480259
v 0.398366 0.748511 0.530129
v 0.433257 0.692724 0.576560
v 0.465338 0.632445 0.619253
v 0.494401 0.568065 0.657929
v 0.520258 0.500000 0.692338
v 0.542741 0.428693 0.722257
v 0.561704 0.354605 0.747493
v 0.577024 0.278217 0.767880
v 0.588602 0.200026 0.783287
v 0.596362 0.120537 0.793614
v 0.600255 0.040266 0.798795
v 0.600255 -0.040266 0.798795
v 0.596362 -0.120537 0.793614
v 0.588602 -0.200026 0.783287
v 0.577024 -0.278217 0.767880
v 0.561704 -0.354605 0.747493
v 0.542741 -0.428693 0.722257
v 0.520258 -0.500000 0.692338
v 0.494401 -0.568065 0.657929
v 0.465338 -0.632445 0.619253
v 0.433257 -0.692724 0.576560
v 0.398366 -0.748511 0.530129
v 0.360891 -0.799443 0.480259
v 0.321076 -0.845190 0.427275
v 0.279179 -0.885456 0.371520
v 0.235471 -0.919979 0.313355
v 0.190236 -0.948536 0.253158
v 0.143767 -0.970942 0.191319
v 0.096366 -0.987050 0.128240
v 0.048340 -0.996757 0.064328
v 0.043007 0.996757 0.068010
v 0.085734 0.987050 0.135578
v 0.127906 0.970942 0.202267
v 0.169248 0.948536 0.267645
v 0.209493 0.919979 0.331286
v 0.248379 0.885456 0.392780
v 0.285654 0.845190 0.451725
v 0.321076 0.799443 0.507742
v 0.354416 0.748511 0.560465
v 0.385458 0.692724 0.609554
v 0.414000 0.632445 0.654689
v 0.439857 0.568065 0.695578
v 0.462861 0.500000 0.731957
v 0.482864 0.428693 0.763588
v 0.499735 0.354605 0.790267
v 0.513364 0.278217 0.811821
v 0.523665 0.200026 0.828110
v 0.530569 0.120537 0.839028
v 0.534033 0.040266 0.844505
v 0.534033 -0.040266 0.844505
v 0.530569 -0.120537 0.839028
v 0.523665 -0.200026 0.828110
v 0.513364 -0.278217 0.811821
v 0.499735 -0.354605 0.790267
v 0.482864 -0.428693 0.763588
v 0.462861 -0.500000 0.731957
v 0.439857 -0.568065 0.695578
v 0.414000 -0.632445 0.654689
v 0.385458 -0.692724 0.609554
v 0.354416 -0.748511 0.560465
v 0.321076 -0.799443 0.507742
v 0.285654 -0.845190 0.451725
v 0.248379 -0.885456 0.392780
v 0.209493 -0.919979 0.331286
v 0.169248 -0.948536 0.267645
v 0.127906 -0.970942 0.202267
v 0.085734 -0.987050 0.135578
v 0.043007 -0.996757 0.068010
v 0.037395 0.996757 0.071250
v 0.074547 0.987050 0.142037
v 0.111216 0.970942 0.211904
v 0.147163 0.948536 0.280396
v 0.182156 0.919979 0.347069
v 0.215968 0.885456 0.411492
v 0.248379 0.845190 0.473246
v 0.279179 0.799443 0.531931
v 0.308168 0.748511 0.587166
v 0.335160 0.692724 0.638593
v 0.359977 0.632445 0.685879
v 0.382460 0.568065 0.728717
v 0.402462 0.500000 0.766828
v 0.419855 0.428693 0.799966
v 0.434524 0.354605 0.827916
v 0.446375 0.278217 0.850497
v 0.455332 0.200026 0.867562
v 0.461335 0.120537 0.879000
v 0.464347 0.040266 0.884738
v 0.464347 -0.040266 0.884738
v 0.461335 -0.120537 0.879000
v 0.455332 -0.200026 0.867562
v 0.446375 -0.278217 0.850497
v 0.434524 -0.354605 0.827916
v 0.419855 -0.428693 0.799966
v 0.402462 -0.500000 0.766828
v 0.382460 -0.568065 0.728717
v 0.359977 -0.632445 0.685879
v 0.335160 -0.692724 0.638593
v 0.308168 -0.748511 0.587166
v 0.279179 -0.799443 0.531931
v 0.248379 -0.845190 0.473246
v 0.215968 -0.885456 0.411492
v 0.182156 -0.919979 0.347069
v 0.147163 -0.948536 0.280396
v 0.111216 -0.970942 0.211904
v 0.074547 -0.987050 0.142037
v 0.037395 -0.996757 0.071250
v 0.031540 0.996757 0.074028
v 0.062876 0.987050 0.147575
v 0.093804 0.970942 0.220166
v 0.124123 0.948536 0.291328
v 0.153638 0.919979 0.360601
v 0.182156 0.885456 0.427536
v 0.209493 0.845190 0.491698
v 0.235471 0.799443 0.552671
v 0.259922 0.748511 0.610059
v 0.282688 0.692724 0.663492
v 0.303619 0.632445 0.712621
v 0.322582 0.568065 0.757129
v 0.339453 0.500000 0.796726
v 0.354123 0.428693 0.831156
v 0.366495 0.354605 0.860196
v 0.376491 0.278217 0.883658
v 0.384045 0.200026 0.901388
v 0.389109 0.120537 0.913272
v 0.391649 0.040266 0.919234
v 0.391649 -0.040266 0.919234
v 0.389109 -0.120537 0.913272
v 0.384045 -0.200026 0.901388
v 0.376491 -0.278217 0.883658
v 0.366495 -0.354605 0.860196
v 0.354123 -0.428693 0.831156
v 0.339453 -0.500000 0.796726
v 0.322582 -0.568065 0.757129
v 0.303619 -0.632445 0.712621
v 0.282688 -0.692724 0.663492
v 0.259922 -0.748511 0.610059
v 0.235471 -0.799443 0.552671
v 0.209493 -0.845190 0.491698
v 0.182156 -0.885456 0.427536
v 0.153638 -0.919979 0.360601
v 0.124123 -0.948536 0.291328
v 0.093804 -0.970942 0.220166
v 0.062876 -0.987050 0.147575
v 0.031540 -0.996757 0.074028
v 0.025481 0.996757 0.076326
v 0.050797 0.987050 0.152156
v 0.075784 0.970942 0.227000
v 0.100279 0.948536 0.300371
v 0.124123 0.919979 0.371795
v 0.147163 0.885456 0.440807
v 0.169248 0.845190 0.506961
v 0.190236 0.799443 0.569826
v 0.209990 0.748511 0.628996
v 0.228382 0.692724 0.684087
v 0.245293 0.632445 0.734741
v 0.260613 0.568065 0.780631
v 0.274243 0.500000 0.821457
v 0.286094 0.428693 0.856956
v 0.296090 0.354605 0.886898
v 0.304166 0.278217 0.911087
v 0.310269 0.200026 0.929368
v 0.314359 0.120537 0.941621
v 0.316411 0.040266 0.947768
v 0.316411 -0.040266 0.947768
v 0.314359 -0.120537 0.941621
v 0.310269 -0.200026 0.929368
v 0.304166 -0.278217 0.911087
v 0.296090 -0.354605 0.886898
v 0.286094 -0.428693 0.856956
v 0.274243 -0.500000 0.821457
v 0.260613 -0.568065 0.780631
v 0.245293 -0.632445 0.734741
v 0.228382 -0.692724 0.684087
v 0.209990 -0.748511 0.628996
v 0.190236 -0.799443 0.569826
v 0.169248 -0.845190 0.506961
v 0.147163 -0.885456 0.440807
v 0.124123 -0.919979 0.371795
v 0.100279 -0.948536 0.300371
v 0.075784 -0.970942 0.227000
v 0.050797 -0.987050 0.152156
v 0.025481 -0.996757 0.076326
v 0.019257 0.996757 0.078128
v 0.038389 0.987050 0.155750
v 0.057272 0.970942 0.232362
v 0.075784 0.948536 0.307467
v 0.093804 0.919979 0.380577
v 0.111216 0.885456 0.451220
v 0.127906 0.845190 0.518936
v 0.143767 0.799443 0.583286
v 0.158696 0.748511 0.643854
v 0.172595 0.692724 0.700246
v 0.185375 0.632445 0.752097
v 0.196953 0.568065 0.799070
v 0.207254 0.500000 0.840861
v 0.216210 0.428693 0.877198
v 0.223764 0.354605 0.907847
v 0.229867 0.278217 0.932608
v 0.234479 0.200026 0.951320
v 0.237571 0.120537 0.963863
v 0.239122 0.040266 0.970155
v 0.239122 -0.040266 0.970155
v 0.237571 -0.120537 0.963863
v 0.234479 -0.200026 0.951320
v 0.229867 -0.278217 0.932608
v 0.223764 -0.354605 0.907847
v 0.216210 -0.428693 0.877198
v 0.207254 -0.500000 0.840861
v 0.196953 -0.568065 0.799070
v 0.185375 -0.632445 0.752097
v 0.172595 -0.692724 0.700246
v 0.158696 -0.748511 0.643854
v 0.143767 -0.799443 0.583286
v 0.127906 -0.845190 0.518936
v 0.111216 -0.885456 0.451220
v 0.093804 -0.919979 0.380577
v 0.075784 -0.948536 0.307467
v 0.057272 -0.970942 0.232362
v 0.038389 -0.987050 0.155750
v 0.019257 -0.996757 0.078128
v 0.012908 0.996757 0.079425
v 0.025732 0.987050 0.158334
v 0.038389 0.970942 0.236217
v 0.050797 0.948536 0.312568
v 0.062876 0.919979 0.386891
v 0.074547 0.885456 0.458706
v 0.085734 0.845190 0.527545
v 0.096366 0.799443 0.592963
v 0.106372 0.748511 0.654535
v 0.115689 0.692724 0.711864
v 0.124255 0.632445 0.764574
v 0.132016 0.568065 0.812327
v 0.138920 0.500000 0.854811
v 0.144924 0.428693 0.891751
v 0.149987 0.354605 0.922909
v 0.154078 0.278217 0.948080
v 0.157170 0.200026 0.967103
v 0.159242 0.120537 0.979854
v 0.160281 0.040266 0.986251
v 0.160281 -0.040266 0.986251
v 0.159242 -0.120537 0.979854
v 0.157170 -0.200026 0.967103
v 0.154078 -0.278217 0.948080
v 0.149987 -0.354605 0.922909
v 0.144924 -0.428693 0.891751
v 0.138920 -0.500000 0.854811
v 0.132016 -0.568065 0.812327
v 0.124255 -0.632445 0.764574
v 0.115689 -0.692724 0.711864
v 0.106372 -0.748511 0.654535
v 0.096366 -0.799443 0.592963
v 0.085734 -0.845190 0.527545
v 0.074547 -0.885456 0.458706
v 0.062876 -0.919979 0.386891
v 0.050797 -0.948536 0.312568
v 0.038389 -0.970942 0.236217
v 0.025732 -0.987050 0.158334
v 0.012908 -0.996757 0.079425
v 0.006475 0.996757 0.080206
v 0.012908 0.987050 0.159891
v 0.019257 0.970942 0.238540
v 0.025481 0.948536 0.315641
v 0.031540 0.919979 0.390696
v 0.037395 0.885456 0.463217
v 0.043007 0.845190 0.532733
v 0.048340 0.799443 0.598795
v 0.053359 0.748511 0.660972
v 0.058033 0.692724 0.718864
v 0.062330 0.632445 0.772094
v 0.066223 0.568065 0.820316
v 0.069686 0.500000 0.863218
v 0.072698 0.428693 0.900521
v 0.075238 0.354605 0.931985
v 0.077290 0.278217 0.957404
v 0.078840 0.200026 0.976614
v 0.079880 0.120537 0.989490
v 0.080401 0.040266 0.995950
v 0.080401 -0.040266 0.995950
v 0.079880 -0.120537 0.989490
v 0.078840 -0.200026 0.976614
v 0.077290 -0.278217 0.957404
v 0.075238 -0.354605 0.931985
v 0.072698 -0.428693 0.900521
v 0.069686 -0.500000 0.863218
v 0.066223 -0.568065 0.820316
v 0.062330 -0.632445 0.772094
v 0.058033 -0.692724 0.718864
v 0.053359 -0.748511 0.660972
v 0.048340 -0.799443 0.598795
v 0.043007 -0.845190 0.532733
v 0.037395 -0.885456 0.463217
v 0.031540 -0.919979 0.390696
v 0.025481 -0.948536 0.315641
v 0.019257 -0.970942 0.238540
v 0.012908 -0.987050 0.159891
v 0.006475 -0.996757 0.080206
v 0.000000 0.996757 0.080467
v 0.000000 0.987050 0.160411
v 0.000000 0.970942 0.239316
v 0.000000 0.948536 0.316668
v 0.000000 0.919979 0.391967
v 0.000000 0.885456 0.464724
v -0.000000 0.845190 0.534466
v 0.000000 0.799443 0.600743
v -0.000000 0.748511 0.663123
v 0.000000 0.692724 0.721203
v 0.000000 0.632445 0.774605
v -0.000000 0.568065 0.822985
v 0.000000 0.500000 0.866026
v 0.000000 0.428693 0.903451
v -0.000000 0.354605 0.935017
v -0.000000 0.278217 0.960519
v 0.000000 0.200026 0.979791
v 0.000000 0.120537 0.992710
v 0.000000 0.040266 0.999190
v 0.000000 -0.040266 0.999190
v 0.000000 -0.120537 0.992710
v 0.000000 -0.200026 0.979791
v -0.000000 -0.278217 0.960519
v -0.000000 -0.354605 0.935017
v 0.000000 -0.428693 0.903451
v 0.000000 -0.500000 0.866026
v -0.000000 -0.568065 0.822985
v 0.000000 -0.632445 0.774605
v 0.000000 -0.692724 0.721203
v -0.000000 -0.748511 0.663123
v 0.000000 -0.799443 0.600743
v -0.000000 -0.845190 0.534466
v 0.000000 -0.885456 0.464724
v 0.000000 -0.919979 0.391967
v 0.000000 -0.948536 0.316668
v 0.000000 -0.970942 0.239316
v 0.000000 -0.987050 0.160411
v 0.000000 -0.996757 0.080467
v -0.006475 0.996757 0.080206
v -0.012908 0.987050 0.159891
v -0.019257 0.970942 0.238540
v -0.025481 0.948536 0.315642
v -0.031540 0.919979 0.390696
v -0.037395 0.885456 0.463217
v -0.043007 0.845190 0.532733
v -0.048340 0.799443 0.598795
v -0.053359 0.748511 0.660972
v -0.058033 0.692724 0.718864
v -0.062330 0.632445 0.772094
v -0.066223 0.568065 0.820316
v -0.069686 0.500000 0.863218
v -0.072697 0.428693 0.900521
v -0.075238 0.354605 0.931985
v -0.077290 0.278217 0.957404
v -0.078840 0.200026 0.976614
v -0.079880 0.120537 0.989491
v -0.080401 0.040266 0.995950
v -0.080401 -0.040266 0.995950
v -0.079880 -0.120537 0.989491
v -0.078840 -0.200026 0.976614
v -0.077290 -0.278217 0.957404
v -0.075238 -0.354605 0.931985
v -0.072697 -0.428693 0.900521
v -0.069686 -0.500000 0.863218
v -0.066223 -0.568065 0.820316
v -0.062330 -0.632445 0.772094
v -0.058033 -0.692724 0.718864
v -0.053359 -0.748511 0.660972
v -0.048340 -0.799443 0.598795
v -0.043007 -0.845190 0.532733
v -0.037395 -0.885456 0.463217
v -0.031540 -0.919979 0.390696
v -0.025481 -0.948536 0.315642
v -0.019257 -0.970942 0.238540
v -0.012908 -0.987050 0.159891
v -0.006475 -0.996757 0.080206
v -0.012908 0.996757 0.079425
v -0.025732 0.987050 0.158334
v -0.038389 0.970942 0.236217
v -0.050797 0.948536 0.312568
v -0.062876 0.919979 0.386891
v -0.074547 0.885456 0.458706
v -0.085734 0.845190 0.527545
v -0.096366 0.799443 0.592963
v -0.106372 0.748511 0.654535
v -0.115689 0.692724 0.711864
v -0.124255 0.632445 0.764575
v -0.132016 0.568065 0.812327
v -0.138920 0.500000 0.854811
v -0.144924 0.428693 0.891752
v -0.149987 0.354605 0.922909
v -0.154078 0.278217 0.948080
v -0.157170 0.200026 0.967103
v -0.159242 0.120537 0.979854
v -0.160281 0.040266 0.986251
v -0.160281 -0.040266 0.986251
v -0.159242 -0.120537 0.979854
v -0.157170 -0.200026 0.967103
v -0.154078 -0.278217 0.948080
v -0.149987 -0.354605 0.922909
v -0.144924 -0.428693 0.891752
v -0.138920 -0.500000 0.854811
v -0.132016 -0.568065 0.812327
v -0.124255 -0.632445 0.764575
v -0.115689 -0.692724 0.711864
v -0.106372 -0.748511 0.654535
v -0.096366 -0.799443 0.592963
v -0.085734 -0.845190 0.527545
v -0.074547 -0.885456 0.458706
v -0.062876 -0.919979 0.386891
v -0.050797 -0.948536 0.312568
v -0.038389 -0.970942 0.236217
v -0.025732 -0.987050 0.158334
v -0.012908 -0.996757 0.079425
v -0.019257 0.996757 0.078128
v -0.038389 0.987050 0.155750
v -0.057272 0.970942 0.232362
v -0.075784 0.948536 0.307467
v -0.093804 0.919979 0.380577
v -0.111216 0.885456 0.451220
v -0.127906 0.845190 0.518936
v -0.143767 0.799443 0.583286
v -0.158696 0.748511 0.643854
v -0.172595 0.692724 0.700246
v -0.185375 0.632445 0.752097
v -0.196953 0.568065 0.799070
v -0.207254 0.500000 0.840861
v -0.216210 0.428693 0.877198
v -0.223764 0.354605 0.907847
v -0.229867 0.278217 0.932608
v -0.234479 0.200026 0.951320
v -0.237571 0.120537 0.963863
v -0.239122 0.040266 0.970155
v -0.239122 -0.040266 0.970155
v -0.237571 -0.120537 0.963863
v -0.234479 -0.200026 0.951320
v -0.229867 -0.278217 0.932608
v -0.223764 -0.354605 0.907847
v -0.216210 -0.428693 0.877198
v -0.207254 -0.500000 0.840861
v -0.196953 -0.568065 0.799070
v -0.185375 -0.632445 0.752097
v -0.172595 -0.692724 0.700246
v -0.158696 -0.748511 0.643854
v -0.143767 -0.799443 0.583286
v -0.127906 -0.845190 0.518936
v -0.111216 -0.885456 0.451220
v -0.093804 -0.919979 0.380577
v -0.075784 -0.948536 0.307467
v -0.057272 -0.970942 0.232362
v -0.038389 -0.987050 0.155750
v -0.019257 -0.996757 0.078128
v -0.025481 0.996757 0.076326
v -0.050797 0.987050 0.152156
v -0.075784 0.970942 0.227000
v -0.100279 0.948536 0.300372
v -0.124123 0.919979 0.371795
v -0.147163 0.885456 0.440807
v -0.169248 0.845190 0.506961
v -0.190236 0.799443 0.569826
v -0.209990 0.748511 0.628996
v -0.228382 0.692724 0.684088
v -0.245293 0.632445 0.734742
v -0.260613 0.568065 0.780631
v -0.274243 0.500000 0.821457
v -0.286094 0.428693 0.856956
v -0.296090 0.354605 0.886898
v -0.304166 0.278217 0.911087
v -0.310269 0.200026 0.929368
v -0.314359 0.120537 0.941621
v -0.316411 0.040266 0.947768
v -0.316411 -0.040266 0.947768
v -0.314359 -0.120537 0.941621
v -0.310269 -0.200026 0.929368
v -0.304166 -0.278217 0.911087
v -0.296090 -0.354605 0.886898
v -0.286094 -0.428693 0.856956
v -0.274243 -0.500000 0.821457
v -0.260613 -0.568065 0.780631
v -0.245293 -0.632445 0.734742
v -0.228382 -0.692724 0.684088
v -0.209990 -0.748511 0.628996
v -0.190236 -0.799443 0.569826
v -0.169248 -0.845190 0.506961
v -0.147163 -0.885456 0.440807
v -0.124123 -0.919979 0.371795
v -0.100279 -0.948536 0.300372
v -0.075784 -0.970942 0.227000
v -0.050797 -0.987050 0.152156
v -0.025481 -0.996757 0.076326
v -0.031540 0.996757 0.074028
v -0.062876 0.987050 0.147575
v -0.093804 0.970942 0.220166
v -0.124123 0.948536 0.291328
v -0.153638 0.919979 0.360602
v -0.182156 0.885456 0.427536
v -0.209493 0.845190 0.491698
v -0.235471 0.799443 0.552671
v -0.259922 0.748511 0.610059
v -0.282687 0.692724 0.663492
v -0.303619 0.632445 0.712621
v -0.322583 0.568065 0.757129
v -0.339453 0.500000 0.796726
v -0.354123 0.428693 0.831156
v -0.366496 0.354605 0.860197
v -0.376491 0.278217 0.883658
v -0.384045 0.200026 0.901388
v -0.389109 0.120537 0.913273
v -0.391649 0.040266 0.919234
v -0.391649 -0.040266 0.919234
v -0.389109 -0.120537 0.913273
v -0.384045 -0.200026 0.901388
v -0.376491 -0.278217 0.883658
v -0.366496 -0.354605 0.860197
v -0.354123 -0.428693 0.831156
v -0.339453 -0.500000 0.796726
v -0.322583 -0.568065 0.757129
v -0.303619 -0.632445 0.712621
v -0.282687 -0.692724 0.663492
v -0.259922 -0.748511 0.610059
v -0.235471 -0.799443 0.552671
v -0.209493 -0.845190 0.491698
v -0.182156 -0.885456 0.427536
v -0.153638 -0.919979 0.360602
v -0.124123 -0.948536 0.291328
v -0.093804 -0.970942 0.220166
v -0.062876 -0.987050 0.147575
v -0.031540 -0.996757 0.074028
v -0.037395 0.996757 0.071250
v -0.074547 0.987050 0.142037
v -0.111216 0.970942 0.211904
v -0.147163 0.948536 0.280396
v -0.182156 0.919979 0.347070
v -0.215968 0.885456 0.411492
v -0.248379 0.845190 0.473246
v -0.279179 0.799443 0.531931
v -0.308169 0.748511 0.587166
v -0.335160 0.692724 0.638594
v -0.359977 0.632445 0.685879
v -0.382460 0.568065 0.728717
v -0.402462 0.500000 0.766828
v -0.419855 0.428693 0.799966
v -0.434524 0.354605 0.827917
v -0.446375 0.278217 0.850497
v -0.455332 0.200026 0.867562
v -0.461335 0.120537 0.879001
v -0.464347 0.040266 0.884739
v -0.464347 -0.040266 0.884739
v -0.461335 -0.120537 0.879001
v -0.455332 -0.200026 0.867562
v -0.446375 -0.278217 0.850497
v -0.434524 -0.354605 0.827917
v -0.419855 -0.428693 0.799966
v -0.402462 -0.500000 0.766828
v -0.382460 -0.568065 0.728717
v -0.359977 -0.632445 0.685879
v -0.335160 -0.692724 0.638594
v -0.308169 -0.748511 0.587166
v -0.279179 -0.799443 0.531931
v -0.248379 -0.845190 0.473246
v -0.215968 -0.885456 0.411492
v -0.182156 -0.919979 0.347070
v -0.147163 -0.948536 0.280396
v -0.111216 -0.970942 0.211904
v -0.074547 -0.987050 0.142037
v -0.037395 -0.996757 0.071250
v -0.043007 0.996757 0.068010
v -0.085734 0.987050 0.135578
v -0.127906 0.970942 0.202267
v -0.169248 0.948536 0.267645
v -0.209493 0.919979 0.331287
v -0.248379 0.885456 0.392780
v -0.285654 0.845190 0.451726
v -0.321076 0.799443 0.507742
v -0.354417 0.748511 0.560465
v -0.385458 0.692724 0.609554
v -0.414000 0.632445 0.654689
v -0.439857 0.568065 0.695578
v -0.462861 0.500000 0.731957
v -0.482864 0.428693 0.763588
v -0.499735 0.354605 0.790267
v -0.513365 0.278217 0.811821
v -0.523665 0.200026 0.828110
v -0.530569 0.120537 0.839028
v -0.534033 0.040266 0.844505
v -0.534033 -0.040266 0.844505
v -0.530569 -0.120537 0.839028
v -0.523665 -0.200026 0.828110
v -0.513365 -0.278217 0.811821
v -0.499735 -0.354605 0.790267
v -0.482864 -0.428693 0.763588
v -0.462861 -0.500000 0.731957
v -0.439857 -0.568065 0.695578
v -0.414000 -0.632445 0.654689
v -0.385458 -0.692724 0.609554
v -0.354417 -0.748511 0.560465
v -0.321076 -0.799443 0.507742
v -0.285654 -0.845190 0.451726
v -0.248379 -0.885456 0.392780
v -0.209493 -0.919979 0.331287
v -0.169248 -0.948536 0.267645
v -0.127906 -0.970942 0.202267
v -0.085734 -0.987050 0.135578
v -0.043007 -0.996757 0.068010
v -0.048340 0.996757 0.064328
v -0.096366 0.987050 0.128240
v -0.143767 0.970942 0.191319
v -0.190236 0.948536 0.253158
v -0.235471 0.919979 0.313355
v -0.279179 0.885456 0.371520
v -0.321077 0.845190 0.427275
v -0.360891 0.799443 0.480259
v -0.398366 0.748511 0.530129
v -0.433257 0.692724 0.576561
v -0.465338 0.632445 0.619253
v -0.494402 0.568065 0.657929
v -0.520259 0.500000 0.692338
v -0.542741 0.428693 0.722258
v -0.561704 0.354605 0.747493
v -0.577024 0.278217 0.767880
v -0.588602 0.200026 0.783287
v -0.596363 0.120537 0.793615
v -0.600256 0.040266 0.798795
v -0.600256 -0.040266 0.798795
v -0.596363 -0.120537 0.793615
v -0.588602 -0.200026 0.783287
v -0.577024 -0.278217 0.767880
v -0.561704 -0.354605 0.747493
v -0.542741 -0.428693 0.722258
v -0.520259 -0.500000 0.692338
v -0.494402 -0.568065 0.657929
v -0.465338 -0.632445 0.619253
v -0.433257 -0.692724 0.576561
v -0.398366 -0.748511 0.530129
v -0.360891 -0.799443 0.480259
v -0.321077 -0.845190 0.427275
v -0.279179 -0.885456 0.371520
v -0.235471 -0.919979 0.313355
v -0.190236 -0.948536 0.253158
v -0.143767 -0.970942 0.191319
v -0.096366 -0.987050 0.128240
v -0.048340 -0.996757 0.064328
v -0.053359 0.996757 0.060230
v -0.106372 0.987050 0.120070
v -0.158696 0.970942 0.179130
v -0.209990 0.948536 0.237030
v -0.259922 0.919979 0.293392
v -0.308169 0.885456 0.347851
v -0.354417 0.845190 0.400054
v -0.398366 0.799443 0.449662
v -0.439732 0.748511 0.496355
v -0.478246 0.692724 0.539828
v -0.513658 0.632445 0.579801
v -0.545740 0.568065 0.616013
v -0.574282 0.500000 0.648230
v -0.599099 0.428693 0.676243
v -0.620031 0.354605 0.699870
v -0.636942 0.278217 0.718959
v -0.649722 0.200026 0.733385
v -0.658288 0.120537 0.743054
v -0.662585 0.040266 0.747904
v -0.662585 -0.040266 0.747904
v -0.658288 -0.120537 0.743054
v -0.649722 -0.200026 0.733385
v -0.636942 -0.278217 0.718959
v -0.620031 -0.354605 0.699870
v -0.599099 -0.428693 0.676243
v -0.574282 -0.500000 0.648230
v -0.545740 -0.568065 0.616013
v -0.513658 -0.632445 0.579801
v -0.478246 -0.692724 0.539828
v -0.439732 -0.748511 0.496355
v -0.398366 -0.799443 0.449662
v -0.354417 -0.845190 0.400054
v -0.308169 -0.885456 0.347851
v -0.259922 -0.919979 0.293392
v -0.209990 -0.948536 0.237030
v -0.158696 -0.970942 0.179130
v -0.106372 -0.987050 0.120070
v -0.053359 -0.996757 0.060230
v -0.058033 0.996757 0.055741
v -0.115689 0.987050 0.111121
v -0.172595 0.970942 0.165780
v -0.228382 0.948536 0.219364
v -0.282688 0.919979 0.271525
v -0.335160 0.885456 0.321925
v -0.385458 0.845190 0.370238
v -0.433257 0.799443 0.416149
v -0.478246 0.748511 0.459361
v -0.520133 0.692724 0.499595
v -0.558647 0.632445 0.536588
v -0.593539 0.568065 0.570101
v -0.624580 0.500000 0.599917
v -0.651571 0.428693 0.625843
v -0.674337 0.354605 0.647709
v -0.692729 0.278217 0.665375
v -0.706628 0.200026 0.678726
v -0.715945 0.120537 0.687674
v -0.720618 0.040266 0.692163
v -0.720618 -0.040266 0.692163
v -0.715945 -0.120537 0.687674
v -0.706628 -0.200026 0.678726
v -0.692729 -0.278217 0.665375
v -0.674337 -0.354605 0.647709
v -0.651571 -0.428693 0.625843
v -0.624580 -0.500000 0.599917
v -0.593539 -0.568065 0.570101
v -0.558647 -0.632445 0.536588
v -0.520133 -0.692724 0.499595
v -0.478246 -0.748511 0.459361
v -0.433257 -0.799443 0.416149
v -0.385458 -0.845190 0.370238
v -0.335160 -0.885456 0.321925
v -0.282688 -0.919979 0.271525
v -0.228382 -0.948536 0.219364
v -0.172595 -0.970942 0.165780
v -0.115689 -0.987050 0.111121
v -0.058033 -0.996757 0.055741
v 0.000000 -1.000000 0.000000
v -0.062330 0.996757 0.050891
v -0.124256 0.987050 0.101452
v -0.185375 0.970942 0.151354
v -0.245293 0.948536 0.200276
v -0.303620 0.919979 0.247898
v -0.359977 0.885456 0.293912
v -0.414000 0.845190 0.338021
v -0.465338 0.799443 0.379937
v -0.513658 0.748511 0.419389
v -0.558648 0.692724 0.456122
v -0.600013 0.632445 0.489896
v -0.637488 0.568065 0.520493
v -0.670828 0.500000 0.547714
v -0.699818 0.428693 0.571384
v -0.724269 0.354605 0.591347
v -0.744023 0.278217 0.607476
v -0.758951 0.200026 0.619665
v -0.768958 0.120537 0.627835
v -0.773978 0.040266 0.631933
v -0.773978 -0.040266 0.631933
v -0.768958 -0.120537 0.627835
v -0.758951 -0.200026 0.619665
v -0.744023 -0.278217 0.607476
v -0.724269 -0.354605 0.591347
v -0.699818 -0.428693 0.571384
v -0.670828 -0.500000 0.547714
v -0.637488 -0.568065 0.520493
v -0.600013 -0.632445 0.489896
v -0.558648 -0.692724 0.456122
v -0.513658 -0.748511 0.419389
v -0.465338 -0.799443 0.379937
v -0.414000 -0.845190 0.338021
v -0.359977 -0.885456 0.293912
v -0.303620 -0.919979 0.247898
v -0.245293 -0.948536 0.200276
v -0.185375 -0.970942 0.151354
v -0.124256 -0.987050 0.101452
v -0.062330 -0.996757 0.050891
v -0.066223 0.996757 0.045710
v -0.132016 0.987050 0.091124
v -0.196953 0.970942 0.135947
v -0.260613 0.948536 0.179888
v -0.322582 0.919979 0.222663
v -0.382460 0.885456 0.263993
v -0.439857 0.845190 0.303611
v -0.494402 0.799443 0.341261
v -0.545739 0.748511 0.376697
v -0.593539 0.692724 0.409690
v -0.637488 0.632445 0.440026
v -0.677303 0.568065 0.467509
v -0.712726 0.500000 0.491959
v -0.743526 0.428693 0.513219
v -0.769504 0.354605 0.531150
v -0.790492 0.278217 0.545637
v -0.806353 0.200026 0.556585
v -0.816984 0.120537 0.563923
v -0.822317 0.040266 0.567605
v -0.822317 -0.040266 0.567605
v -0.816984 -0.120537 0.563923
v -0.806353 -0.200026 0.556585
v -0.790492 -0.278217 0.545637
v -0.769504 -0.354605 0.531150
v -0.743526 -0.428693 0.513219
v -0.712726 -0.500000 0.491959
v -0.677303 -0.568065 0.467509
v -0.637488 -0.632445 0.440026
v -0.593539 -0.692724 0.409690
v -0.545739 -0.748511 0.376697
v -0.494402 -0.799443 0.341261
v -0.439857 -0.845190 0.303611
v -0.382460 -0.885456 0.263993
v -0.322582 -0.919979 0.222663
v -0.260613 -0.948536 0.179888
v -0.196953 -0.970942 0.135947
v -0.132016 -0.987050 0.091124
v -0.066223 -0.996757 0.045710
v -0.069686 0.996757 0.040233
v -0.138920 0.987050 0.080206
v -0.207254 0.970942 0.119658
v -0.274243 0.948536 0.158334
v -0.339453 0.919979 0.195984
v -0.402463 0.885456 0.232362
v -0.462861 0.845190 0.267233
v -0.520258 0.799443 0.300371
v -0.574281 0.748511 0.331561
v -0.624580 0.692724 0.360602
v -0.670828 0.632445 0.387303
v -0.712726 0.568065 0.411492
v -0.750001 0.500000 0.433013
v -0.782412 0.428693 0.451726
v -0.809749 0.354605 0.467509
v -0.831834 0.278217 0.480260
v -0.848525 0.200026 0.489896
v -0.859712 0.120537 0.496355
v -0.865324 0.040266 0.499595
v -0.865324 -0.040266 0.499595
v -0.859712 -0.120537 0.496355
v -0.848525 -0.200026 0.489896
v -0.831834 -0.278217 0.480260
v -0.809749 -0.354605 0.467509
v -0.782412 -0.428693 0.451726
v -0.750001 -0.500000 0.433013
v -0.712726 -0.568065 0.411492
v -0.670828 -0.632445 0.387303
v -0.624580 -0.692724 0.360602
v -0.574281 -0.748511 0.331561
v -0.520258 -0.799443 0.300371
v -0.462861 -0.845190 0.267233
v -0.402463 -0.885456 0.232362
v -0.339453 -0.919979 0.195984
v -0.274243 -0.948536 0.158334
v -0.207254 -0.970942 0.119658
v -0.138920 -0.987050 0.080206
v -0.069686 -0.996757 0.040233
v -0.072698 0.996757 0.034495
v -0.144924 0.987050 0.068767
v -0.216210 0.970942 0.102593
v -0.286094 0.948536 0.135753
v -0.354123 0.919979 0.168033
v -0.419855 0.885456 0.199224
v -0.482864 0.845190 0.229122
v -0.542741 0.799443 0.257534
v -0.599099 0.748511 0.284276
v -0.651571 0.692724 0.309175
v -0.699818 0.632445 0.332068
v -0.743526 0.568065 0.352807
v -0.782412 0.500000 0.371259
v -0.816223 0.428693 0.387303
v -0.844742 0.354605 0.400835
v -0.867781 0.278217 0.411767
v -0.885193 0.200026 0.420029
v -0.896864 0.120537 0.425567
v -0.902719 0.040266 0.428345
v -0.902719 -0.040266 0.428345
v -0.896864 -0.120537 0.425567
v -0.885193 -0.200026 0.420029
v -0.867781 -0.278217 0.411767
v -0.844742 -0.354605 0.400835
v -0.816223 -0.428693 0.387303
v -0.782412 -0.500000 0.371259
v -0.743526 -0.568065 0.352807
v -0.699818 -0.632445 0.332068
v -0.651571 -0.692724 0.309175
v -0.599099 -0.748511 0.284276
v -0.542741 -0.799443 0.257534
v -0.482864 -0.845190 0.229122
v -0.419855 -0.885456 0.199224
v -0.354123 -0.919979 0.168033
v -0.286094 -0.948536 0.135753
v -0.216210 -0.970942 0.102593
v -0.144924 -0.987050 0.068767
v -0.072698 -0.996757 0.034495
v -0.075238 0.996757 0.028534
v -0.149987 0.987050 0.056883
v -0.223764 0.970942 0.084863
v -0.296090 0.948536 0.112292
v -0.366495 0.919979 0.138993
v -0.434524 0.885456 0.164793
v -0.499735 0.845190 0.189524
v -0.561704 0.799443 0.213026
v -0.620031 0.748511 0.235147
v -0.674337 0.692724 0.255742
v -0.724269 0.632445 0.274679
v -0.769504 0.568065 0.291834
v -0.809749 0.500000 0.307097
v -0.844742 0.428693 0.320368
v -0.874256 0.354605 0.331562
v -0.898101 0.278217 0.340605
v -0.916121 0.200026 0.347439
v -0.928200 0.120537 0.352020
v -0.934259 0.040266 0.354318
v -0.934259 -0.040266 0.354318
v -0.928200 -0.120537 0.352020
v -0.916121 -0.200026 0.347439
v -0.898101 -0.278217 0.340605
v -0.874256 -0.354605 0.331562
v -0.844742 -0.428693 0.320368
v -0.809749 -0.500000 0.307097
v -0.769504 -0.568065 0.291834
v -0.724269 -0.632445 0.274679
v -0.674337 -0.692724 0.255742
v -0.620031 -0.748511 0.235147
v -0.561704 -0.799443 0.213026
v -0.499735 -0.845190 0.189524
v -0.434524 -0.885456 0.164793
v -0.366495 -0.919979 0.138993
v -0.296090 -0.948536 0.112292
v -0.223764 -0.970942 0.084863
v -0.149987 -0.987050 0.056883
v -0.075238 -0.996757 0.028534
v -0.077290 0.996757 0.022387
v -0.154078 0.987050 0.044629
v -0.229867 0.970942 0.066582
v -0.304166 0.948536 0.088103
v -0.376491 0.919979 0.109052
v -0.446376 0.885456 0.129294
v -0.513365 0.845190 0.148698
v -0.577024 0.799443 0.167137
v -0.636941 0.748511 0.184492
v -0.692729 0.692724 0.200652
v -0.744023 0.632445 0.215509
v -0.790492 0.568065 0.228969
v -0.831834 0.500000 0.240944
v -0.867781 0.428693 0.251356
v -0.898101 0.354605 0.260138
v -0.922596 0.278217 0.267233
v -0.941108 0.200026 0.272595
v -0.953516 0.120537 0.276189
v -0.959740 0.040266 0.277992
v -0.959740 -0.040266 0.277992
v -0.953516 -0.120537 0.276189
v -0.941108 -0.200026 0.272595
v -0.922596 -0.278217 0.267233
v -0.898101 -0.354605 0.260138
v -0.867781 -0.428693 0.251356
v -0.831834 -0.500000 0.240944
v -0.790492 -0.568065 0.228969
v -0.744023 -0.632445 0.215509
v -0.692729 -0.692724 0.200652
v -0.636941 -0.748511 0.184492
v -0.577024 -0.799443 0.167137
v -0.513365 -0.845190 0.148698
v -0.446376 -0.885456 0.129294
v -0.376491 -0.919979 0.109052
v -0.304166 -0.948536 0.088103
v -0.229867 -0.970942 0.066582
v -0.154078 -0.987050 0.044629
v -0.077290 -0.996757 0.022387
v -0.078840 0.996757 0.016095
v -0.157170 0.987050 0.032086
v -0.234479 0.970942 0.047869
v -0.310269 0.948536 0.063342
v -0.384046 0.919979 0.078404
v -0.455332 0.885456 0.092957
v -0.523665 0.845190 0.106907
v -0.588602 0.799443 0.120164
v -0.649722 0.748511 0.132642
v -0.706628 0.692724 0.144259
v -0.758951 0.632445 0.154941
v -0.806353 0.568065 0.164618
v -0.848525 0.500000 0.173228
v -0.885193 0.428693 0.180714
v -0.916121 0.354605 0.187027
v -0.941108 0.278217 0.192128
v -0.959991 0.200026 0.195984
v -0.972648 0.120537 0.198568
v -0.978997 0.040266 0.199864
v -0.978997 -0.040266 0.199864
v -0.972648 -0.120537 0.198568
v -0.959991 -0.200026 0.195984
v -0.941108 -0.278217 0.192128
v -0.916121 -0.354605 0.187027
v -0.885193 -0.428693 0.180714
v -0.848525 -0.500000 0.173228
v -0.806353 -0.568065 0.164618
v -0.758951 -0.632445 0.154941
v -0.706628 -0.692724 0.144259
v -0.649722 -0.748511 0.132642
v -0.588602 -0.799443 0.120164
v -0.523665 -0.845190 0.106907
v -0.455332 -0.885456 0.092957
v -0.384046 -0.919979 0.078404
v -0.310269 -0.948536 0.063342
v -0.234479 -0.970942 0.047869
v -0.157170 -0.987050 0.032086
v -0.078840 -0.996757 0.016095
v -0.079880 0.996757 0.009699
v -0.159242 0.987050 0.019336
v -0.237571 0.970942 0.028846
v -0.314360 0.948536 0.038170
v -0.389109 0.919979 0.047246
v -0.461335 0.885456 0.056016
v -0.530570 0.845190 0.064423
v -0.596363 0.799443 0.072412
v -0.658288 0.748511 0.079931
v -0.715945 0.692724 0.086932
v -0.768958 0.632445 0.093369
v -0.816985 0.568065 0.099200
v -0.859712 0.500000 0.104388
v -0.896864 0.428693 0.108899
v -0.928200 0.354605 0.112704
v -0.953516 0.278217 0.115778
v -0.972648 0.200026 0.118101
v -0.985472 0.120537 0.119658
v -0.991905 0.040266 0.120439
v -0.991905 -0.040266 0.120439
v -0.985472 -0.120537 0.119658
v -0.972648 -0.200026 0.118101
v -0.953516 -0.278217 0.115778
v -0.928200 -0.354605 0.112704
v -0.896864 -0.428693 0.108899
v -0.859712 -0.500000 0.104388
v -0.816985 -0.568065 0.099200
v -0.768958 -0.632445 0.093369
v -0.715945 -0.692724 0.086932
v -0.658288 -0.748511 0.079931
v -0.596363 -0.799443 0.072412
v -0.530570 -0.845190 0.064423
v -0.461335 -0.885456 0.056016
v -0.389109 -0.919979 0.047246
v -0.314360 -0.948536 0.038170
v -0.237571 -0.970942 0.028846
v -0.159242 -0.987050 0.019336
v -0.079880 -0.996757 0.009699
v 0.000000 1.000000 0.000000
v -0.080401 0.996757 0.003240
v -0.160281 0.987050 0.006459
v -0.239122 0.970942 0.009636
v -0.316412 0.948536 0.012751
v -0.391649 0.919979 0.015783
v -0.464347 0.885456 0.018713
v -0.534033 0.845190 0.021521
v -0.600256 0.799443 0.024190
v -0.662585 0.748511 0.026701
v -0.720618 0.692724 0.029040
v -0.773978 0.632445 0.031190
v -0.822318 0.568065 0.033138
v -0.865324 0.500000 0.034871
v -0.902719 0.428693 0.036379
v -0.934259 0.354605 0.037649
v -0.959740 0.278217 0.038676
v -0.978997 0.200026 0.039452
v -0.991905 0.120537 0.039972
v -0.998380 0.040266 0.040233
v -0.998380 -0.040266 0.040233
v -0.991905 -0.120537 0.039972
v -0.978997 -0.200026 0.039452
v -0.959740 -0.278217 0.038676
v -0.934259 -0.354605 0.037649
v -0.902719 -0.428693 0.036379
v -0.865324 -0.500000 0.034871
v -0.822318 -0.568065 0.033138
v -0.773978 -0.632445 0.031190
v -0.720618 -0.692724 0.029040
v -0.662585 -0.748511 0.026701
v -0.600256 -0.799443 0.024190
v -0.534033 -0.845190 0.021521
v -0.464347 -0.885456 0.018713
v -0.391649 -0.919979 0.015783
v -0.316412 -0.948536 0.012751
v -0.239122 -0.970942 0.009636
v -0.160281 -0.987050 0.006459
v -0.080401 -0.996757 0.003240
v -0.080401 0.996757 -0.003240
v -0.160281 0.987050 -0.006459
v -0.239122 0.970942 -0.009636
v -0.316412 0.948536 -0.012751
v -0.391649 0.919979 -0.015783
v -0.464347 0.885456 -0.018712
v -0.534033 0.845190 -0.021521
v -0.600256 0.799443 -0.024189
v -0.662585 0.748511 -0.026701
v -0.720618 0.692724 -0.029040
v -0.773978 0.632445 -0.031190
v -0.822318 0.568065 -0.033138
v -0.865324 0.500000 -0.034871
v -0.902719 0.428693 -0.036378
v -0.934259 0.354605 -0.037649
v -0.959740 0.278217 -0.038676
v -0.978997 0.200026 -0.039452
v -0.991905 0.120537 -0.039972
v -0.998380 0.040266 -0.040233
v -0.998380 -0.040266 -0.040233
v -0.991905 -0.120537 -0.039972
v -0.978997 -0.200026 -0.039452
v -0.959740 -0.278217 -0.038676
v -0.934259 -0.354605 -0.037649
v -0.902719 -0.428693 -0.036378
v -0.865324 -0.500000 -0.034871
v -0.822318 -0.568065 -0.033138
v -0.773978 -0.632445 -0.031190
v -0.720618 -0.692724 -0.029040
v -0.662585 -0.748511 -0.026701
v -0.600256 -0.799443 -0.024189
v -0.534033 -0.845190 -0.021521
v -0.464347 -0.885456 -0.018712
v -0.391649 -0.919979 -0.015783
v -0.316412 -0.948536 -0.012751
v -0.239122 -0.970942 -0.009636
v -0.160281 -0.987050 -0.006459
v -0.080401 -0.996757 -0.003240
v -0.079880 0.996757 -0.009699
v -0.159242 0.987050 -0.019335
v -0.237571 0.970942 -0.028846
v -0.314360 0.948536 -0.038170
v -0.389109 0.919979 -0.047246
v -0.461335 0.885456 -0.056016
v -0.530570 0.845190 -0.064423
v -0.596363 0.799443 -0.072411
v -0.658288 0.748511 -0.079931
v -0.715945 0.692724 -0.086931
v -0.768958 0.632445 -0.093368
v -0.816985 0.568065 -0.099200
v -0.859712 0.500000 -0.104388
v -0.896864 0.428693 -0.108899
v -0.928200 0.354605 -0.112704
v -0.953516 0.278217 -0.115778
v -0.972648 0.200026 -0.118101
v -0.985472 0.120537 -0.119658
v -0.991905 0.040266 -0.120439
v -0.991905 -0.040266 -0.120439
v -0.985472 -0.120537 -0.119658
v -0.972648 -0.200026 -0.118101
v -0.953516 -0.278217 -0.115778
v -0.928200 -0.354605 -0.112704
v -0.896864 -0.428693 -0.108899
v -0.859712 -0.500000 -0.104388
v -0.816985 -0.568065 -0.099200
v -0.768958 -0.632445 -0.093368
v -0.715945 -0.692724 -0.086931
v -0.658288 -0.748511 -0.079931
v -0.596363 -0.799443 -0.072411
v -0.530570 -0.845190 -0.064423
v -0.461335 -0.885456 -0.056016
v -0.389109 -0.919979 -0.047246
v -0.314360 -0.948536 -0.038170
v -0.237571 -0.970942 -0.028846
v -0.159242 -0.987050 -0.019335
v -0.079880 -0.996757 -0.009699
v -0.078840 0.996757 -0.016095
v -0.157170 0.987050 -0.032086
v -0.234479 0.970942 -0.047869
v -0.310269 0.948536 -0.063342
v -0.384046 0.919979 -0.078403
v -0.455332 0.885456 -0.092957
v -0.523665 0.845190 -0.106907
v -0.588602 0.799443 -0.120164
v -0.649722 0.748511 -0.132642
v -0.706628 0.692724 -0.144259
v -0.758951 0.632445 -0.154941
v -0.806353 0.568065 -0.164618
v -0.848525 0.500000 -0.173227
v -0.885193 0.428693 -0.180713
v -0.916121 0.354605 -0.187028
v -0.941108 0.278217 -0.192129
v -0.959991 0.200026 -0.195984
v -0.972648 0.120537 -0.198567
v -0.978997 0.040266 -0.199864
v -0.978997 -0.040266 -0.199864
v -0.972648 -0.120537 -0.198567
v -0.959991 -0.200026 -0.195984
v -0.941108 -0.278217 -0.192129
v -0.916121 -0.354605 -0.187028
v -0.885193 -0.428693 -0.180713
v -0.848525 -0.500000 -0.173227
v -0.806353 -0.568065 -0.164618
v -0.758951 -0.632445 -0.154941
v -0.706628 -0.692724 -0.144259
v -0.649722 -0.748511 -0.132642
v -0.588602 -0.799443 -0.120164
v -0.523665 -0.845190 -0.106907
v -0.455332 -0.885456 -0.092957
v -0.384046 -0.919979 -0.078403
v -0.310269 -0.948536 -0.063342
v -0.234479 -0.970942 -0.047869
v -0.157170 -0.987050 -0.032086
v -0.078840 -0.996757 -0.016095
v -0.077290 0.996757 -0.022387
v -0.154078 0.987050 -0.044629
v -0.229867 0.970942 -0.066582
v -0.304166 0.948536 -0.088103
v -0.376491 0.919979 -0.109052
v -0.446376 0.885456 -0.129294
v -0.513365 0.845190 -0.148698
v -0.577024 0.799443 -0.167137
v -0.636941 0.748511 -0.184492
v -0.692729 0.692724 -0.200651
v -0.744023 0.632445 -0.215509
v -0.790492 0.568065 -0.228969
v -0.831834 0.500000 -0.240944
v -0.867781 0.428693 -0.251356
v -0.898101 0.354605 -0.260138
v -0.922596 0.278217 -0.267233
v -0.941108 0.200026 -0.272595
v -0.953516 0.120537 -0.276189
v -0.959740 0.040266 -0.277992
v -0.959740 -0.040266 -0.277992
v -0.953516 -0.120537 -0.276189
v -0.941108 -0.200026 -0.272595
v -0.922596 -0.278217 -0.267233
v -0.898101 -0.354605 -0.260138
v -0.867781 -0.428693 -0.251356
v -0.831834 -0.500000 -0.240944
v -0.790492 -0.568065 -0.228969
v -0.744023 -0.632445 -0.215509
v -0.692729 -0.692724 -0.200651
v -0.636941 -0.748511 -0.184492
v -0.577024 -0.799443 -0.167137
v -0.513365 -0.845190 -0.148698
v -0.446376 -0.885456 -0.129294
v -0.376491 -0.919979 -0.109052
v -0.304166 -0.948536 -0.088103
v -0.229867 -0.970942 -0.066582
v -0.154078 -0.987050 -0.044629
v -0.077290 -0.996757 -0.022387
v -0.075238 0.996757 -0.028534
v -0.149987 0.987050 -0.056883
v -0.223764 0.970942 -0.084863
v -0.296090 0.948536 -0.112292
v -0.366496 0.919979 -0.138993
v -0.434524 0.885456 -0.164793
v -0.499735 0.845190 -0.189525
v -0.561704 0.799443 -0.213026
v -0.620031 0.748511 -0.235147
v -0.674337 0.692724 -0.255742
v -0.724269 0.632445 -0.274679
v -0.769504 0.568065 -0.291835
v -0.809749 0.500000 -0.307097
v -0.844742 0.428693 -0.320368
v -0.874257 0.354605 -0.331562
v -0.898101 0.278217 -0.340605
v -0.916121 0.200026 -0.347439
v -0.928200 0.120537 -0.352020
v -0.934259 0.040266 -0.354318
v -0.934259 -0.040266 -0.354318
v -0.928200 -0.120537 -0.352020
v -0.916121 -0.200026 -0.347439
v -0.898101 -0.278217 -0.340605
v -0.874257 -0.354605 -0.331562
v -0.844742 -0.428693 -0.320368
v -0.809749 -0.500000 -0.307097
v -0.769504 -0.568065 -0.291835
v -0.724269 -0.632445 -0.274679
v -0.674337 -0.692724 -0.255742
v -0.620031 -0.748511 -0.235147
v -0.561704 -0.799443 -0.213026
v -0.499735 -0.845190 -0.189525
v -0.434524 -0.885456 -0.164793
v -0.366496 -0.919979 -0.138993
v -0.296090 -0.948536 -0.112292
v -0.223764 -0.970942 -0.084863
v -0.149987 -0.987050 -0.056883
v -0.075238 -0.996757 -0.028534
v -0.072698 0.996757 -0.034495
v -0.144924 0.987050 -0.068767
v -0.216210 0.970942 -0.102593
v -0.286094 0.948536 -0.135753
v -0.354123 0.919979 -0.168033
v -0.419855 0.885456 -0.199224
v -0.482864 0.845190 -0.229122
v -0.542741 0.799443 -0.257534
v -0.599099 0.748511 -0.284276
v -0.651572 0.692724 -0.309174
v -0.699818 0.632445 -0.332068
v -0.743526 0.568065 -0.352808
v -0.782412 0.500000 -0.371259
v -0.816224 0.428693 -0.387303
v -0.844742 0.354605 -0.400835
v -0.867782 0.278217 -0.411767
v -0.885194 0.200026 -0.420030
v -0.896864 0.120537 -0.425567
v -0.902719 0.040266 -0.428345
v -0.902719 -0.040266 -0.428345
v -0.896864 -0.120537 -0.425567
v -0.885194 -0.200026 -0.420030
v -0.867782 -0.278217 -0.411767
v -0.844742 -0.354605 -0.400835
v -0.816224 -0.428693 -0.387303
v -0.782412 -0.500000 -0.371259
v -0.743526 -0.568065 -0.352808
v -0.699818 -0.632445 -0.332068
v -0.651572 -0.692724 -0.309174
v -0.599099 -0.748511 -0.284276
v -0.542741 -0.799443 -0.257534
v -0.482864 -0.845190 -0.229122
v -0.419855 -0.885456 -0.199224
v -0.354123 -0.919979 -0.168033
v -0.286094 -0.948536 -0.135753
v -0.216210 -0.970942 -0.102593
v -0.144924 -0.987050 -0.068767
v -0.072698 -0.996757 -0.034495
v -0.069686 0.996757 -0.040233
v -0.138921 0.987050 -0.080206
v -0.207254 0.970942 -0.119658
v -0.274243 0.948536 -0.158334
v -0.339453 0.919979 -0.195983
v -0.402463 0.885456 -0.232362
v -0.462862 0.845190 -0.267233
v -0.520259 0.799443 -0.300371
v -0.574281 0.748511 -0.331561
v -0.624581 0.692724 -0.360602
v -0.670828 0.632445 -0.387303
v -0.712726 0.568065 -0.411493
v -0.750001 0.500000 -0.433013
v -0.782412 0.428693 -0.451725
v -0.809749 0.354605 -0.467509
v -0.831834 0.278217 -0.480260
v -0.848525 0.200026 -0.489896
v -0.859712 0.120537 -0.496355
v -0.865324 0.040266 -0.499595
v -0.865324 -0.040266 -0.499595
v -0.859712 -0.120537 -0.496355
v -0.848525 -0.200026 -0.489896
v -0.831834 -0.278217 -0.480260
v -0.809749 -0.354605 -0.467509
v -0.782412 -0.428693 -0.451725
v -0.750001 -0.500000 -0.433013
v -0.712726 -0.568065 -0.411493
v -0.670828 -0.632445 -0.387303
v -0.624581 -0.692724 -0.360602
v -0.574281 -0.748511 -0.331561
v -0.520259 -0.799443 -0.300371
v -0.462862 -0.845190 -0.267233
v -0.402463 -0.885456 -0.232362
v -0.339453 -0.919979 -0.195983
v -0.274243 -0.948536 -0.158334
v -0.207254 -0.970942 -0.119658
v -0.138921 -0.987050 -0.080206
v -0.069686 -0.996757 -0.040233
v -0.066223 0.996757 -0.045710
v -0.132016 0.987050 -0.091124
v -0.196953 0.970942 -0.135947
v -0.260613 0.948536 -0.179888
v -0.322583 0.919979 -0.222663
v -0.382460 0.885456 -0.263993
v -0.439857 0.845190 -0.303612
v -0.494402 0.799443 -0.341261
v -0.545739 0.748511 -0.376697
v -0.593539 0.692724 -0.409690
v -0.637488 0.632445 -0.440026
v -0.677303 0.568065 -0.467509
v -0.712726 0.500000 -0.491959
v -0.743526 0.428693 -0.513219
v -0.769504 0.354605 -0.531151
v -0.790492 0.278217 -0.545637
v -0.806353 0.200026 -0.556585
v -0.816984 0.120537 -0.563924
v -0.822317 0.040266 -0.567605
v -0.822317 -0.040266 -0.567605
v -0.816984 -0.120537 -0.563924
v -0.806353 -0.200026 -0.556585
v -0.790492 -0.278217 -0.545637
v -0.769504 -0.354605 -0.531151
v -0.743526 -0.428693 -0.513219
v -0.712726 -0.500000 -0.491959
v -0.677303 -0.568065 -0.467509
v -0.637488 -0.632445 -0.440026
v -0.593539 -0.692724 -0.409690
v -0.545739 -0.748511 -0.376697
v -0.494402 -0.799443 -0.341261
v -0.439857 -0.845190 -0.303612
v -0.382460 -0.885456 -0.263993
v -0.322583 -0.919979 -0.222663
v -0.260613 -0.948536 -0.179888
v -0.196953 -0.970942 -0.135947
v -0.132016 -0.987050 -0.091124
v -0.066223 -0.996757 -0.045710
v -0.062330 0.996757 -0.050891
v -0.124256 0.987050 -0.101452
v -0.185375 0.970942 -0.151354
v -0.245293 0.948536 -0.200276
v -0.303620 0.919979 -0.247898
v -0.359977 0.885456 -0.293912
v -0.414000 0.845190 -0.338021
v -0.465338 0.799443 -0.379937
v -0.513658 0.748511 -0.419389
v -0.558648 0.692724 -0.456122
v -0.600014 0.632445 -0.489896
v -0.637488 0.568065 -0.520493
v -0.670829 0.500000 -0.547715
v -0.699818 0.428693 -0.571383
v -0.724269 0.354605 -0.591348
v -0.744023 0.278217 -0.607476
v -0.758952 0.200026 -0.619665
v -0.768958 0.120537 -0.627835
v -0.773978 0.040266 -0.631933
v -0.773978 -0.040266 -0.631933
v -0.768958 -0.120537 -0.627835
v -0.758952 -0.200026 -0.619665
v -0.744023 -0.278217 -0.607476
v -0.724269 -0.354605 -0.591348
v -0.699818 -0.428693 -0.571383
v -0.670829 -0.500000 -0.547715
v -0.637488 -0.568065 -0.520493
v -0.600014 -0.632445 -0.489896
v -0.558648 -0.692724 -0.456122
v -0.513658 -0.748511 -0.419389
v -0.465338 -0.799443 -0.379937
v -0.414000 -0.845190 -0.338021
v -0.359977 -0.885456 -0.293912
v -0.303620 -0.919979 -0.247898
v -0.245293 -0.948536 -0.200276
v -0.185375 -0.970942 -0.151354
v -0.124256 -0.987050 -0.101452
v -0.062330 -0.996757 -0.050891
v -0.058033 0.996757 -0.055741
v -0.115689 0.987050 -0.111121
v -0.172595 0.970942 -0.165780
v -0.228382 0.948536 -0.219364
v -0.282688 0.919979 -0.271525
v -0.335160 0.885456 -0.321925
v -0.385458 0.845190 -0.370238
v -0.433257 0.799443 -0.416149
v -0.478246 0.748511 -0.459361
v -0.520134 0.692724 -0.499595
v -0.558648 0.632445 -0.536588
v -0.593539 0.568065 -0.570102
v -0.624581 0.500000 -0.599918
v -0.651572 0.428693 -0.625843
v -0.674337 0.354605 -0.647710
v -0.692729 0.278217 -0.665375
v -0.706629 0.200026 -0.678726
v -0.715945 0.120537 -0.687674
v -0.720618 0.040266 -0.692163
v -0.720618 -0.040266 -0.692163
v -0.715945 -0.120537 -0.687674
v -0.706629 -0.200026 -0.678726
v -0.692729 -0.278217 -0.665375
v -0.674337 -0.354605 -0.647710
v -0.651572 -0.428693 -0.625843
v -0.624581 -0.500000 -0.599918
v -0.593539 -0.568065 -0.570102
v -0.558648 -0.632445 -0.536588
v -0.520134 -0.692724 -0.499595
v -0.478246 -0.748511 -0.459361
v -0.433257 -0.799443 -0.416149
v -0.385458 -0.845190 -0.370238
v -0.335160 -0.885456 -0.321925
v -0.282688 -0.919979 -0.271525
v -0.228382 -0.948536 -0.219364
v -0.172595 -0.970942 -0.165780
v -0.115689 -0.987050 -0.111121
v -0.058033 -0.996757 -0.055741
v -0.053359 0.996757 -0.060230
v -0.106373 0.987050 -0.120070
v -0.158696 0.970942 -0.179131
v -0.209990 0.948536 -0.237030
v -0.259922 0.919979 -0.293392
v -0.308169 0.885456 -0.347851
v -0.354417 0.845190 -0.400054
v -0.398366 0.799443 -0.449662
v -0.439732 0.748511 -0.496355
v -0.478247 0.692724 -0.539828
v -0.513659 0.632445 -0.579801
v -0.545740 0.568065 -0.616013
v -0.574282 0.500000 -0.648230
v -0.599099 0.428693 -0.676243
v -0.620031 0.354605 -0.699871
v -0.636942 0.278217 -0.718959
v -0.649722 0.200026 -0.733385
v -0.658289 0.120537 -0.743054
v -0.662586 0.040266 -0.747905
v -0.662586 -0.040266 -0.747905
v -0.658289 -0.120537 -0.743054
v -0.649722 -0.200026 -0.733385
v -0.636942 -0.278217 -0.718959
v -0.620031 -0.354605 -0.699871
v -0.599099 -0.428693 -0.676243
v -0.574282 -0.500000 -0.648230
v -0.545740 -0.568065 -0.616013
v -0.513659 -0.632445 -0.579801
v -0.478247 -0.692724 -0.539828
v -0.439732 -0.748511 -0.496355
v -0.398366 -0.799443 -0.449662
v -0.354417 -0.845190 -0.400054
v -0.308169 -0.885456 -0.347851
v -0.259922 -0.919979 -0.293392
v -0.209990 -0.948536 -0.237030
v -0.158696 -0.970942 -0.179131
v -0.106373 -0.987050 -0.120070
v -0.053359 -0.996757 -0.060230
v -0.048340 0.996757 -0.064328
v -0.096366 0.987050 -0.128240
v -0.143767 0.970942 -0.191319
v -0.190236 0.948536 -0.253158
v -0.235471 0.919979 -0.313355
v -0.279179 0.885456 -0.371520
v -0.321077 0.845190 -0.427275
v -0.360892 0.799443 -0.480259
v -0.398366 0.748511 -0.530129
v -0.433258 0.692724 -0.576561
v -0.465339 0.632445 -0.619253
v -0.494402 0.568065 -0.657930
v -0.520259 0.500000 -0.692339
v -0.542742 0.428693 -0.722258
v -0.561705 0.354605 -0.747493
v -0.577025 0.278217 -0.767880
v -0.588603 0.200026 -0.783288
v -0.596363 0.120537 -0.793615
v -0.600256 0.040266 -0.798795
v -0.600256 -0.040266 -0.798795
v -0.596363 -0.120537 -0.793615
v -0.588603 -0.200026 -0.783288
v -0.577025 -0.278217 -0.767880
v -0.561705 -0.354605 -0.747493
v -0.542742 -0.428693 -0.722258
v -0.520259 -0.500000 -0.692339
v -0.494402 -0.568065 -0.657930
v -0.465339 -0.632445 -0.619253
v -0.433258 -0.692724 -0.576561
v -0.398366 -0.748511 -0.530129
v -0.360892 -0.799443 -0.480259
v -0.321077 -0.845190 -0.427275
v -0.279179 -0.885456 -0.371520
v -0.235471 -0.919979 -0.313355
v -0.190236 -0.948536 -0.253158
v -0.143767 -0.970942 -0.191319
v -0.096366 -0.987050 -0.128240
v -0.048340 -0.996757 -0.064328
v -0.043007 0.996757 -0.068010
v -0.085735 0.987050 -0.135578
v -0.127906 0.970942 -0.202267
v -0.169249 0.948536 -0.267645
v -0.209493 0.919979 -0.331287
v -0.248379 0.885456 -0.392780
v -0.285654 0.845190 -0.451726
v -0.321077 0.799443 -0.507742
v -0.354416 0.748511 -0.560465
v -0.385459 0.692724 -0.609554
v -0.414000 0.632445 -0.654689
v -0.439858 0.568065 -0.695579
v -0.462862 0.500000 -0.731957
v -0.482864 0.428693 -0.763588
v -0.499735 0.354605 -0.790268
v -0.513365 0.278217 -0.811822
v -0.523666 0.200026 -0.828111
v -0.530570 0.120537 -0.839029
v -0.534033 0.040266 -0.844506
v -0.534033 -0.040266 -0.844506
v -0.530570 -0.120537 -0.839029
v -0.523666 -0.200026 -0.828111
v -0.513365 -0.278217 -0.811822
v -0.499735 -0.354605 -0.790268
v -0.482864 -0.428693 -0.763588
v -0.462862 -0.500000 -0.731957
v -0.439858 -0.568065 -0.695579
v -0.414000 -0.632445 -0.654689
v -0.385459 -0.692724 -0.609554
v -0.354416 -0.748511 -0.560465
v -0.321077 -0.799443 -0.507742
v -0.285654 -0.845190 -0.451726
v -0.248379 -0.885456 -0.392780
v -0.209493 -0.919979 -0.331287
v -0.169249 -0.948536 -0.267645
v -0.127906 -0.970942 -0.202267
v -0.085735 -0.987050 -0.135578
v -0.043007 -0.996757 -0.068010
v -0.037395 0.996757 -0.071250
v -0.074547 0.987050 -0.142037
v -0.111216 0.970942 -0.211904
v -0.147163 0.948536 -0.280396
v -0.182156 0.919979 -0.347070
v -0.215968 0.885456 -0.411493
v -0.248379 0.845190 -0.473247
v -0.279179 0.799443 -0.531931
v -0.308169 0.748511 -0.587166
v -0.335160 0.692724 -0.638594
v -0.359977 0.632445 -0.685879
v -0.382460 0.568065 -0.728717
v -0.402463 0.500000 -0.766829
v -0.419855 0.428693 -0.799966
v -0.434524 0.354605 -0.827917
v -0.446376 0.278217 -0.850498
v -0.455332 0.200026 -0.867563
v -0.461335 0.120537 -0.879001
v -0.464347 0.040266 -0.884739
v -0.464347 -0.040266 -0.884739
v -0.461335 -0.120537 -0.879001
v -0.455332 -0.200026 -0.867563
v -0.446376 -0.278217 -0.850498
v -0.434524 -0.354605 -0.827917
v -0.419855 -0.428693 -0.799966
v -0.402463 -0.500000 -0.766829
v -0.382460 -0.568065 -0.728717
v -0.359977 -0.632445 -0.685879
v -0.335160 -0.692724 -0.638594
v -0.308169 -0.748511 -0.587166
v -0.279179 -0.799443 -0.531931
v -0.248379 -0.845190 -0.473247
v -0.215968 -0.885456 -0.411493
v -0.182156 -0.919979 -0.347070
v -0.147163 -0.948536 -0.280396
v -0.111216 -0.970942 -0.211904
v -0.074547 -0.987050 -0.142037
v -0.037395 -0.996757 -0.071250
v -0.031540 0.996757 -0.074028
v -0.062876 0.987050 -0.147575
v -0.093804 0.970942 -0.220166
v -0.124124 0.948536 -0.291329
v -0.153638 0.919979 -0.360602
v -0.182156 0.885456 -0.427536
v -0.209493 0.845190 -0.491698
v -0.235471 0.799443 -0.552671
v -0.259922 0.748511 -0.610059
v -0.282688 0.692724 -0.663492
v -0.303620 0.632445 -0.712621
v -0.322583 0.568065 -0.757130
v -0.339454 0.500000 -0.796727
v -0.354123 0.428693 -0.831157
v -0.366496 0.354605 -0.860197
v -0.376492 0.278217 -0.883658
v -0.384046 0.200026 -0.901389
v -0.389109 0.120537 -0.913273
v -0.391649 0.040266 -0.919235
v -0.391649 -0.040266 -0.919235
v -0.389109 -0.120537 -0.913273
v -0.384046 -0.200026 -0.901389
v -0.376492 -0.278217 -0.883658
v -0.366496 -0.354605 -0.860197
v -0.354123 -0.428693 -0.831157
v -0.339454 -0.500000 -0.796727
v -0.322583 -0.568065 -0.757130
v -0.303620 -0.632445 -0.712621
v -0.282688 -0.692724 -0.663492
v -0.259922 -0.748511 -0.610059
v -0.235471 -0.799443 -0.552671
v -0.209493 -0.845190 -0.491698
v -0.182156 -0.885456 -0.427536
v -0.153638 -0.919979 -0.360602
v -0.124124 -0.948536 -0.291329
v -0.093804 -0.970942 -0.220166
v -0.062876 -0.987050 -0.147575
v -0.031540 -0.996757 -0.074028
v -0.025481 0.996757 -0.076326
v -0.050797 0.987050 -0.152156
v -0.075784 0.970942 -0.227000
v -0.100279 0.948536 -0.300372
v -0.124124 0.919979 -0.371795
v -0.147163 0.885456 -0.440808
v -0.169248 0.845190 -0.506961
v -0.190236 0.799443 -0.569826
v -0.209990 0.748511 -0.628996
v -0.228382 0.692724 -0.684088
v -0.245293 0.632445 -0.734742
v -0.260613 0.568065 -0.780632
v -0.274243 0.500000 -0.821458
v -0.286094 0.428693 -0.856957
v -0.296090 0.354605 -0.886899
v -0.304166 0.278217 -0.911088
v -0.310269 0.200026 -0.929369
v -0.314360 0.120537 -0.941622
v -0.316412 0.040266 -0.947768
v -0.316412 -0.040266 -0.947768
v -0.314360 -0.120537 -0.941622
v -0.310269 -0.200026 -0.929369
v -0.304166 -0.278217 -0.911088
v -0.296090 -0.354605 -0.886899
v -0.286094 -0.428693 -0.856957
v -0.274243 -0.500000 -0.821458
v -0.260613 -0.568065 -0.780632
v -0.245293 -0.632445 -0.734742
v -0.228382 -0.692724 -0.684088
v -0.209990 -0.748511 -0.628996
v -0.190236 -0.799443 -0.569826
v -0.169248 -0.845190 -0.506961
v -0.147163 -0.885456 -0.440808
v -0.124124 -0.919979 -0.371795
v -0.100279 -0.948536 -0.300372
v -0.075784 -0.970942 -0.227000
v -0.050797 -0.987050 -0.152156
v -0.025481 -0.996757 -0.076326
v -0.019257 0.996757 -0.078128
v -0.038389 0.987050 -0.155750
v -0.057272 0.970942 -0.232362
v -0.075784 0.948536 -0.307467
v -0.093804 0.919979 -0.380577
v -0.111216 0.885456 -0.451220
v -0.127906 0.845190 -0.518936
v -0.143767 0.799443 -0.583286
v -0.158696 0.748511 -0.643854
v -0.172596 0.692724 -0.700247
v -0.185375 0.632445 -0.752097
v -0.196953 0.568065 -0.799071
v -0.207254 0.500000 -0.840862
v -0.216210 0.428693 -0.877199
v -0.223764 0.354605 -0.907848
v -0.229867 0.278217 -0.932608
v -0.234480 0.200026 -0.951321
v -0.237571 0.120537 -0.963864
v -0.239122 0.040266 -0.970156
v -0.239122 -0.040266 -0.970156
v -0.237571 -0.120537 -0.963864
v -0.234480 -0.200026 -0.951321
v -0.229867 -0.278217 -0.932608
v -0.223764 -0.354605 -0.907848
v -0.216210 -0.428693 -0.877199
v -0.207254 -0.500000 -0.840862
v -0.196953 -0.568065 -0.799071
v -0.185375 -0.632445 -0.752097
v -0.172596 -0.692724 -0.700247
v -0.158696 -0.748511 -0.643854
v -0.143767 -0.799443 -0.583286
v -0.127906 -0.845190 -0.518936
v -0.111216 -0.885456 -0.451220
v -0.093804 -0.919979 -0.380577
v -0.075784 -0.948536 -0.307467
v -0.057272 -0.970942 -0.232362
v -0.038389 -0.987050 -0.155750
v -0.019257 -0.996757 -0.078128
v -0.012908 0.996757 -0.079425
v -0.025732 0.987050 -0.158334
v -0.038389 0.970942 -0.236217
v -0.050797 0.948536 -0.312568
v -0.062876 0.919979 -0.386891
v -0.074547 0.885456 -0.458706
v -0.085734 0.845190 -0.527545
v -0.096366 0.799443 -0.592963
v -0.106372 0.748511 -0.654536
v -0.115689 0.692724 -0.711864
v -0.124256 0.632445 -0.764575
v -0.132016 0.568065 -0.812328
v -0.138921 0.500000 -0.854812
v -0.144924 0.428693 -0.891752
v -0.149987 0.354605 -0.922910
v -0.154078 0.278217 -0.948081
v -0.157170 0.200026 -0.967104
v -0.159242 0.120537 -0.979855
v -0.160281 0.040266 -0.986251
v -0.160281 -0.040266 -0.986251
v -0.159242 -0.120537 -0.979855
v -0.157170 -0.200026 -0.967104
v -0.154078 -0.278217 -0.948081
v -0.149987 -0.354605 -0.922910
v -0.144924 -0.428693 -0.891752
v -0.138921 -0.500000 -0.854812
v -0.132016 -0.568065 -0.812328
v -0.124256 -0.632445 -0.764575
v -0.115689 -0.692724 -0.711864
v -0.106372 -0.748511 -0.654536
v -0.096366 -0.799443 -0.592963
v -0.085734 -0.845190 -0.527545
v -0.074547 -0.885456 -0.458706
v -0.062876 -0.919979 -0.386891
v -0.050797 -0.948536 -0.312568
v -0.038389 -0.970942 -0.236217
v -0.025732 -0.987050 -0.158334
v -0.012908 -0.996757 -0.079425
v -0.006475 0.996757 -0.080206
v -0.012908 0.987050 -0.159891
v -0.019257 0.970942 -0.238540
v -0.025481 0.948536 -0.315642
v -0.031540 0.919979 -0.390696
v -0.037395 0.885456 -0.463217
v -0.043007 0.845190 -0.532734
v -0.048340 0.799443 -0.598795
v -0.053359 0.748511 -0.660972
v -0.058033 0.692724 -0.718865
v -0.062330 0.632445 -0.772094
v -0.066223 0.568065 -0.820317
v -0.069686 0.500000 -0.863219
v -0.072698 0.428693 -0.900522
v -0.075238 0.354605 -0.931986
v -0.077290 0.278217 -0.957405
v -0.078841 0.200026 -0.976615
v -0.079880 0.120537 -0.989491
v -0.080401 0.040266 -0.995950
v -0.080401 -0.040266 -0.995950
v -0.079880 -0.120537 -0.989491
v -0.078841 -0.200026 -0.976615
v -0.077290 -0.278217 -0.957405
v -0.075238 -0.354605 -0.931986
v -0.072698 -0.428693 -0.900522
v -0.069686 -0.500000 -0.863219
v -0.066223 -0.568065 -0.820317
v -0.062330 -0.632445 -0.772094
v -0.058033 -0.692724 -0.718865
v -0.053359 -0.748511 -0.660972
v -0.048340 -0.799443 -0.598795
v -0.043007 -0.845190 -0.532734
v -0.037395 -0.885456 -0.463217
v -0.031540 -0.919979 -0.390696
v -0.025481 -0.948536 -0.315642
v -0.019257 -0.970942 -0.238540
v -0.012908 -0.987050 -0.159891
v -0.006475 -0.996757 -0.080206
v -0.000000 0.996757 -0.080467
v -0.000000 0.987050 -0.160412
v -0.000000 0.970942 -0.239316
v -0.000000 0.948536 -0.316669
v -0.000000 0.919979 -0.391967
v -0.000000 0.885456 -0.464724
v -0.000000 0.799443 -0.600743
v 0.000000 0.748511 -0.663123
v -0.000000 0.692724 -0.721204
v -0.000000 0.632445 -0.774606
v 0.000000 0.568065 -0.822985
v -0.000000 0.500000 -0.866027
v -0.000000 0.428693 -0.903452
v -0.000000 0.354605 -0.935018
v -0.000000 0.278217 -0.960519
v -0.000000 0.200026 -0.979792
v -0.000000 0.120537 -0.992710
v -0.000000 0.040266 -0.999190
v -0.000000 -0.040266 -0.999190
v -0.000000 -0.120537 -0.992710
v -0.000000 -0.200026 -0.979792
v -0.000000 -0.278217 -0.960519
v -0.000000 -0.354605 -0.935018
v -0.000000 -0.428693 -0.903452
v -0.000000 -0.500000 -0.866027
v -0.000000 -0.632445 -0.774606
v -0.000000 -0.692724 -0.721204
v 0.000000 -0.748511 -0.663123
v -0.000000 -0.799443 -0.600743
v -0.000000 -0.885456 -0.464724
v -0.000000 -0.919979 -0.391967
v -0.000000 -0.948536 -0.316669
v -0.000000 -0.970942 -0.239316
v -0.000000 -0.987050 -0.160412
v -0.000000 -0.996757 -0.080467
vn 0.0049 0.9927 -0.1205
vn 0.0302 -0.6628 -0.7482
vn 0.0382 0.3164 -0.9478
vn 0.0081 0.9798 -0.2000
vn 0.0279 -0.7209 -0.6925
vn 0.0391 0.2391 -0.9702
vn 0.0112 0.9605 -0.2782
vn 0.0255 -0.7744 -0.6322
vn 0.0398 0.1603 -0.9863
vn 0.0143 0.9349 -0.3546
vn 0.0229 -0.8228 -0.5679
vn 0.0402 0.0804 -0.9960
vn 0.0173 0.9033 -0.4286
vn 0.0202 -0.8658 -0.4999
vn 0.0403 -0.0000 -0.9992
vn 0.0201 0.8658 -0.4999
vn 0.0173 -0.9033 -0.4286
vn 0.0402 -0.0804 -0.9960
vn 0.0229 0.8228 -0.5679
vn 0.0143 -0.9349 -0.3546
vn 0.0398 -0.1603 -0.9863
vn 0.0255 0.7744 -0.6322
vn 0.0112 -0.9605 -0.2782
vn 0.0391 -0.2391 -0.9702
vn 0.0279 0.7209 -0.6924
vn 0.0081 -0.9798 -0.2000
vn 0.0382 -0.3164 -0.9478
vn 0.0302 0.6628 -0.7482
vn 0.0049 -0.9927 -0.1205
vn 0.0371 -0.3917 -0.9193
vn 0.0322 0.6004 -0.7990
vn 0.0016 -0.9992 -0.0403
vn 0.0357 -0.4644 -0.8849
vn 0.0341 0.5342 -0.8447
vn 0.0340 -0.5342 -0.8447
vn 0.0357 0.4644 -0.8849
vn 0.0016 0.9992 -0.0403
vn 0.0322 -0.6004 -0.7990
vn 0.0371 0.3917 -0.9193
vn 0.0241 0.9798 -0.1987
vn 0.0835 -0.7209 -0.6880
vn 0.1170 0.2391 -0.9639
vn 0.0336 0.9605 -0.2764
vn 0.0763 -0.7744 -0.6281
vn 0.1190 0.1603 -0.9799
vn 0.0428 0.9349 -0.3523
vn 0.0685 -0.8228 -0.5642
vn 0.1201 0.0804 -0.9895
vn 0.0517 0.9033 -0.4258
vn 0.0603 -0.8658 -0.4967
vn 0.1205 -0.0000 -0.9927
vn 0.0603 0.8658 -0.4967
vn 0.0517 -0.9033 -0.4258
vn 0.1201 -0.0804 -0.9895
vn 0.0685 0.8228 -0.5642
vn 0.0428 -0.9349 -0.3523
vn 0.1190 -0.1603 -0.9799
vn 0.0763 0.7744 -0.6281
vn 0.0336 -0.9605 -0.2764
vn 0.1170 -0.2391 -0.9639
vn 0.0835 0.7209 -0.6880
vn 0.0241 -0.9798 -0.1987
vn 0.1143 -0.3164 -0.9417
vn 0.0903 0.6628 -0.7433
vn 0.0145 -0.9927 -0.1198
vn 0.1109 -0.3917 -0.9134
vn 0.0964 0.6004 -0.7938
vn 0.0049 -0.9992 -0.0400
vn 0.1067 -0.4644 -0.8792
vn 0.1019 0.5342 -0.8392
vn 0.1019 -0.5342 -0.8392
vn 0.1067 0.4644 -0.8792
vn 0.0049 0.9992 -0.0400
vn 0.0964 -0.6004 -0.7938
vn 0.1109 0.3917 -0.9134
vn 0.0145 0.9927 -0.1198
vn 0.0903 -0.6628 -0.7433
vn 0.1143 0.3164 -0.9417
vn 0.1974 0.1603 -0.9671
vn 0.0710 0.9349 -0.3477
vn 0.1137 -0.8228 -0.5569
vn 0.1994 0.0804 -0.9766
vn 0.0858 0.9033 -0.4203
vn 0.1001 -0.8658 -0.4902
vn 0.2000 -0.0000 -0.9798
vn 0.1001 0.8658 -0.4902
vn 0.0858 -0.9033 -0.4203
vn 0.1994 -0.0804 -0.9766
vn 0.1137 0.8228 -0.5569
vn 0.0710 -0.9349 -0.3477
vn 0.1974 -0.1603 -0.9671
vn 0.1266 0.7744 -0.6200
vn 0.0557 -0.9605 -0.2728
vn 0.1942 -0.2391 -0.9514
vn 0.1386 0.7209 -0.6790
vn 0.0400 -0.9798 -0.1961
vn 0.1897 -0.3164 -0.9294
vn 0.1498 0.6628 -0.7336
vn 0.0241 -0.9927 -0.1182
vn 0.1840 -0.3917 -0.9015
vn 0.1600 0.6004 -0.7835
vn 0.0081 -0.9992 -0.0395
vn 0.1771 -0.4644 -0.8677
vn 0.1691 0.5342 -0.8283
vn 0.1691 -0.5342 -0.8283
vn 0.1771 0.4644 -0.8677
vn 0.0081 0.9992 -0.0395
vn 0.1600 -0.6004 -0.7835
vn 0.1840 0.3917 -0.9015
vn 0.0241 0.9927 -0.1182
vn 0.1498 -0.6628 -0.7336
vn 0.1897 0.3164 -0.9294
vn 0.0400 0.9798 -0.1961
vn 0.1386 -0.7209 -0.6790
vn 0.1942 0.2391 -0.9514
vn 0.0557 0.9605 -0.2728
vn 0.1266 -0.7744 -0.6200
vn 0.1193 0.9033 -0.4120
vn 0.1392 -0.8659 -0.4806
vn 0.2782 -0.0000 -0.9605
vn 0.1392 0.8658 -0.4806
vn 0.1193 -0.9033 -0.4120
vn 0.2773 -0.0804 -0.9574
vn 0.1581 0.8228 -0.5459
vn 0.0987 -0.9349 -0.3408
vn 0.2746 -0.1603 -0.9481
vn 0.1760 0.7744 -0.6078
vn 0.0775 -0.9605 -0.2674
vn 0.2701 -0.2391 -0.9327
vn 0.1928 0.7209 -0.6657
vn 0.0557 -0.9798 -0.1923
vn 0.2639 -0.3164 -0.9112
vn 0.2083 0.6628 -0.7192
vn 0.0335 -0.9927 -0.1159
vn 0.2560 -0.3917 -0.8838
vn 0.2225 0.6004 -0.7681
vn 0.0112 -0.9992 -0.0387
vn 0.2464 -0.4644 -0.8506
vn 0.2352 0.5342 -0.8120
vn 0.2352 -0.5342 -0.8120
vn 0.2464 0.4644 -0.8506
vn 0.0112 0.9992 -0.0387
vn 0.2225 -0.6004 -0.7681
vn 0.2560 0.3917 -0.8838
vn 0.0336 0.9927 -0.1159
vn 0.2083 -0.6628 -0.7192
vn 0.2639 0.3164 -0.9112
vn 0.0557 0.9798 -0.1923
vn 0.1928 -0.7209 -0.6657
vn 0.2701 0.2391 -0.9327
vn 0.0775 0.9605 -0.2674
vn 0.1760 -0.7744 -0.6078
vn 0.2746 0.1603 -0.9481
vn 0.0987 0.9349 -0.3408
vn 0.1581 -0.8228 -0.5459
vn 0.2773 0.0804 -0.9574
vn 0.1521 -0.9033 -0.4011
vn 0.3535 -0.0804 -0.9320
vn 0.2015 0.8228 -0.5314
vn 0.1258 -0.9349 -0.3318
vn 0.3500 -0.1603 -0.9229
vn 0.2244 0.7744 -0.5916
vn 0.0987 -0.9605 -0.2603
vn 0.3443 -0.2391 -0.9079
vn 0.2457 0.7209 -0.6480
vn 0.0710 -0.9798 -0.1872
vn 0.3364 -0.3164 -0.8870
vn 0.2655 0.6628 -0.7001
vn 0.0428 -0.9927 -0.1128
vn 0.3263 -0.3917 -0.8603
vn 0.2836 0.6004 -0.7477
vn 0.0143 -0.9992 -0.0377
vn 0.3140 -0.4644 -0.8281
vn 0.2998 0.5342 -0.7904
vn 0.2998 -0.5342 -0.7904
vn 0.3140 0.4644 -0.8281
vn 0.0143 0.9992 -0.0377
vn 0.2836 -0.6004 -0.7477
vn 0.3263 0.3917 -0.8603
vn 0.0428 0.9927 -0.1128
vn 0.2655 -0.6628 -0.7001
vn 0.3364 0.3164 -0.8870
vn 0.0710 0.9798 -0.1872
vn 0.2457 -0.7209 -0.6480
vn 0.3443 0.2391 -0.9079
vn 0.0987 0.9605 -0.2603
vn 0.2244 -0.7744 -0.5916
vn 0.3500 0.1603 -0.9229
vn 0.1258 0.9349 -0.3318
vn 0.2016 -0.8228 -0.5314
vn 0.3535 0.0804 -0.9320
vn 0.1521 0.9033 -0.4011
vn 0.1774 -0.8658 -0.4678
vn 0.3546 -0.0000 -0.9350
vn 0.1774 0.8658 -0.4678
vn 0.4231 -0.1603 -0.8918
vn 0.2713 0.7744 -0.5717
vn 0.1194 -0.9605 -0.2515
vn 0.4163 -0.2391 -0.8772
vn 0.2971 0.7209 -0.6261
vn 0.0858 -0.9798 -0.1809
vn 0.4067 -0.3164 -0.8570
vn 0.3210 0.6628 -0.6765
vn 0.0517 -0.9927 -0.1090
vn 0.3944 -0.3917 -0.8313
vn 0.3428 0.6004 -0.7225
vn 0.0173 -0.9992 -0.0364
vn 0.3797 -0.4644 -0.8001
vn 0.3624 0.5342 -0.7638
vn 0.3624 -0.5342 -0.7638
vn 0.3797 0.4644 -0.8001
vn 0.0173 0.9992 -0.0364
vn 0.3428 -0.6004 -0.7225
vn 0.3944 0.3917 -0.8313
vn 0.0517 0.9927 -0.1090
vn 0.3210 -0.6628 -0.6765
vn 0.4067 0.3164 -0.8570
vn 0.0858 0.9798 -0.1809
vn 0.2971 -0.7209 -0.6261
vn 0.4163 0.2391 -0.8772
vn 0.1194 0.9605 -0.2515
vn 0.2713 -0.7744 -0.5717
vn 0.4231 0.1603 -0.8918
vn 0.1521 0.9349 -0.3206
vn 0.2437 -0.8228 -0.5135
vn 0.4273 0.0804 -0.9005
vn 0.1839 0.9033 -0.3876
vn 0.2145 -0.8658 -0.4520
vn 0.4287 -0.0000 -0.9035
vn 0.2145 0.8658 -0.4520
vn 0.1839 -0.9033 -0.3876
vn 0.4273 -0.0804 -0.9005
vn 0.2437 0.8228 -0.5135
vn 0.1521 -0.9349 -0.3206
vn 0.3465 0.7209 -0.6002
vn 0.1001 -0.9798 -0.1734
vn 0.4743 -0.3164 -0.8215
vn 0.3744 0.6628 -0.6485
vn 0.0603 -0.9927 -0.1045
vn 0.4600 -0.3917 -0.7968
vn 0.3998 0.6004 -0.6925
vn 0.0202 -0.9992 -0.0349
vn 0.4428 -0.4644 -0.7670
vn 0.4227 0.5342 -0.7321
vn 0.4227 -0.5342 -0.7321
vn 0.4428 0.4644 -0.7670
vn 0.0201 0.9992 -0.0349
vn 0.3998 -0.6004 -0.6925
vn 0.4600 0.3917 -0.7968
vn 0.0603 0.9927 -0.1045
vn 0.3744 -0.6628 -0.6485
vn 0.4743 0.3164 -0.8215
vn 0.1001 0.9798 -0.1734
vn 0.3465 -0.7209 -0.6002
vn 0.4855 0.2391 -0.8409
vn 0.1392 0.9605 -0.2411
vn 0.3164 -0.7744 -0.5480
vn 0.4935 0.1603 -0.8548
vn 0.1774 0.9349 -0.3073
vn 0.2842 -0.8228 -0.4922
vn 0.4984 0.0804 -0.8632
vn 0.2145 0.9033 -0.3715
vn 0.2502 -0.8658 -0.4333
vn 0.5000 -0.0000 -0.8660
vn 0.2502 0.8659 -0.4333
vn 0.2145 -0.9033 -0.3715
vn 0.4984 -0.0804 -0.8632
vn 0.2842 0.8228 -0.4922
vn 0.1774 -0.9349 -0.3073
vn 0.4935 -0.1603 -0.8548
vn 0.3164 0.7744 -0.5480
vn 0.1392 -0.9605 -0.2411
vn 0.4855 -0.2391 -0.8409
vn 0.5227 -0.3917 -0.7572
vn 0.4543 0.6004 -0.6581
vn 0.0229 -0.9992 -0.0332
vn 0.5031 -0.4644 -0.7288
vn 0.4802 0.5342 -0.6957
vn 0.4802 -0.5342 -0.6957
vn 0.5031 0.4644 -0.7288
vn 0.0229 0.9992 -0.0332
vn 0.4543 -0.6004 -0.6581
vn 0.5227 0.3917 -0.7572
vn 0.0685 0.9927 -0.0993
vn 0.4254 -0.6628 -0.6162
vn 0.5389 0.3164 -0.7807
vn 0.1137 0.9798 -0.1647
vn 0.3937 -0.7209 -0.5703
vn 0.5516 0.2391 -0.7991
vn 0.1582 0.9605 -0.2291
vn 0.3594 -0.7744 -0.5207
vn 0.5607 0.1603 -0.8123
vn 0.2016 0.9349 -0.2920
vn 0.3229 -0.8228 -0.4678
vn 0.5662 0.0804 -0.8203
vn 0.2437 0.9033 -0.3530
vn 0.2842 -0.8658 -0.4117
vn 0.5681 -0.0000 -0.8230
vn 0.2842 0.8658 -0.4117
vn 0.2437 -0.9033 -0.3530
vn 0.5662 -0.0804 -0.8203
vn 0.3229 0.8228 -0.4678
vn 0.2016 -0.9349 -0.2920
vn 0.5607 -0.1603 -0.8123
vn 0.3594 0.7744 -0.5207
vn 0.1582 -0.9605 -0.2291
vn 0.5516 -0.2391 -0.7991
vn 0.3937 0.7209 -0.5703
vn 0.1137 -0.9798 -0.1647
vn 0.5389 -0.3164 -0.7807
vn 0.4254 0.6628 -0.6162
vn 0.0685 -0.9927 -0.0993
vn 0.5347 0.5342 -0.6548
vn 0.5347 -0.5342 -0.6548
vn 0.5601 0.4644 -0.6860
vn 0.0255 0.9992 -0.0312
vn 0.5058 -0.6004 -0.6194
vn 0.5819 0.3917 -0.7127
vn 0.0763 0.9927 -0.0934
vn 0.4736 -0.6628 -0.5800
vn 0.5999 0.3164 -0.7348
vn 0.1266 0.9798 -0.1551
vn 0.4383 -0.7209 -0.5368
vn 0.6141 0.2391 -0.7521
vn 0.1761 0.9605 -0.2157
vn 0.4002 -0.7744 -0.4901
vn 0.6243 0.1603 -0.7646
vn 0.2244 0.9349 -0.2749
vn 0.3595 -0.8228 -0.4403
vn 0.6304 0.0804 -0.7721
vn 0.2713 0.9033 -0.3323
vn 0.3164 -0.8658 -0.3875
vn 0.6324 -0.0000 -0.7746
vn 0.3164 0.8658 -0.3875
vn 0.2713 -0.9033 -0.3323
vn 0.6304 -0.0804 -0.7721
vn 0.3595 0.8228 -0.4403
vn 0.2244 -0.9349 -0.2749
vn 0.6243 -0.1603 -0.7646
vn 0.4002 0.7744 -0.4901
vn 0.1761 -0.9605 -0.2157
vn 0.6141 -0.2391 -0.7521
vn 0.4383 0.7209 -0.5368
vn 0.1266 -0.9798 -0.1551
vn 0.5999 -0.3164 -0.7348
vn 0.4736 0.6628 -0.5800
vn 0.0763 -0.9927 -0.0934
vn 0.5819 -0.3917 -0.7127
vn 0.5058 0.6004 -0.6194
vn 0.0255 -0.9992 -0.0312
vn 0.5601 -0.4644 -0.6860
vn 0.0279 0.9992 -0.0291
vn 0.5540 -0.6004 -0.5767
vn 0.6374 0.3917 -0.6636
vn 0.0836 0.9927 -0.0870
vn 0.5187 -0.6628 -0.5400
vn 0.6571 0.3164 -0.6841
vn 0.1387 0.9798 -0.1444
vn 0.4801 -0.7209 -0.4998
vn 0.6726 0.2391 -0.7003
vn 0.1929 0.9605 -0.2008
vn 0.4383 -0.7744 -0.4563
vn 0.6838 0.1603 -0.7119
vn 0.2458 0.9349 -0.2559
vn 0.3937 -0.8228 -0.4099
vn 0.6905 0.0804 -0.7189
vn 0.2972 0.9033 -0.3094
vn 0.3466 -0.8658 -0.3608
vn 0.6927 -0.0000 -0.7212
vn 0.3466 0.8658 -0.3608
vn 0.2972 -0.9033 -0.3094
vn 0.6905 -0.0804 -0.7189
vn 0.3937 0.8228 -0.4099
vn 0.2458 -0.9349 -0.2559
vn 0.6838 -0.1603 -0.7119
vn 0.4383 0.7744 -0.4563
vn 0.1929 -0.9605 -0.2008
vn 0.6726 -0.2391 -0.7003
vn 0.4801 0.7209 -0.4998
vn 0.1387 -0.9798 -0.1444
vn 0.6571 -0.3164 -0.6841
vn 0.5187 0.6628 -0.5400
vn 0.0836 -0.9927 -0.0870
vn 0.6374 -0.3917 -0.6636
vn 0.5540 0.6004 -0.5767
vn 0.0279 -0.9992 -0.0291
vn 0.6135 -0.4644 -0.6387
vn 0.5856 0.5342 -0.6097
vn 0.5856 -0.5342 -0.6097
vn 0.6135 0.4644 -0.6387
vn 0.5605 -0.6628 -0.4965
vn 0.7100 0.3164 -0.6290
vn 0.1498 0.9798 -0.1327
vn 0.5187 -0.7209 -0.4596
vn 0.7268 0.2391 -0.6439
vn 0.2084 0.9605 -0.1846
vn 0.4736 -0.7744 -0.4196
vn 0.7388 0.1603 -0.6545
vn 0.2656 0.9349 -0.2353
vn 0.4254 -0.8228 -0.3769
vn 0.7461 0.0804 -0.6610
vn 0.3211 0.9033 -0.2845
vn 0.3745 -0.8658 -0.3318
vn 0.7485 -0.0000 -0.6631
vn 0.3745 0.8658 -0.3318
vn 0.3211 -0.9033 -0.2845
vn 0.7461 -0.0804 -0.6610
vn 0.4254 0.8228 -0.3769
vn 0.2656 -0.9349 -0.2353
vn 0.7388 -0.1603 -0.6545
vn 0.4736 0.7744 -0.4196
vn 0.2084 -0.9605 -0.1846
vn 0.7268 -0.2391 -0.6439
vn 0.5187 0.7209 -0.4596
vn 0.1498 -0.9798 -0.1327
vn 0.7100 -0.3164 -0.6290
vn 0.5605 0.6628 -0.4965
vn 0.0903 -0.9927 -0.0800
vn 0.6887 -0.3917 -0.6101
vn 0.5986 0.6004 -0.5303
vn 0.0302 -0.9992 -0.0267
vn 0.6629 -0.4644 -0.5873
vn 0.6328 0.5342 -0.5606
vn 0.6328 -0.5342 -0.5606
vn 0.6629 0.4644 -0.5873
vn 0.0302 0.9992 -0.0267
vn 0.5986 -0.6004 -0.5303
vn 0.6887 0.3917 -0.6101
vn 0.0903 0.9927 -0.0800
vn 0.7762 0.2391 -0.5833
vn 0.2226 0.9605 -0.1673
vn 0.5058 -0.7744 -0.3801
vn 0.7891 0.1603 -0.5930
vn 0.2837 0.9349 -0.2132
vn 0.4544 -0.8228 -0.3414
vn 0.7969 0.0804 -0.5988
vn 0.3429 0.9033 -0.2577
vn 0.4000 -0.8658 -0.3006
vn 0.7994 -0.0000 -0.6007
vn 0.4000 0.8658 -0.3006
vn 0.3429 -0.9033 -0.2577
vn 0.7969 -0.0804 -0.5988
vn 0.4544 0.8228 -0.3414
vn 0.2837 -0.9349 -0.2132
vn 0.7891 -0.1603 -0.5930
vn 0.5059 0.7744 -0.3801
vn 0.2226 -0.9605 -0.1673
vn 0.7762 -0.2391 -0.5833
vn 0.5540 0.7209 -0.4163
vn 0.1600 -0.9798 -0.1203
vn 0.7584 -0.3164 -0.5699
vn 0.5986 0.6628 -0.4498
vn 0.0964 -0.9927 -0.0725
vn 0.7356 -0.3917 -0.5527
vn 0.6393 0.6004 -0.4804
vn 0.0322 -0.9992 -0.0242
vn 0.7080 -0.4644 -0.5320
vn 0.6758 0.5342 -0.5079
vn 0.6758 -0.5342 -0.5079
vn 0.7080 0.4644 -0.5320
vn 0.0322 0.9992 -0.0242
vn 0.6393 -0.6004 -0.4804
vn 0.7356 0.3917 -0.5527
vn 0.0964 0.9927 -0.0725
vn 0.5986 -0.6628 -0.4498
vn 0.7584 0.3164 -0.5699
vn 0.1600 0.9798 -0.1203
vn 0.5540 -0.7209 -0.4163
vn 0.2999 0.9349 -0.1897
vn 0.4804 -0.8228 -0.3038
vn 0.8425 0.0804 -0.5327
vn 0.3626 0.9033 -0.2293
vn 0.4229 -0.8658 -0.2674
vn 0.8452 -0.0000 -0.5345
vn 0.4229 0.8659 -0.2674
vn 0.3626 -0.9033 -0.2293
vn 0.8425 -0.0804 -0.5327
vn 0.4804 0.8228 -0.3038
vn 0.2999 -0.9349 -0.1897
vn 0.8343 -0.1603 -0.5276
vn 0.5348 0.7744 -0.3382
vn 0.2353 -0.9605 -0.1488
vn 0.8207 -0.2391 -0.5190
vn 0.5857 0.7209 -0.3704
vn 0.1692 -0.9798 -0.1070
vn 0.8018 -0.3164 -0.5070
vn 0.6329 0.6628 -0.4002
vn 0.1020 -0.9927 -0.0645
vn 0.7777 -0.3917 -0.4918
vn 0.6759 0.6004 -0.4274
vn 0.0341 -0.9992 -0.0215
vn 0.7485 -0.4644 -0.4733
vn 0.7145 0.5342 -0.4518
vn 0.7145 -0.5342 -0.4518
vn 0.7485 0.4644 -0.4733
vn 0.0340 0.9992 -0.0215
vn 0.6759 -0.6004 -0.4274
vn 0.7777 0.3917 -0.4918
vn 0.1020 0.9927 -0.0645
vn 0.6329 -0.6628 -0.4002
vn 0.8018 0.3164 -0.5070
vn 0.1692 0.9798 -0.1070
vn 0.5857 -0.7209 -0.3704
vn 0.8207 0.2391 -0.5190
vn 0.2353 0.9605 -0.1488
vn 0.5348 -0.7744 -0.3382
vn 0.8343 0.1603 -0.5276
vn 0.8855 -0.0000 -0.4647
vn 0.4430 0.8659 -0.2325
vn 0.3798 -0.9033 -0.1994
vn 0.8826 -0.0804 -0.4632
vn 0.5033 0.8228 -0.2641
vn 0.3142 -0.9349 -0.1649
vn 0.8740 -0.1603 -0.4587
vn 0.5603 0.7744 -0.2941
vn 0.2465 -0.9605 -0.1294
vn 0.8598 -0.2391 -0.4512
vn 0.6136 0.7209 -0.3221
vn 0.1772 -0.9798 -0.0930
vn 0.8400 -0.3164 -0.4408
vn 0.6630 0.6628 -0.3480
vn 0.1068 -0.9927 -0.0561
vn 0.8147 -0.3917 -0.4276
vn 0.7081 0.6004 -0.3716
vn 0.0357 -0.9992 -0.0187
vn 0.7842 -0.4644 -0.4116
vn 0.7486 0.5342 -0.3929
vn 0.7486 -0.5342 -0.3929
vn 0.7842 0.4644 -0.4116
vn 0.0357 0.9992 -0.0187
vn 0.7081 -0.6004 -0.3716
vn 0.8147 0.3917 -0.4276
vn 0.1068 0.9927 -0.0561
vn 0.6630 -0.6628 -0.3480
vn 0.8400 0.3164 -0.4408
vn 0.1772 0.9798 -0.0930
vn 0.6136 -0.7209 -0.3221
vn 0.8598 0.2391 -0.4512
vn 0.2465 0.9605 -0.1294
vn 0.5603 -0.7744 -0.2941
vn 0.8740 0.1603 -0.4587
vn 0.3142 0.9349 -0.1649
vn 0.5033 -0.8228 -0.2641
vn 0.8826 0.0804 -0.4632
vn 0.3798 0.9033 -0.1994
vn 0.4430 -0.8658 -0.2325
vn 0.5229 0.8228 -0.2228
vn 0.3265 -0.9349 -0.1391
vn 0.9081 -0.1603 -0.3869
vn 0.5821 0.7744 -0.2480
vn 0.2561 -0.9605 -0.1091
vn 0.8933 -0.2391 -0.3806
vn 0.6376 0.7209 -0.2716
vn 0.1842 -0.9798 -0.0785
vn 0.8727 -0.3164 -0.3718
vn 0.6889 0.6628 -0.2935
vn 0.1110 -0.9927 -0.0473
vn 0.8465 -0.3917 -0.3606
vn 0.7357 0.6004 -0.3134
vn 0.0371 -0.9992 -0.0158
vn 0.8147 -0.4644 -0.3471
vn 0.7777 0.5342 -0.3314
vn 0.7777 -0.5342 -0.3314
vn 0.8147 0.4644 -0.3471
vn 0.0371 0.9992 -0.0158
vn 0.7357 -0.6004 -0.3134
vn 0.8465 0.3917 -0.3606
vn 0.1110 0.9927 -0.0473
vn 0.6889 -0.6628 -0.2935
vn 0.8727 0.3164 -0.3718
vn 0.1842 0.9798 -0.0785
vn 0.6376 -0.7209 -0.2716
vn 0.8933 0.2391 -0.3806
vn 0.2561 0.9605 -0.1091
vn 0.5821 -0.7744 -0.2480
vn 0.9081 0.1603 -0.3869
vn 0.3265 0.9349 -0.1391
vn 0.5229 -0.8228 -0.2228
vn 0.9170 0.0804 -0.3907
vn 0.3946 0.9033 -0.1681
vn 0.4603 -0.8658 -0.1961
vn 0.9200 -0.0000 -0.3920
vn 0.4603 0.8658 -0.1961
vn 0.3946 -0.9033 -0.1681
vn 0.9170 -0.0804 -0.3907
vn 0.2641 -0.9605 -0.0882
vn 0.9210 -0.2391 -0.3075
vn 0.6573 0.7209 -0.2195
vn 0.1899 -0.9798 -0.0634
vn 0.8998 -0.3164 -0.3004
vn 0.7102 0.6628 -0.2371
vn 0.1144 -0.9927 -0.0382
vn 0.8727 -0.3917 -0.2914
vn 0.7585 0.6004 -0.2532
vn 0.0382 -0.9992 -0.0128
vn 0.8400 -0.4644 -0.2804
vn 0.8019 0.5342 -0.2677
vn 0.8019 -0.5342 -0.2677
vn 0.8400 0.4644 -0.2804
vn 0.0382 0.9992 -0.0128
vn 0.7585 -0.6004 -0.2532
vn 0.8727 0.3917 -0.2914
vn 0.1144 0.9927 -0.0382
vn 0.7102 -0.6628 -0.2371
vn 0.8998 0.3164 -0.3004
vn 0.1899 0.9798 -0.0634
vn 0.6574 -0.7209 -0.2195
vn 0.9210 0.2391 -0.3075
vn 0.2641 0.9605 -0.0882
vn 0.6002 -0.7744 -0.2004
vn 0.9363 0.1603 -0.3126
vn 0.3366 0.9349 -0.1124
vn 0.5391 -0.8228 -0.1800
vn 0.9455 0.0804 -0.3156
vn 0.4069 0.9033 -0.1358
vn 0.4746 -0.8658 -0.1584
vn 0.9485 -0.0000 -0.3167
vn 0.4746 0.8658 -0.1584
vn 0.4069 -0.9033 -0.1358
vn 0.9455 -0.0804 -0.3156
vn 0.5391 0.8228 -0.1800
vn 0.3366 -0.9349 -0.1124
vn 0.9363 -0.1603 -0.3126
vn 0.6002 0.7744 -0.2004
vn 0.9210 -0.3164 -0.2270
vn 0.7270 0.6628 -0.1792
vn 0.1171 -0.9927 -0.0289
vn 0.8934 -0.3917 -0.2202
vn 0.7764 0.6004 -0.1914
vn 0.0391 -0.9992 -0.0096
vn 0.8599 -0.4644 -0.2119
vn 0.8208 0.5342 -0.2023
vn 0.8208 -0.5342 -0.2023
vn 0.8599 0.4644 -0.2119
vn 0.0391 0.9992 -0.0096
vn 0.7764 -0.6004 -0.1914
vn 0.8934 0.3917 -0.2202
vn 0.1171 0.9927 -0.0289
vn 0.7270 -0.6628 -0.1792
vn 0.9210 0.3164 -0.2270
vn 0.1944 0.9798 -0.0479
vn 0.6729 -0.7209 -0.1658
vn 0.9428 0.2391 -0.2324
vn 0.2703 0.9605 -0.0666
vn 0.6144 -0.7744 -0.1514
vn 0.9584 0.1603 -0.2362
vn 0.3445 0.9349 -0.0849
vn 0.5519 -0.8228 -0.1360
vn 0.9678 0.0804 -0.2385
vn 0.4165 0.9033 -0.1027
vn 0.4858 -0.8659 -0.1197
vn 0.9709 -0.0000 -0.2393
vn 0.4858 0.8658 -0.1197
vn 0.4165 -0.9033 -0.1027
vn 0.9678 -0.0804 -0.2385
vn 0.5519 0.8228 -0.1360
vn 0.3445 -0.9349 -0.0849
vn 0.9584 -0.1603 -0.2362
vn 0.6144 0.7744 -0.1514
vn 0.2703 -0.9605 -0.0666
vn 0.9428 -0.2391 -0.2324
vn 0.6729 0.7209 -0.1659
vn 0.1944 -0.9798 -0.0479
vn 0.7893 0.6004 -0.1283
vn 0.0398 -0.9992 -0.0065
vn 0.8741 -0.4644 -0.1421
vn 0.8344 0.5342 -0.1356
vn 0.8344 -0.5342 -0.1356
vn 0.8741 0.4644 -0.1421
vn 0.0398 0.9992 -0.0065
vn 0.7893 -0.6004 -0.1283
vn 0.9082 0.3917 -0.1476
vn 0.1191 0.9927 -0.0194
vn 0.7391 -0.6628 -0.1201
vn 0.9363 0.3164 -0.1522
vn 0.1976 0.9798 -0.0321
vn 0.6840 -0.7209 -0.1112
vn 0.9584 0.2391 -0.1558
vn 0.2748 0.9605 -0.0447
vn 0.6246 -0.7744 -0.1015
vn 0.9743 0.1603 -0.1583
vn 0.3503 0.9349 -0.0569
vn 0.5610 -0.8228 -0.0912
vn 0.9839 0.0804 -0.1599
vn 0.4234 0.9033 -0.0688
vn 0.4938 -0.8658 -0.0803
vn 0.9871 -0.0000 -0.1604
vn 0.4938 0.8658 -0.0803
vn 0.4234 -0.9033 -0.0688
vn 0.9839 -0.0804 -0.1599
vn 0.5610 0.8228 -0.0912
vn 0.3503 -0.9349 -0.0569
vn 0.9743 -0.1603 -0.1583
vn 0.6246 0.7744 -0.1015
vn 0.2748 -0.9605 -0.0447
vn 0.9584 -0.2391 -0.1558
vn 0.6840 0.7209 -0.1112
vn 0.1976 -0.9798 -0.0321
vn 0.9363 -0.3164 -0.1522
vn 0.7391 0.6628 -0.1201
vn 0.1191 -0.9927 -0.0194
vn 0.9082 -0.3917 -0.1476
vn 0.8426 -0.5342 -0.0680
vn 0.8827 0.4644 -0.0713
vn 0.0402 0.9992 -0.0032
vn 0.7971 -0.6004 -0.0643
vn 0.9171 0.3917 -0.0740
vn 0.1202 0.9927 -0.0097
vn 0.7464 -0.6628 -0.0603
vn 0.9455 0.3164 -0.0763
vn 0.1995 0.9798 -0.0161
vn 0.6908 -0.7209 -0.0558
vn 0.9678 0.2391 -0.0781
vn 0.2775 0.9605 -0.0224
vn 0.6307 -0.7744 -0.0509
vn 0.9839 0.1603 -0.0794
vn 0.3537 0.9349 -0.0286
vn 0.5665 -0.8228 -0.0457
vn 0.9935 0.0804 -0.0802
vn 0.4276 0.9033 -0.0345
vn 0.4987 -0.8658 -0.0403
vn 0.9968 -0.0000 -0.0805
vn 0.4987 0.8658 -0.0403
vn 0.4276 -0.9033 -0.0345
vn 0.9935 -0.0804 -0.0802
vn 0.5665 0.8228 -0.0457
vn 0.3537 -0.9349 -0.0286
vn 0.9839 -0.1603 -0.0794
vn 0.6307 0.7744 -0.0509
vn 0.2775 -0.9605 -0.0224
vn 0.9678 -0.2391 -0.0781
vn 0.6908 0.7209 -0.0558
vn 0.1995 -0.9798 -0.0161
vn 0.9455 -0.3164 -0.0763
vn 0.7464 0.6628 -0.0603
vn 0.1202 -0.9927 -0.0097
vn 0.9171 -0.3917 -0.0740
vn 0.7971 0.6004 -0.0643
vn 0.0402 -0.9992 -0.0032
vn 0.8827 -0.4644 -0.0713
vn 0.8426 0.5342 -0.0680
vn 0.9201 0.3917 -0.0000
vn 0.1206 0.9927 -0.0000
vn 0.7488 -0.6628 -0.0000
vn 0.9486 0.3164 -0.0000
vn 0.2002 0.9798 -0.0000
vn 0.6930 -0.7209 -0.0000
vn 0.9710 0.2391 -0.0000
vn 0.2784 0.9605 -0.0000
vn 0.6328 -0.7744 -0.0000
vn 0.9871 0.1603 -0.0000
vn 0.3549 0.9349 -0.0000
vn 0.5684 -0.8228 -0.0000
vn 0.9968 0.0804 -0.0000
vn 0.4290 0.9033 -0.0000
vn 0.5003 -0.8658 -0.0000
vn 1.0000 -0.0000 -0.0000
vn 0.5003 0.8659 -0.0000
vn 0.4290 -0.9033 -0.0000
vn 0.9968 -0.0804 -0.0000
vn 0.5684 0.8228 -0.0000
vn 0.3549 -0.9349 -0.0000
vn 0.9871 -0.1603 -0.0000
vn 0.6328 0.7744 -0.0000
vn 0.2784 -0.9605 -0.0000
vn 0.9710 -0.2391 -0.0000
vn 0.6930 0.7209 -0.0000
vn 0.2002 -0.9798 -0.0000
vn 0.9486 -0.3164 -0.0000
vn 0.7488 0.6628 -0.0000
vn 0.1206 -0.9927 -0.0000
vn 0.9201 -0.3917 -0.0000
vn 0.7997 0.6004 -0.0000
vn 0.0403 -0.9992 -0.0000
vn 0.8856 -0.4644 -0.0000
vn 0.8454 0.5342 -0.0000
vn 0.8454 -0.5342 -0.0000
vn 0.8856 0.4644 -0.0000
vn 0.0403 0.9992 -0.0000
vn 0.7997 -0.6004 -0.0000
vn 0.1995 0.9798 0.0161
vn 0.6908 -0.7209 0.0558
vn 0.9678 0.2391 0.0781
vn 0.2775 0.9605 0.0224
vn 0.6307 -0.7744 0.0509
vn 0.9839 0.1603 0.0794
vn 0.3537 0.9349 0.0286
vn 0.5665 -0.8228 0.0457
vn 0.9935 0.0804 0.0802
vn 0.4276 0.9033 0.0345
vn 0.4987 -0.8658 0.0403
vn 0.9968 -0.0000 0.0805
vn 0.4987 0.8659 0.0403
vn 0.4276 -0.9033 0.0345
vn 0.9935 -0.0804 0.0802
vn 0.5665 0.8228 0.0457
vn 0.3537 -0.9349 0.0286
vn 0.9839 -0.1603 0.0794
vn 0.6307 0.7744 0.0509
vn 0.2775 -0.9605 0.0224
vn 0.9678 -0.2391 0.0781
vn 0.6908 0.7209 0.0558
vn 0.1995 -0.9798 0.0161
vn 0.9455 -0.3164 0.0763
vn 0.7464 0.6628 0.0603
vn 0.1202 -0.9927 0.0097
vn 0.9171 -0.3917 0.0740
vn 0.7971 0.6004 0.0643
vn 0.0402 -0.9992 0.0032
vn 0.8827 -0.4644 0.0713
vn 0.8426 0.5342 0.0680
vn 0.8426 -0.5342 0.0680
vn 0.8827 0.4644 0.0713
vn 0.0402 0.9992 0.0032
vn 0.7971 -0.6004 0.0643
vn 0.9171 0.3917 0.0740
vn 0.1202 0.9927 0.0097
vn 0.7463 -0.6628 0.0603
vn 0.9455 0.3164 0.0763
vn 0.9363 -0.3164 0.1522
vn 0.9743 0.1603 0.1583
vn 0.1191 -0.9927 0.0194
vn 0.3503 0.9349 0.0569
vn 0.9082 -0.3917 0.1476
vn 0.9839 0.0804 0.1599
vn 0.0398 -0.9992 0.0065
vn 0.4234 0.9033 0.0688
vn 0.8741 -0.4644 0.1421
vn 0.4938 0.8658 0.0803
vn 0.8344 -0.5342 0.1356
vn 0.5610 0.8228 0.0912
vn 0.7893 -0.6004 0.1283
vn 0.6246 0.7744 0.1015
vn 0.7391 -0.6628 0.1201
vn 0.6840 0.7209 0.1112
vn 0.6840 -0.7209 0.1112
vn 0.7391 0.6628 0.1201
vn 0.6246 -0.7744 0.1015
vn 0.7893 0.6004 0.1283
vn 0.5610 -0.8228 0.0912
vn 0.8344 0.5342 0.1356
vn 0.4938 -0.8658 0.0803
vn 0.9871 -0.0000 0.1604
vn 0.8741 0.4644 0.1421
vn 0.4234 -0.9033 0.0688
vn 0.0398 0.9992 0.0065
vn 0.9839 -0.0804 0.1599
vn 0.9082 0.3917 0.1476
vn 0.3503 -0.9349 0.0569
vn 0.1191 0.9927 0.0194
vn 0.9743 -0.1603 0.1583
vn 0.9363 0.3164 0.1522
vn 0.2748 -0.9605 0.0447
vn 0.1976 0.9798 0.0321
vn 0.9584 -0.2391 0.1558
vn 0.9584 0.2391 0.1558
vn 0.1976 -0.9798 0.0321
vn 0.2748 0.9605 0.0447
vn 0.7764 0.6004 0.1914
vn 0.0391 -0.9992 0.0096
vn 0.8599 -0.4644 0.2119
vn 0.8208 0.5342 0.2023
vn 0.8208 -0.5342 0.2023
vn 0.8599 0.4644 0.2119
vn 0.0391 0.9992 0.0096
vn 0.7764 -0.6004 0.1914
vn 0.8934 0.3917 0.2202
vn 0.1171 0.9927 0.0289
vn 0.7270 -0.6628 0.1792
vn 0.9210 0.3164 0.2270
vn 0.1944 0.9798 0.0479
vn 0.6729 -0.7209 0.1658
vn 0.9428 0.2391 0.2324
vn 0.2703 0.9605 0.0666
vn 0.6144 -0.7744 0.1514
vn 0.9584 0.1603 0.2362
vn 0.3445 0.9349 0.0849
vn 0.5519 -0.8228 0.1360
vn 0.9678 0.0804 0.2385
vn 0.4165 0.9033 0.1027
vn 0.4858 -0.8659 0.1197
vn 0.9709 -0.0000 0.2393
vn 0.4858 0.8658 0.1197
vn 0.4165 -0.9033 0.1027
vn 0.9678 -0.0804 0.2385
vn 0.5519 0.8228 0.1360
vn 0.3445 -0.9349 0.0849
vn 0.9584 -0.1603 0.2362
vn 0.6144 0.7744 0.1514
vn 0.2703 -0.9605 0.0666
vn 0.9428 -0.2391 0.2324
vn 0.6729 0.7209 0.1658
vn 0.1944 -0.9798 0.0479
vn 0.9210 -0.3164 0.2270
vn 0.7270 0.6628 0.1792
vn 0.1171 -0.9927 0.0289
vn 0.8934 -0.3917 0.2202
vn 0.8019 -0.5342 0.2677
vn 0.8400 0.4644 0.2804
vn 0.0382 0.9992 0.0128
vn 0.7585 -0.6004 0.2532
vn 0.8727 0.3917 0.2914
vn 0.1144 0.9927 0.0382
vn 0.7102 -0.6628 0.2371
vn 0.8998 0.3164 0.3004
vn 0.1899 0.9798 0.0634
vn 0.6573 -0.7209 0.2195
vn 0.9210 0.2391 0.3075
vn 0.2641 0.9605 0.0882
vn 0.6002 -0.7744 0.2004
vn 0.9363 0.1603 0.3126
vn 0.3366 0.9349 0.1124
vn 0.5391 -0.8228 0.1800
vn 0.9455 0.0804 0.3156
vn 0.4069 0.9033 0.1358
vn 0.4746 -0.8658 0.1584
vn 0.9485 -0.0000 0.3167
vn 0.4746 0.8658 0.1584
vn 0.4069 -0.9033 0.1358
vn 0.9455 -0.0804 0.3156
vn 0.5391 0.8228 0.1800
vn 0.3366 -0.9349 0.1124
vn 0.9363 -0.1603 0.3126
vn 0.6002 0.7744 0.2004
vn 0.2641 -0.9605 0.0882
vn 0.9210 -0.2391 0.3075
vn 0.6573 0.7209 0.2195
vn 0.1899 -0.9798 0.0634
vn 0.8998 -0.3164 0.3004
vn 0.7102 0.6628 0.2371
vn 0.1144 -0.9927 0.0382
vn 0.8727 -0.3917 0.2914
vn 0.7585 0.6004 0.2532
vn 0.0382 -0.9992 0.0128
vn 0.8400 -0.4644 0.2804
vn 0.8019 0.5342 0.2677
vn 0.8465 0.3917 0.3606
vn 0.1110 0.9927 0.0473
vn 0.6889 -0.6628 0.2935
vn 0.8727 0.3164 0.3718
vn 0.1842 0.9798 0.0785
vn 0.6376 -0.7209 0.2716
vn 0.8933 0.2391 0.3806
vn 0.2561 0.9605 0.1091
vn 0.5821 -0.7744 0.2480
vn 0.9081 0.1603 0.3869
vn 0.3265 0.9349 0.1391
vn 0.5229 -0.8228 0.2228
vn 0.9170 0.0804 0.3907
vn 0.3946 0.9033 0.1681
vn 0.4603 -0.8658 0.1961
vn 0.9200 -0.0000 0.3920
vn 0.4603 0.8658 0.1961
vn 0.3946 -0.9033 0.1681
vn 0.9170 -0.0804 0.3907
vn 0.5229 0.8228 0.2228
vn 0.3265 -0.9349 0.1391
vn 0.9081 -0.1603 0.3869
vn 0.5821 0.7744 0.2480
vn 0.2561 -0.9605 0.1091
vn 0.8933 -0.2391 0.3806
vn 0.6376 0.7209 0.2716
vn 0.1842 -0.9798 0.0785
vn 0.8727 -0.3164 0.3718
vn 0.6889 0.6628 0.2935
vn 0.1110 -0.9927 0.0473
vn 0.8465 -0.3917 0.3606
vn 0.7357 0.6004 0.3134
vn 0.0371 -0.9992 0.0158
vn 0.8147 -0.4644 0.3471
vn 0.7777 0.5342 0.3314
vn 0.7777 -0.5342 0.3314
vn 0.8147 0.4644 0.3471
vn 0.0371 0.9992 0.0158
vn 0.7357 -0.6004 0.3134
vn 0.1772 0.9798 0.0930
vn 0.6136 -0.7209 0.3221
vn 0.8598 0.2391 0.4512
vn 0.2465 0.9605 0.1294
vn 0.5603 -0.7744 0.2941
vn 0.8740 0.1603 0.4587
vn 0.3142 0.9349 0.1649
vn 0.5033 -0.8228 0.2641
vn 0.8826 0.0804 0.4632
vn 0.3798 0.9033 0.1994
vn 0.4430 -0.8658 0.2325
vn 0.8855 -0.0000 0.4647
vn 0.4430 0.8658 0.2325
vn 0.3798 -0.9033 0.1994
vn 0.8826 -0.0804 0.4632
vn 0.5033 0.8228 0.2641
vn 0.3142 -0.9349 0.1649
vn 0.8740 -0.1603 0.4587
vn 0.5603 0.7744 0.2941
vn 0.2465 -0.9605 0.1294
vn 0.8598 -0.2391 0.4512
vn 0.6136 0.7209 0.3221
vn 0.1773 -0.9798 0.0930
vn 0.8400 -0.3164 0.4408
vn 0.6630 0.6628 0.3480
vn 0.1068 -0.9927 0.0561
vn 0.8147 -0.3917 0.4276
vn 0.7081 0.6004 0.3716
vn 0.0357 -0.9992 0.0187
vn 0.7842 -0.4644 0.4116
vn 0.7486 0.5342 0.3929
vn 0.7486 -0.5342 0.3929
vn 0.7842 0.4644 0.4116
vn 0.0357 0.9992 0.0187
vn 0.7081 -0.6004 0.3716
vn 0.8147 0.3917 0.4276
vn 0.1068 0.9927 0.0561
vn 0.6630 -0.6628 0.3480
vn 0.8400 0.3164 0.4408
vn 0.5348 -0.7744 0.3382
vn 0.8343 0.1603 0.5276
vn 0.2999 0.9349 0.1897
vn 0.4804 -0.8228 0.3038
vn 0.8425 0.0804 0.5327
vn 0.3626 0.9033 0.2293
vn 0.4229 -0.8658 0.2674
vn 0.8452 -0.0000 0.5345
vn 0.4229 0.8659 0.2674
vn 0.3626 -0.9033 0.2293
vn 0.8425 -0.0804 0.5327
vn 0.4804 0.8228 0.3038
vn 0.2999 -0.9349 0.1897
vn 0.8343 -0.1603 0.5276
vn 0.5348 0.7744 0.3382
vn 0.2353 -0.9605 0.1488
vn 0.8207 -0.2391 0.5190
vn 0.5857 0.7209 0.3704
vn 0.1692 -0.9798 0.1070
vn 0.8018 -0.3164 0.5070
vn 0.6329 0.6628 0.4002
vn 0.1020 -0.9927 0.0645
vn 0.7777 -0.3917 0.4918
vn 0.6759 0.6004 0.4274
vn 0.0341 -0.9992 0.0215
vn 0.7485 -0.4644 0.4733
vn 0.7145 0.5342 0.4518
vn 0.7145 -0.5342 0.4518
vn 0.7485 0.4644 0.4733
vn 0.0340 0.9992 0.0215
vn 0.6759 -0.6004 0.4274
vn 0.7777 0.3917 0.4918
vn 0.1020 0.9927 0.0645
vn 0.6329 -0.6628 0.4002
vn 0.8018 0.3164 0.5070
vn 0.1692 0.9798 0.1070
vn 0.5857 -0.7209 0.3704
vn 0.8207 0.2391 0.5190
vn 0.2353 0.9605 0.1488
vn 0.7969 0.0804 0.5988
vn 0.3429 0.9033 0.2577
vn 0.4000 -0.8658 0.3006
vn 0.7994 -0.0000 0.6007
vn 0.4000 0.8659 0.3006
vn 0.3429 -0.9033 0.2577
vn 0.7969 -0.0804 0.5988
vn 0.4544 0.8228 0.3414
vn 0.2837 -0.9349 0.2132
vn 0.7891 -0.1603 0.5930
vn 0.5059 0.7744 0.3801
vn 0.2226 -0.9605 0.1673
vn 0.7762 -0.2391 0.5833
vn 0.5540 0.7209 0.4163
vn 0.1600 -0.9798 0.1203
vn 0.7584 -0.3164 0.5699
vn 0.5986 0.6628 0.4498
vn 0.0964 -0.9927 0.0725
vn 0.7356 -0.3917 0.5527
vn 0.6393 0.6004 0.4804
vn 0.0322 -0.9992 0.0242
vn 0.7080 -0.4644 0.5320
vn 0.6758 0.5342 0.5079
vn 0.6758 -0.5342 0.5079
vn 0.7080 0.4644 0.5320
vn 0.0322 0.9992 0.0242
vn 0.6393 -0.6004 0.4804
vn 0.7356 0.3917 0.5527
vn 0.0964 0.9927 0.0725
vn 0.5986 -0.6628 0.4498
vn 0.7584 0.3164 0.5699
vn 0.1600 0.9798 0.1203
vn 0.5540 -0.7209 0.4163
vn 0.7762 0.2391 0.5833
vn 0.2226 0.9605 0.1673
vn 0.5059 -0.7744 0.3801
vn 0.7891 0.1603 0.5930
vn 0.2837 0.9349 0.2132
vn 0.4544 -0.8228 0.3414
vn 0.3745 0.8658 0.3318
vn 0.3211 -0.9033 0.2845
vn 0.7461 -0.0804 0.6610
vn 0.4254 0.8228 0.3769
vn 0.2656 -0.9349 0.2353
vn 0.7388 -0.1603 0.6545
vn 0.4736 0.7744 0.4196
vn 0.2084 -0.9605 0.1846
vn 0.7268 -0.2391 0.6439
vn 0.5187 0.7209 0.4596
vn 0.1498 -0.9798 0.1327
vn 0.7100 -0.3164 0.6290
vn 0.5605 0.6628 0.4965
vn 0.0903 -0.9927 0.0800
vn 0.6887 -0.3917 0.6101
vn 0.5986 0.6004 0.5303
vn 0.0302 -0.9992 0.0267
vn 0.6629 -0.4644 0.5873
vn 0.6328 0.5342 0.5606
vn 0.6328 -0.5342 0.5606
vn 0.6629 0.4644 0.5873
vn 0.0302 0.9992 0.0267
vn 0.5986 -0.6004 0.5303
vn 0.6887 0.3917 0.6101
vn 0.0903 0.9927 0.0800
vn 0.5605 -0.6628 0.4965
vn 0.7100 0.3164 0.6290
vn 0.1498 0.9798 0.1327
vn 0.5187 -0.7209 0.4596
vn 0.7268 0.2391 0.6439
vn 0.2084 0.9605 0.1846
vn 0.4736 -0.7744 0.4196
vn 0.7388 0.1603 0.6545
vn 0.2656 0.9349 0.2353
vn 0.4254 -0.8228 0.3769
vn 0.7461 0.0804 0.6610
vn 0.3211 0.9033 0.2845
vn 0.3745 -0.8658 0.3318
vn 0.7485 -0.0000 0.6631
vn 0.6838 -0.1603 0.7119
vn 0.4383 0.7744 0.4563
vn 0.1929 -0.9605 0.2008
vn 0.6726 -0.2391 0.7003
vn 0.4801 0.7209 0.4998
vn 0.1387 -0.9798 0.1444
vn 0.6571 -0.3164 0.6841
vn 0.5187 0.6628 0.5400
vn 0.0836 -0.9927 0.0870
vn 0.6374 -0.3917 0.6636
vn 0.5540 0.6004 0.5767
vn 0.0279 -0.9992 0.0291
vn 0.6135 -0.4644 0.6387
vn 0.5856 0.5342 0.6097
vn 0.5856 -0.5342 0.6097
vn 0.6135 0.4644 0.6387
vn 0.0279 0.9992 0.0291
vn 0.5540 -0.6004 0.5767
vn 0.6374 0.3917 0.6636
vn 0.0836 0.9927 0.0870
vn 0.5187 -0.6628 0.5400
vn 0.6571 0.3164 0.6841
vn 0.1387 0.9798 0.1444
vn 0.4801 -0.7209 0.4998
vn 0.6726 0.2391 0.7003
vn 0.1929 0.9605 0.2008
vn 0.4383 -0.7744 0.4563
vn 0.6838 0.1603 0.7119
vn 0.2458 0.9349 0.2559
vn 0.3937 -0.8228 0.4099
vn 0.6905 0.0804 0.7189
vn 0.2972 0.9033 0.3094
vn 0.3466 -0.8658 0.3608
vn 0.6927 -0.0000 0.7212
vn 0.3466 0.8658 0.3608
vn 0.2972 -0.9033 0.3094
vn 0.6905 -0.0804 0.7189
vn 0.3937 0.8228 0.4099
vn 0.2458 -0.9349 0.2559
vn 0.4383 0.7209 0.5368
vn 0.1266 -0.9798 0.1551
vn 0.5999 -0.3164 0.7348
vn 0.4736 0.6628 0.5800
vn 0.0763 -0.9927 0.0934
vn 0.5819 -0.3917 0.7127
vn 0.5058 0.6004 0.6194
vn 0.0255 -0.9992 0.0312
vn 0.5601 -0.4644 0.6860
vn 0.5347 0.5342 0.6548
vn 0.5347 -0.5342 0.6548
vn 0.5601 0.4644 0.6860
vn 0.0255 0.9992 0.0312
vn 0.5058 -0.6004 0.6194
vn 0.5819 0.3917 0.7127
vn 0.0763 0.9927 0.0934
vn 0.4736 -0.6628 0.5800
vn 0.5999 0.3164 0.7348
vn 0.1266 0.9798 0.1551
vn 0.4383 -0.7209 0.5368
vn 0.6141 0.2391 0.7521
vn 0.1761 0.9605 0.2157
vn 0.4002 -0.7744 0.4901
vn 0.6243 0.1603 0.7646
vn 0.2244 0.9349 0.2749
vn 0.3595 -0.8228 0.4403
vn 0.6304 0.0804 0.7721
vn 0.2713 0.9033 0.3323
vn 0.3164 -0.8658 0.3875
vn 0.6324 -0.0000 0.7746
vn 0.3164 0.8658 0.3875
vn 0.2713 -0.9033 0.3323
vn 0.6304 -0.0804 0.7721
vn 0.3595 0.8228 0.4403
vn 0.2244 -0.9349 0.2749
vn 0.6243 -0.1603 0.7646
vn 0.4002 0.7744 0.4901
vn 0.1761 -0.9605 0.2157
vn 0.6141 -0.2391 0.7521
vn 0.0685 -0.9927 0.0993
vn 0.5227 -0.3917 0.7572
vn 0.4543 0.6004 0.6581
vn 0.0229 -0.9992 0.0332
vn 0.5031 -0.4644 0.7288
vn 0.4802 0.5342 0.6957
vn 0.4802 -0.5342 0.6957
vn 0.5031 0.4644 0.7288
vn 0.0229 0.9992 0.0332
vn 0.4543 -0.6004 0.6581
vn 0.5227 0.3917 0.7572
vn 0.0685 0.9927 0.0993
vn 0.4254 -0.6628 0.6162
vn 0.5389 0.3164 0.7807
vn 0.1137 0.9798 0.1647
vn 0.3937 -0.7209 0.5703
vn 0.5516 0.2391 0.7991
vn 0.1582 0.9605 0.2291
vn 0.3594 -0.7744 0.5207
vn 0.5607 0.1603 0.8123
vn 0.2016 0.9349 0.2920
vn 0.3229 -0.8228 0.4678
vn 0.5662 0.0804 0.8203
vn 0.2437 0.9033 0.3530
vn 0.2842 -0.8659 0.4117
vn 0.5681 -0.0000 0.8230
vn 0.2842 0.8658 0.4117
vn 0.2437 -0.9033 0.3530
vn 0.5662 -0.0804 0.8203
vn 0.3229 0.8228 0.4678
vn 0.2016 -0.9349 0.2920
vn 0.5607 -0.1603 0.8123
vn 0.3594 0.7744 0.5207
vn 0.1582 -0.9605 0.2291
vn 0.5516 -0.2391 0.7991
vn 0.3937 0.7209 0.5703
vn 0.1137 -0.9798 0.1647
vn 0.5389 -0.3164 0.7807
vn 0.4254 0.6628 0.6162
vn 0.4428 -0.4644 0.7670
vn 0.4227 0.5342 0.7321
vn 0.4227 -0.5342 0.7321
vn 0.4428 0.4644 0.7670
vn 0.0201 0.9992 0.0349
vn 0.3998 -0.6004 0.6925
vn 0.4600 0.3917 0.7968
vn 0.0603 0.9927 0.1045
vn 0.3744 -0.6628 0.6485
vn 0.4743 0.3164 0.8215
vn 0.1001 0.9798 0.1734
vn 0.3465 -0.7209 0.6002
vn 0.4855 0.2391 0.8409
vn 0.1392 0.9605 0.2411
vn 0.3164 -0.7744 0.5480
vn 0.4935 0.1603 0.8548
vn 0.1774 0.9349 0.3073
vn 0.2842 -0.8228 0.4922
vn 0.4984 0.0804 0.8632
vn 0.2145 0.9033 0.3715
vn 0.2502 -0.8658 0.4333
vn 0.5000 -0.0000 0.8660
vn 0.2502 0.8659 0.4333
vn 0.2145 -0.9033 0.3715
vn 0.4984 -0.0804 0.8632
vn 0.2842 0.8228 0.4922
vn 0.1774 -0.9349 0.3073
vn 0.4935 -0.1603 0.8548
vn 0.3164 0.7744 0.5480
vn 0.1392 -0.9605 0.2411
vn 0.4855 -0.2391 0.8409
vn 0.3465 0.7209 0.6002
vn 0.1001 -0.9798 0.1734
vn 0.4743 -0.3164 0.8215
vn 0.3744 0.6628 0.6485
vn 0.0603 -0.9927 0.1045
vn 0.4600 -0.3917 0.7968
vn 0.3998 0.6004 0.6925
vn 0.0202 -0.9992 0.0349
vn 0.3797 0.4644 0.8001
vn 0.0173 0.9992 0.0364
vn 0.3428 -0.6004 0.7225
vn 0.3944 0.3917 0.8313
vn 0.0517 0.9927 0.1090
vn 0.3210 -0.6628 0.6765
vn 0.4067 0.3164 0.8570
vn 0.0858 0.9798 0.1809
vn 0.2971 -0.7209 0.6261
vn 0.4163 0.2391 0.8772
vn 0.1194 0.9605 0.2515
vn 0.2713 -0.7744 0.5717
vn 0.4232 0.1603 0.8918
vn 0.1521 0.9349 0.3206
vn 0.2437 -0.8228 0.5135
vn 0.4273 0.0804 0.9005
vn 0.1839 0.9033 0.3876
vn 0.2145 -0.8658 0.4520
vn 0.4287 -0.0000 0.9035
vn 0.2145 0.8659 0.4520
vn 0.1839 -0.9033 0.3876
vn 0.4273 -0.0804 0.9005
vn 0.2437 0.8228 0.5135
vn 0.1521 -0.9349 0.3206
vn 0.4232 -0.1603 0.8918
vn 0.2713 0.7744 0.5717
vn 0.1194 -0.9605 0.2515
vn 0.4163 -0.2391 0.8772
vn 0.2971 0.7209 0.6261
vn 0.0858 -0.9798 0.1809
vn 0.4067 -0.3164 0.8570
vn 0.3210 0.6628 0.6765
vn 0.0517 -0.9927 0.1090
vn 0.3944 -0.3917 0.8313
vn 0.3428 0.6004 0.7225
vn 0.0173 -0.9992 0.0364
vn 0.3797 -0.4644 0.8001
vn 0.3624 0.5342 0.7638
vn 0.3624 -0.5342 0.7638
vn 0.0428 0.9927 0.1128
vn 0.2655 -0.6628 0.7001
vn 0.3364 0.3164 0.8870
vn 0.0710 0.9798 0.1872
vn 0.2457 -0.7209 0.6480
vn 0.3443 0.2391 0.9079
vn 0.0987 0.9605 0.2603
vn 0.2244 -0.7744 0.5916
vn 0.3500 0.1603 0.9229
vn 0.1258 0.9349 0.3318
vn 0.2015 -0.8228 0.5314
vn 0.3535 0.0804 0.9320
vn 0.1521 0.9033 0.4011
vn 0.1774 -0.8658 0.4678
vn 0.3546 -0.0000 0.9350
vn 0.1774 0.8658 0.4678
vn 0.1521 -0.9033 0.4011
vn 0.3535 -0.0804 0.9320
vn 0.2016 0.8228 0.5314
vn 0.1258 -0.9349 0.3318
vn 0.3500 -0.1603 0.9229
vn 0.2244 0.7744 0.5916
vn 0.0987 -0.9605 0.2603
vn 0.3443 -0.2391 0.9079
vn 0.2457 0.7209 0.6480
vn 0.0710 -0.9798 0.1872
vn 0.3364 -0.3164 0.8870
vn 0.2655 0.6628 0.7001
vn 0.0428 -0.9927 0.1128
vn 0.3263 -0.3917 0.8603
vn 0.2836 0.6004 0.7477
vn 0.0143 -0.9992 0.0377
vn 0.3140 -0.4644 0.8281
vn 0.2998 0.5342 0.7905
vn 0.2998 -0.5342 0.7904
vn 0.3140 0.4644 0.8281
vn 0.0143 0.9992 0.0377
vn 0.2836 -0.6004 0.7477
vn 0.3263 0.3917 0.8603
vn 0.2701 0.2391 0.9327
vn 0.0775 0.9605 0.2674
vn 0.1760 -0.7744 0.6078
vn 0.2746 0.1603 0.9481
vn 0.0987 0.9349 0.3408
vn 0.1581 -0.8228 0.5459
vn 0.2773 0.0804 0.9574
vn 0.1194 0.9033 0.4120
vn 0.1392 -0.8658 0.4806
vn 0.2782 -0.0000 0.9605
vn 0.1392 0.8658 0.4806
vn 0.1193 -0.9033 0.4120
vn 0.2773 -0.0804 0.9574
vn 0.1581 0.8228 0.5459
vn 0.0987 -0.9349 0.3408
vn 0.2746 -0.1603 0.9481
vn 0.1760 0.7744 0.6078
vn 0.0775 -0.9605 0.2674
vn 0.2701 -0.2391 0.9327
vn 0.1928 0.7209 0.6657
vn 0.0557 -0.9798 0.1923
vn 0.2639 -0.3164 0.9112
vn 0.2083 0.6628 0.7192
vn 0.0336 -0.9927 0.1159
vn 0.2560 -0.3917 0.8838
vn 0.2225 0.6004 0.7681
vn 0.0112 -0.9992 0.0387
vn 0.2464 -0.4644 0.8506
vn 0.2352 0.5342 0.8120
vn 0.2352 -0.5342 0.8120
vn 0.2464 0.4644 0.8506
vn 0.0112 0.9992 0.0387
vn 0.2225 -0.6004 0.7681
vn 0.2560 0.3917 0.8838
vn 0.0336 0.9927 0.1159
vn 0.2083 -0.6628 0.7192
vn 0.2639 0.3164 0.9112
vn 0.0557 0.9798 0.1923
vn 0.1928 -0.7209 0.6657
vn 0.0710 0.9349 0.3477
vn 0.1137 -0.8228 0.5569
vn 0.1994 0.0804 0.9766
vn 0.0858 0.9033 0.4203
vn 0.1001 -0.8658 0.4902
vn 0.2000 -0.0000 0.9798
vn 0.1001 0.8658 0.4902
vn 0.0858 -0.9033 0.4203
vn 0.1994 -0.0804 0.9766
vn 0.1137 0.8228 0.5569
vn 0.0710 -0.9349 0.3477
vn 0.1974 -0.1603 0.9671
vn 0.1266 0.7744 0.6200
vn 0.0557 -0.9605 0.2728
vn 0.1942 -0.2391 0.9514
vn 0.1386 0.7209 0.6790
vn 0.0400 -0.9798 0.1961
vn 0.1897 -0.3164 0.9294
vn 0.1498 0.6628 0.7336
vn 0.0241 -0.9927 0.1182
vn 0.1840 -0.3917 0.9015
vn 0.1600 0.6004 0.7835
vn 0.0081 -0.9992 0.0395
vn 0.1771 -0.4644 0.8677
vn 0.1691 0.5342 0.8283
vn 0.1691 -0.5342 0.8283
vn 0.1771 0.4644 0.8677
vn 0.0081 0.9992 0.0395
vn 0.1600 -0.6004 0.7835
vn 0.1840 0.3917 0.9015
vn 0.0241 0.9927 0.1182
vn 0.1498 -0.6628 0.7336
vn 0.1897 0.3164 0.9294
vn 0.0400 0.9798 0.1961
vn 0.1386 -0.7209 0.6790
vn 0.1942 0.2391 0.9514
vn 0.0557 0.9605 0.2728
vn 0.1266 -0.7744 0.6200
vn 0.1974 0.1603 0.9671
vn 0.0603 -0.8658 0.4967
vn 0.1205 -0.0000 0.9927
vn 0.0603 0.8658 0.4967
vn 0.0517 -0.9033 0.4258
vn 0.1201 -0.0804 0.9895
vn 0.0685 0.8228 0.5642
vn 0.0428 -0.9349 0.3523
vn 0.1190 -0.1603 0.9799
vn 0.0763 0.7744 0.6281
vn 0.0336 -0.9605 0.2764
vn 0.1170 -0.2391 0.9639
vn 0.0835 0.7209 0.6880
vn 0.0241 -0.9798 0.1987
vn 0.1143 -0.3164 0.9417
vn 0.0903 0.6628 0.7433
vn 0.0145 -0.9927 0.1198
vn 0.1109 -0.3917 0.9134
vn 0.0964 0.6004 0.7938
vn 0.0049 -0.9992 0.0400
vn 0.1067 -0.4644 0.8792
vn 0.1019 0.5342 0.8392
vn 0.1019 -0.5342 0.8392
vn 0.1067 0.4644 0.8792
vn 0.0049 0.9992 0.0400
vn 0.0964 -0.6004 0.7938
vn 0.1109 0.3917 0.9134
vn 0.0145 0.9927 0.1198
vn 0.0903 -0.6628 0.7433
vn 0.1143 0.3164 0.9417
vn 0.0241 0.9798 0.1987
vn 0.0835 -0.7209 0.6880
vn 0.1170 0.2391 0.9639
vn 0.0336 0.9605 0.2764
vn 0.0763 -0.7744 0.6281
vn 0.1190 0.1603 0.9799
vn 0.0428 0.9349 0.3523
vn 0.0685 -0.8228 0.5642
vn 0.1201 0.0804 0.9895
vn 0.0517 0.9033 0.4258
vn 0.0401 -0.0804 0.9960
vn 0.0229 0.8228 0.5679
vn 0.0143 -0.9349 0.3546
vn 0.0397 -0.1603 0.9863
vn 0.0255 0.7744 0.6322
vn 0.0112 -0.9605 0.2782
vn 0.0391 -0.2391 0.9702
vn 0.0279 0.7209 0.6925
vn 0.0081 -0.9798 0.2000
vn 0.0382 -0.3164 0.9478
vn 0.0302 0.6628 0.7482
vn 0.0049 -0.9927 0.1205
vn 0.0370 -0.3917 0.9193
vn 0.0322 0.6004 0.7990
vn 0.0016 -0.9992 0.0403
vn 0.0357 -0.4644 0.8849
vn 0.0340 0.5342 0.8447
vn 0.0340 -0.5342 0.8447
vn 0.0357 0.4644 0.8849
vn 0.0016 0.9992 0.0403
vn 0.0322 -0.6004 0.7990
vn 0.0370 0.3917 0.9193
vn 0.0049 0.9927 0.1205
vn 0.0302 -0.6628 0.7482
vn 0.0382 0.3164 0.9478
vn 0.0081 0.9798 0.2000
vn 0.0279 -0.7209 0.6925
vn 0.0391 0.2391 0.9702
vn 0.0112 0.9605 0.2782
vn 0.0255 -0.7744 0.6322
vn 0.0397 0.1603 0.9863
vn 0.0143 0.9349 0.3546
vn 0.0229 -0.8228 0.5679
vn 0.0401 0.0804 0.9960
vn 0.0173 0.9033 0.4286
vn 0.0201 -0.8658 0.4999
vn 0.0403 -0.0000 0.9992
vn 0.0201 0.8658 0.4999
vn 0.0173 -0.9033 0.4286
vn -0.0255 0.7744 0.6322
vn -0.0112 -0.9605 0.2782
vn -0.0391 -0.2391 0.9702
vn -0.0279 0.7209 0.6925
vn -0.0081 -0.9798 0.2000
vn -0.0382 -0.3164 0.9478
vn -0.0302 0.6628 0.7482
vn -0.0048 -0.9927 0.1205
vn -0.0370 -0.3917 0.9193
vn -0.0322 0.6004 0.7990
vn -0.0016 -0.9992 0.0403
vn -0.0357 -0.4644 0.8849
vn -0.0340 0.5342 0.8447
vn -0.0340 -0.5342 0.8447
vn -0.0357 0.4644 0.8849
vn -0.0016 0.9992 0.0403
vn -0.0322 -0.6004 0.7990
vn -0.0370 0.3917 0.9193
vn -0.0049 0.9927 0.1205
vn -0.0302 -0.6628 0.7482
vn -0.0382 0.3164 0.9478
vn -0.0081 0.9798 0.2000
vn -0.0279 -0.7209 0.6925
vn -0.0391 0.2391 0.9702
vn -0.0112 0.9605 0.2782
vn -0.0255 -0.7744 0.6322
vn -0.0397 0.1603 0.9863
vn -0.0143 0.9349 0.3546
vn -0.0229 -0.8228 0.5679
vn -0.0401 0.0804 0.9960
vn -0.0173 0.9033 0.4286
vn -0.0201 -0.8658 0.4999
vn -0.0403 -0.0000 0.9992
vn -0.0201 0.8658 0.4999
vn -0.0173 -0.9033 0.4286
vn -0.0401 -0.0804 0.9960
vn -0.0229 0.8228 0.5679
vn -0.0143 -0.9349 0.3546
vn -0.0397 -0.1603 0.9863
vn -0.1143 -0.3164 0.9417
vn -0.0903 0.6628 0.7433
vn -0.0145 -0.9927 0.1198
vn -0.1109 -0.3917 0.9134
vn -0.0964 0.6004 0.7938
vn -0.0049 -0.9992 0.0400
vn -0.1067 -0.4644 0.8792
vn -0.1019 0.5342 0.8392
vn -0.1019 -0.5342 0.8392
vn -0.1067 0.4644 0.8792
vn -0.0049 0.9992 0.0400
vn -0.0964 -0.6004 0.7938
vn -0.1109 0.3917 0.9134
vn -0.0145 0.9927 0.1198
vn -0.0903 -0.6628 0.7433
vn -0.1143 0.3164 0.9417
vn -0.0241 0.9798 0.1987
vn -0.0835 -0.7209 0.6880
vn -0.1170 0.2391 0.9639
vn -0.0336 0.9605 0.2764
vn -0.0763 -0.7744 0.6281
vn -0.1190 0.1603 0.9799
vn -0.0428 0.9349 0.3523
vn -0.0685 -0.8228 0.5642
vn -0.1201 0.0804 0.9895
vn -0.0517 0.9033 0.4258
vn -0.0603 -0.8658 0.4967
vn -0.1205 -0.0000 0.9927
vn -0.0603 0.8658 0.4967
vn -0.0517 -0.9033 0.4258
vn -0.1201 -0.0804 0.9895
vn -0.0685 0.8228 0.5642
vn -0.0428 -0.9349 0.3523
vn -0.1190 -0.1603 0.9799
vn -0.0763 0.7744 0.6281
vn -0.0336 -0.9605 0.2764
vn -0.1170 -0.2391 0.9639
vn -0.0835 0.7209 0.6880
vn -0.0241 -0.9798 0.1987
vn -0.1600 0.6004 0.7835
vn -0.0081 -0.9992 0.0395
vn -0.1771 -0.4644 0.8677
vn -0.1691 0.5342 0.8283
vn -0.1691 -0.5342 0.8283
vn -0.1771 0.4644 0.8677
vn -0.0081 0.9992 0.0395
vn -0.1600 -0.6004 0.7835
vn -0.1840 0.3917 0.9015
vn -0.0241 0.9927 0.1182
vn -0.1498 -0.6628 0.7336
vn -0.1897 0.3164 0.9294
vn -0.0400 0.9798 0.1961
vn -0.1386 -0.7209 0.6790
vn -0.1942 0.2391 0.9514
vn -0.0557 0.9605 0.2728
vn -0.1266 -0.7744 0.6200
vn -0.1974 0.1603 0.9671
vn -0.0710 0.9349 0.3477
vn -0.1137 -0.8228 0.5569
vn -0.1994 0.0804 0.9766
vn -0.0858 0.9033 0.4203
vn -0.1001 -0.8659 0.4902
vn -0.2000 -0.0000 0.9798
vn -0.1001 0.8658 0.4902
vn -0.0858 -0.9033 0.4203
vn -0.1994 -0.0804 0.9766
vn -0.1137 0.8228 0.5569
vn -0.0710 -0.9349 0.3477
vn -0.1974 -0.1603 0.9671
vn -0.1266 0.7744 0.6200
vn -0.0557 -0.9605 0.2728
vn -0.1942 -0.2391 0.9514
vn -0.1386 0.7209 0.6790
vn -0.0400 -0.9798 0.1961
vn -0.1897 -0.3164 0.9294
vn -0.1498 0.6628 0.7336
vn -0.0241 -0.9927 0.1182
vn -0.1840 -0.3917 0.9015
vn -0.2773 -0.0804 0.9574
vn -0.1581 0.8228 0.5459
vn -0.0987 -0.9349 0.3408
vn -0.2746 -0.1603 0.9481
vn -0.1760 0.7744 0.6078
vn -0.0775 -0.9605 0.2674
vn -0.2701 -0.2391 0.9327
vn -0.1928 0.7209 0.6657
vn -0.0557 -0.9798 0.1923
vn -0.2639 -0.3164 0.9112
vn -0.2083 0.6628 0.7192
vn -0.0336 -0.9927 0.1159
vn -0.2560 -0.3917 0.8838
vn -0.2225 0.6004 0.7681
vn -0.0112 -0.9992 0.0387
vn -0.2464 -0.4644 0.8506
vn -0.2352 0.5342 0.8120
vn -0.2352 -0.5342 0.8120
vn -0.2464 0.4644 0.8506
vn -0.0112 0.9992 0.0387
vn -0.2225 -0.6004 0.7681
vn -0.2560 0.3917 0.8838
vn -0.0336 0.9927 0.1159
vn -0.2083 -0.6628 0.7192
vn -0.2639 0.3164 0.9112
vn -0.0557 0.9798 0.1923
vn -0.1928 -0.7209 0.6657
vn -0.2701 0.2391 0.9327
vn -0.0775 0.9605 0.2674
vn -0.1760 -0.7744 0.6078
vn -0.2746 0.1603 0.9481
vn -0.0987 0.9349 0.3408
vn -0.1581 -0.8228 0.5459
vn -0.2773 0.0804 0.9574
vn -0.1193 0.9033 0.4120
vn -0.1392 -0.8659 0.4806
vn -0.2782 -0.0000 0.9605
vn -0.1392 0.8658 0.4806
vn -0.1194 -0.9033 0.4120
vn -0.2244 0.7744 0.5916
vn -0.0987 -0.9605 0.2603
vn -0.3443 -0.2391 0.9079
vn -0.2457 0.7209 0.6480
vn -0.0710 -0.9798 0.1872
vn -0.3364 -0.3164 0.8870
vn -0.2655 0.6628 0.7001
vn -0.0428 -0.9927 0.1128
vn -0.3263 -0.3917 0.8603
vn -0.2836 0.6004 0.7477
vn -0.0143 -0.9992 0.0377
vn -0.3140 -0.4644 0.8281
vn -0.2998 0.5342 0.7904
vn -0.2998 -0.5342 0.7904
vn -0.3140 0.4644 0.8281
vn -0.0143 0.9992 0.0377
vn -0.2836 -0.6004 0.7477
vn -0.3263 0.3917 0.8603
vn -0.0428 0.9927 0.1128
vn -0.2655 -0.6628 0.7001
vn -0.3364 0.3164 0.8870
vn -0.0710 0.9798 0.1872
vn -0.2457 -0.7209 0.6480
vn -0.3443 0.2391 0.9079
vn -0.0987 0.9605 0.2603
vn -0.2244 -0.7744 0.5916
vn -0.3500 0.1603 0.9229
vn -0.1258 0.9349 0.3318
vn -0.2015 -0.8228 0.5314
vn -0.3535 0.0804 0.9320
vn -0.1521 0.9033 0.4011
vn -0.1774 -0.8658 0.4678
vn -0.3546 -0.0000 0.9350
vn -0.1774 0.8658 0.4678
vn -0.1521 -0.9033 0.4011
vn -0.3535 -0.0804 0.9320
vn -0.2015 0.8228 0.5314
vn -0.1258 -0.9349 0.3318
vn -0.3500 -0.1603 0.9229
vn -0.0858 -0.9798 0.1809
vn -0.4067 -0.3164 0.8570
vn -0.3210 0.6628 0.6765
vn -0.0517 -0.9927 0.1090
vn -0.3944 -0.3917 0.8313
vn -0.3428 0.6004 0.7225
vn -0.0173 -0.9992 0.0364
vn -0.3797 -0.4644 0.8001
vn -0.3624 0.5342 0.7638
vn -0.3624 -0.5342 0.7638
vn -0.3797 0.4644 0.8001
vn -0.0173 0.9992 0.0364
vn -0.3428 -0.6004 0.7225
vn -0.3944 0.3917 0.8313
vn -0.0517 0.9927 0.1090
vn -0.3210 -0.6628 0.6765
vn -0.4067 0.3164 0.8570
vn -0.0858 0.9798 0.1809
vn -0.2971 -0.7209 0.6261
vn -0.4163 0.2391 0.8772
vn -0.1194 0.9605 0.2515
vn -0.2713 -0.7744 0.5717
vn -0.4231 0.1603 0.8918
vn -0.1521 0.9349 0.3206
vn -0.2437 -0.8228 0.5135
vn -0.4273 0.0804 0.9005
vn -0.1839 0.9033 0.3876
vn -0.2145 -0.8658 0.4520
vn -0.4287 -0.0000 0.9035
vn -0.2145 0.8658 0.4520
vn -0.1839 -0.9033 0.3876
vn -0.4273 -0.0804 0.9005
vn -0.2437 0.8228 0.5135
vn -0.1521 -0.9349 0.3206
vn -0.4231 -0.1603 0.8918
vn -0.2713 0.7744 0.5717
vn -0.1194 -0.9605 0.2515
vn -0.4163 -0.2391 0.8772
vn -0.2971 0.7209 0.6261
vn -0.4600 -0.3917 0.7968
vn -0.3998 0.6004 0.6925
vn -0.0202 -0.9992 0.0349
vn -0.4428 -0.4644 0.7670
vn -0.4227 0.5342 0.7321
vn -0.4227 -0.5342 0.7321
vn -0.4428 0.4644 0.7670
vn -0.0201 0.9992 0.0349
vn -0.3998 -0.6004 0.6925
vn -0.4600 0.3917 0.7968
vn -0.0603 0.9927 0.1045
vn -0.3744 -0.6628 0.6485
vn -0.4743 0.3164 0.8215
vn -0.1001 0.9798 0.1734
vn -0.3465 -0.7209 0.6002
vn -0.4855 0.2391 0.8409
vn -0.1392 0.9605 0.2411
vn -0.3164 -0.7744 0.5480
vn -0.4935 0.1603 0.8548
vn -0.1774 0.9349 0.3073
vn -0.2842 -0.8228 0.4922
vn -0.4984 0.0804 0.8632
vn -0.2145 0.9033 0.3715
vn -0.2502 -0.8658 0.4333
vn -0.5000 -0.0000 0.8660
vn -0.2502 0.8658 0.4333
vn -0.2145 -0.9033 0.3715
vn -0.4984 -0.0804 0.8632
vn -0.2842 0.8228 0.4922
vn -0.1774 -0.9349 0.3073
vn -0.4935 -0.1603 0.8548
vn -0.3164 0.7744 0.5480
vn -0.1392 -0.9605 0.2411
vn -0.4855 -0.2391 0.8409
vn -0.3465 0.7209 0.6002
vn -0.1001 -0.9798 0.1734
vn -0.4743 -0.3164 0.8215
vn -0.3744 0.6628 0.6485
vn -0.0603 -0.9927 0.1045
vn -0.4802 0.5342 0.6957
vn -0.4802 -0.5342 0.6957
vn -0.5031 0.4644 0.7288
vn -0.0229 0.9992 0.0332
vn -0.4543 -0.6004 0.6581
vn -0.5227 0.3917 0.7572
vn -0.0685 0.9927 0.0993
vn -0.4254 -0.6628 0.6162
vn -0.5389 0.3164 0.7807
vn -0.1137 0.9798 0.1647
vn -0.3937 -0.7209 0.5703
vn -0.5516 0.2391 0.7991
vn -0.1582 0.9605 0.2291
vn -0.3594 -0.7744 0.5207
vn -0.5607 0.1603 0.8123
vn -0.2016 0.9349 0.2920
vn -0.3229 -0.8228 0.4678
vn -0.5662 0.0804 0.8203
vn -0.2437 0.9033 0.3530
vn -0.2842 -0.8658 0.4117
vn -0.5681 -0.0000 0.8230
vn -0.2842 0.8659 0.4117
vn -0.2437 -0.9033 0.3530
vn -0.5662 -0.0804 0.8203
vn -0.3229 0.8228 0.4678
vn -0.2016 -0.9349 0.2920
vn -0.5607 -0.1603 0.8123
vn -0.3594 0.7744 0.5207
vn -0.1582 -0.9605 0.2291
vn -0.5516 -0.2391 0.7991
vn -0.3937 0.7209 0.5703
vn -0.1137 -0.9798 0.1647
vn -0.5389 -0.3164 0.7807
vn -0.4254 0.6628 0.6162
vn -0.0685 -0.9927 0.0993
vn -0.5227 -0.3917 0.7572
vn -0.4543 0.6004 0.6581
vn -0.0229 -0.9992 0.0332
vn -0.5031 -0.4644 0.7288
vn -0.0255 0.9992 0.0312
vn -0.5058 -0.6004 0.6194
vn -0.5819 0.3917 0.7127
vn -0.0763 0.9927 0.0934
vn -0.4736 -0.6628 0.5800
vn -0.5999 0.3164 0.7348
vn -0.1266 0.9798 0.1551
vn -0.4383 -0.7209 0.5368
vn -0.6141 0.2391 0.7521
vn -0.1761 0.9605 0.2157
vn -0.4002 -0.7744 0.4901
vn -0.6243 0.1603 0.7646
vn -0.2244 0.9349 0.2749
vn -0.3595 -0.8228 0.4403
vn -0.6304 0.0804 0.7721
vn -0.2713 0.9033 0.3323
vn -0.3164 -0.8658 0.3875
vn -0.6324 -0.0000 0.7746
vn -0.3164 0.8658 0.3875
vn -0.2713 -0.9033 0.3323
vn -0.6304 -0.0804 0.7721
vn -0.3595 0.8228 0.4403
vn -0.2244 -0.9349 0.2749
vn -0.6243 -0.1603 0.7646
vn -0.4002 0.7744 0.4901
vn -0.1761 -0.9605 0.2157
vn -0.6141 -0.2391 0.7521
vn -0.4383 0.7209 0.5368
vn -0.1266 -0.9798 0.1551
vn -0.5999 -0.3164 0.7348
vn -0.4736 0.6628 0.5800
vn -0.0763 -0.9927 0.0934
vn -0.5819 -0.3917 0.7127
vn -0.5058 0.6004 0.6194
vn -0.0255 -0.9992 0.0312
vn -0.5601 -0.4644 0.6860
vn -0.5347 0.5342 0.6548
vn -0.5347 -0.5342 0.6548
vn -0.5601 0.4644 0.6860
vn -0.6571 0.3164 0.6841
vn -0.1387 0.9798 0.1444
vn -0.4801 -0.7209 0.4998
vn -0.6726 0.2391 0.7003
vn -0.1929 0.9605 0.2008
vn -0.4383 -0.7744 0.4563
vn -0.6838 0.1603 0.7119
vn -0.2458 0.9349 0.2559
vn -0.3937 -0.8228 0.4099
vn -0.6905 0.0804 0.7189
vn -0.2972 0.9033 0.3094
vn -0.3466 -0.8658 0.3608
vn -0.6927 -0.0000 0.7212
vn -0.3466 0.8659 0.3608
vn -0.2972 -0.9033 0.3094
vn -0.6905 -0.0804 0.7189
vn -0.3937 0.8228 0.4099
vn -0.2458 -0.9349 0.2559
vn -0.6838 -0.1603 0.7119
vn -0.4383 0.7744 0.4563
vn -0.1929 -0.9605 0.2008
vn -0.6726 -0.2391 0.7003
vn -0.4801 0.7209 0.4998
vn -0.1387 -0.9798 0.1444
vn -0.6571 -0.3164 0.6841
vn -0.5187 0.6628 0.5400
vn -0.0836 -0.9927 0.0870
vn -0.6374 -0.3917 0.6636
vn -0.5540 0.6004 0.5767
vn -0.0279 -0.9992 0.0291
vn -0.6135 -0.4644 0.6387
vn -0.5856 0.5342 0.6097
vn -0.5856 -0.5342 0.6097
vn -0.6135 0.4644 0.6387
vn -0.0279 0.9992 0.0291
vn -0.5540 -0.6004 0.5767
vn -0.6374 0.3917 0.6636
vn -0.0836 0.9927 0.0870
vn -0.5187 -0.6628 0.5400
vn -0.2084 0.9605 0.1846
vn -0.4736 -0.7744 0.4196
vn -0.7388 0.1603 0.6545
vn -0.2656 0.9349 0.2353
vn -0.4254 -0.8228 0.3769
vn -0.7461 0.0804 0.6610
vn -0.3211 0.9033 0.2845
vn -0.3745 -0.8658 0.3318
vn -0.7485 -0.0000 0.6631
vn -0.3745 0.8659 0.3318
vn -0.3211 -0.9033 0.2845
vn -0.7461 -0.0804 0.6610
vn -0.4254 0.8228 0.3769
vn -0.2656 -0.9349 0.2353
vn -0.7388 -0.1603 0.6545
vn -0.4736 0.7744 0.4196
vn -0.2084 -0.9605 0.1846
vn -0.7268 -0.2391 0.6439
vn -0.5187 0.7209 0.4596
vn -0.1498 -0.9798 0.1327
vn -0.7100 -0.3164 0.6290
vn -0.5605 0.6628 0.4965
vn -0.0903 -0.9927 0.0800
vn -0.6887 -0.3917 0.6101
vn -0.5986 0.6004 0.5303
vn -0.0302 -0.9992 0.0267
vn -0.6629 -0.4644 0.5873
vn -0.6328 0.5342 0.5606
vn -0.6328 -0.5342 0.5606
vn -0.6629 0.4644 0.5873
vn -0.0302 0.9992 0.0267
vn -0.5986 -0.6004 0.5303
vn -0.6887 0.3917 0.6101
vn -0.0903 0.9927 0.0800
vn -0.5605 -0.6628 0.4965
vn -0.7100 0.3164 0.6290
vn -0.1498 0.9798 0.1327
vn -0.5187 -0.7209 0.4596
vn -0.7268 0.2391 0.6439
vn -0.4544 -0.8228 0.3414
vn -0.7969 0.0804 0.5988
vn -0.3429 0.9033 0.2577
vn -0.4000 -0.8658 0.3006
vn -0.7994 -0.0000 0.6007
vn -0.4000 0.8659 0.3006
vn -0.3429 -0.9033 0.2577
vn -0.7969 -0.0804 0.5988
vn -0.4544 0.8228 0.3414
vn -0.2837 -0.9349 0.2132
vn -0.7891 -0.1603 0.5930
vn -0.5059 0.7744 0.3801
vn -0.2226 -0.9605 0.1673
vn -0.7762 -0.2391 0.5833
vn -0.5540 0.7209 0.4163
vn -0.1600 -0.9798 0.1203
vn -0.7584 -0.3164 0.5699
vn -0.5986 0.6628 0.4498
vn -0.0964 -0.9927 0.0725
vn -0.7356 -0.3917 0.5527
vn -0.6393 0.6004 0.4804
vn -0.0322 -0.9992 0.0242
vn -0.7080 -0.4644 0.5320
vn -0.6758 0.5342 0.5079
vn -0.6758 -0.5342 0.5079
vn -0.7080 0.4644 0.5320
vn -0.0322 0.9992 0.0242
vn -0.6393 -0.6004 0.4804
vn -0.7356 0.3917 0.5527
vn -0.0964 0.9927 0.0725
vn -0.5986 -0.6628 0.4498
vn -0.7584 0.3164 0.5699
vn -0.1600 0.9798 0.1203
vn -0.5540 -0.7209 0.4163
vn -0.7762 0.2391 0.5833
vn -0.2226 0.9605 0.1673
vn -0.5058 -0.7744 0.3801
vn -0.7891 0.1603 0.5930
vn -0.2837 0.9349 0.2132
vn -0.8452 -0.0000 0.5345
vn -0.4229 0.8658 0.2674
vn -0.3626 -0.9033 0.2293
vn -0.8425 -0.0804 0.5327
vn -0.4804 0.8228 0.3038
vn -0.2999 -0.9349 0.1897
vn -0.8343 -0.1603 0.5276
vn -0.5348 0.7744 0.3382
vn -0.2353 -0.9605 0.1488
vn -0.8207 -0.2391 0.5190
vn -0.5857 0.7209 0.3704
vn -0.1692 -0.9798 0.1070
vn -0.8018 -0.3164 0.5070
vn -0.6329 0.6628 0.4002
vn -0.1020 -0.9927 0.0645
vn -0.7777 -0.3917 0.4918
vn -0.6759 0.6004 0.4274
vn -0.0341 -0.9992 0.0215
vn -0.7485 -0.4644 0.4733
vn -0.7145 0.5342 0.4518
vn -0.7145 -0.5342 0.4518
vn -0.7485 0.4644 0.4733
vn -0.0340 0.9992 0.0215
vn -0.6759 -0.6004 0.4274
vn -0.7777 0.3917 0.4918
vn -0.1020 0.9927 0.0645
vn -0.6329 -0.6628 0.4002
vn -0.8018 0.3164 0.5070
vn -0.1692 0.9798 0.1070
vn -0.5857 -0.7209 0.3704
vn -0.8207 0.2391 0.5190
vn -0.2353 0.9605 0.1488
vn -0.5348 -0.7744 0.3382
vn -0.8343 0.1603 0.5276
vn -0.2999 0.9349 0.1897
vn -0.4804 -0.8228 0.3038
vn -0.8425 0.0804 0.5327
vn -0.3626 0.9033 0.2293
vn -0.4229 -0.8659 0.2674
vn -0.5033 0.8228 0.2641
vn -0.3142 -0.9349 0.1649
vn -0.8740 -0.1603 0.4587
vn -0.5603 0.7744 0.2941
vn -0.2465 -0.9605 0.1294
vn -0.8598 -0.2391 0.4512
vn -0.6136 0.7209 0.3221
vn -0.1773 -0.9798 0.0930
vn -0.8400 -0.3164 0.4408
vn -0.6630 0.6628 0.3480
vn -0.1068 -0.9927 0.0561
vn -0.8147 -0.3917 0.4276
vn -0.7081 0.6004 0.3716
vn -0.0357 -0.9992 0.0187
vn -0.7842 -0.4644 0.4116
vn -0.7486 0.5342 0.3929
vn -0.7486 -0.5342 0.3929
vn -0.7842 0.4644 0.4116
vn -0.0357 0.9992 0.0187
vn -0.7081 -0.6004 0.3716
vn -0.8147 0.3917 0.4276
vn -0.1068 0.9927 0.0561
vn -0.6630 -0.6628 0.3480
vn -0.8400 0.3164 0.4408
vn -0.1773 0.9798 0.0930
vn -0.6136 -0.7209 0.3221
vn -0.8598 0.2391 0.4512
vn -0.2465 0.9605 0.1294
vn -0.5603 -0.7744 0.2941
vn -0.8740 0.1603 0.4587
vn -0.3142 0.9349 0.1649
vn -0.5033 -0.8228 0.2641
vn -0.8826 0.0804 0.4632
vn -0.3798 0.9033 0.1994
vn -0.4430 -0.8659 0.2325
vn -0.8855 -0.0000 0.4647
vn -0.4430 0.8658 0.2325
vn -0.3798 -0.9033 0.1994
vn -0.8826 -0.0804 0.4632
vn -0.8933 -0.2391 0.3806
vn -0.6376 0.7209 0.2716
vn -0.1842 -0.9798 0.0785
vn -0.8727 -0.3164 0.3718
vn -0.6889 0.6628 0.2935
vn -0.1110 -0.9927 0.0473
vn -0.8465 -0.3917 0.3606
vn -0.7357 0.6004 0.3134
vn -0.0371 -0.9992 0.0158
vn -0.8147 -0.4644 0.3471
vn -0.7777 0.5342 0.3314
vn -0.7777 -0.5342 0.3314
vn -0.8147 0.4644 0.3471
vn -0.0371 0.9992 0.0158
vn -0.7357 -0.6004 0.3134
vn -0.8465 0.3917 0.3606
vn -0.1110 0.9927 0.0473
vn -0.6889 -0.6628 0.2935
vn -0.8727 0.3164 0.3718
vn -0.1842 0.9798 0.0785
vn -0.6376 -0.7209 0.2716
vn -0.8933 0.2391 0.3806
vn -0.2561 0.9605 0.1091
vn -0.5821 -0.7744 0.2480
vn -0.9081 0.1603 0.3869
vn -0.3265 0.9349 0.1391
vn -0.5229 -0.8228 0.2228
vn -0.9170 0.0804 0.3907
vn -0.3946 0.9033 0.1681
vn -0.4603 -0.8658 0.1961
vn -0.9200 -0.0000 0.3920
vn -0.4603 0.8658 0.1961
vn -0.3947 -0.9033 0.1681
vn -0.9170 -0.0804 0.3907
vn -0.5229 0.8228 0.2228
vn -0.3265 -0.9349 0.1391
vn -0.9081 -0.1603 0.3869
vn -0.5821 0.7744 0.2480
vn -0.2561 -0.9605 0.1091
vn -0.7102 0.6628 0.2371
vn -0.1144 -0.9927 0.0382
vn -0.8727 -0.3917 0.2914
vn -0.7585 0.6004 0.2532
vn -0.0382 -0.9992 0.0128
vn -0.8400 -0.4644 0.2804
vn -0.8019 0.5342 0.2677
vn -0.8019 -0.5342 0.2677
vn -0.8400 0.4644 0.2804
vn -0.0382 0.9992 0.0128
vn -0.7585 -0.6004 0.2532
vn -0.8727 0.3917 0.2914
vn -0.1144 0.9927 0.0382
vn -0.7102 -0.6628 0.2371
vn -0.8998 0.3164 0.3004
vn -0.1899 0.9798 0.0634
vn -0.6573 -0.7209 0.2195
vn -0.9210 0.2391 0.3075
vn -0.2641 0.9605 0.0882
vn -0.6002 -0.7744 0.2004
vn -0.9363 0.1603 0.3126
vn -0.3366 0.9349 0.1124
vn -0.5391 -0.8228 0.1800
vn -0.9455 0.0804 0.3156
vn -0.4069 0.9033 0.1358
vn -0.4746 -0.8658 0.1584
vn -0.9485 -0.0000 0.3167
vn -0.4746 0.8658 0.1584
vn -0.4069 -0.9033 0.1358
vn -0.9455 -0.0804 0.3156
vn -0.5391 0.8228 0.1800
vn -0.3366 -0.9349 0.1124
vn -0.9363 -0.1603 0.3126
vn -0.6002 0.7744 0.2004
vn -0.2641 -0.9605 0.0882
vn -0.9210 -0.2391 0.3075
vn -0.6573 0.7209 0.2195
vn -0.1899 -0.9798 0.0634
vn -0.8998 -0.3164 0.3004
vn -0.0391 -0.9992 0.0096
vn -0.8599 -0.4644 0.2119
vn -0.8208 0.5342 0.2023
vn -0.8208 -0.5342 0.2023
vn -0.8599 0.4644 0.2119
vn -0.0391 0.9992 0.0096
vn -0.7764 -0.6004 0.1914
vn -0.8934 0.3917 0.2202
vn -0.1171 0.9927 0.0289
vn -0.7270 -0.6628 0.1792
vn -0.9210 0.3164 0.2270
vn -0.1944 0.9798 0.0479
vn -0.6729 -0.7209 0.1659
vn -0.9428 0.2391 0.2324
vn -0.2703 0.9605 0.0666
vn -0.6144 -0.7744 0.1514
vn -0.9584 0.1603 0.2362
vn -0.3445 0.9349 0.0849
vn -0.5519 -0.8228 0.1360
vn -0.9678 0.0804 0.2385
vn -0.4165 0.9033 0.1027
vn -0.4858 -0.8658 0.1197
vn -0.9709 -0.0000 0.2393
vn -0.4858 0.8658 0.1197
vn -0.4165 -0.9033 0.1027
vn -0.9678 -0.0804 0.2385
vn -0.5519 0.8228 0.1360
vn -0.3445 -0.9349 0.0849
vn -0.9584 -0.1603 0.2362
vn -0.6144 0.7744 0.1514
vn -0.2703 -0.9605 0.0666
vn -0.9428 -0.2391 0.2324
vn -0.6729 0.7209 0.1658
vn -0.1944 -0.9798 0.0479
vn -0.9210 -0.3164 0.2270
vn -0.7270 0.6628 0.1792
vn -0.1171 -0.9927 0.0289
vn -0.8934 -0.3917 0.2202
vn -0.7764 0.6004 0.1914
vn -0.8344 -0.5342 0.1356
vn -0.8741 0.4644 0.1421
vn -0.0398 0.9992 0.0065
vn -0.7893 -0.6004 0.1283
vn -0.9082 0.3917 0.1476
vn -0.1191 0.9927 0.0194
vn -0.7391 -0.6628 0.1201
vn -0.9363 0.3164 0.1522
vn -0.1976 0.9798 0.0321
vn -0.6840 -0.7209 0.1112
vn -0.9584 0.2391 0.1558
vn -0.2748 0.9605 0.0447
vn -0.6246 -0.7744 0.1015
vn -0.9743 0.1603 0.1583
vn -0.3503 0.9349 0.0569
vn -0.5610 -0.8228 0.0912
vn -0.9839 0.0804 0.1599
vn -0.4234 0.9033 0.0688
vn -0.4938 -0.8658 0.0803
vn -0.9871 -0.0000 0.1604
vn -0.4938 0.8658 0.0803
vn -0.4234 -0.9033 0.0688
vn -0.9839 -0.0804 0.1599
vn -0.5610 0.8228 0.0912
vn -0.3503 -0.9349 0.0569
vn -0.9743 -0.1603 0.1583
vn -0.6246 0.7744 0.1015
vn -0.2748 -0.9605 0.0447
vn -0.9584 -0.2391 0.1558
vn -0.6840 0.7209 0.1112
vn -0.1976 -0.9798 0.0321
vn -0.9363 -0.3164 0.1522
vn -0.7391 0.6628 0.1201
vn -0.1191 -0.9927 0.0194
vn -0.9082 -0.3917 0.1476
vn -0.7893 0.6004 0.1283
vn -0.0398 -0.9992 0.0065
vn -0.8741 -0.4644 0.1421
vn -0.8344 0.5342 0.1356
vn -0.9171 0.3917 0.0740
vn -0.1202 0.9927 0.0097
vn -0.7463 -0.6628 0.0603
vn -0.9455 0.3164 0.0763
vn -0.1995 0.9798 0.0161
vn -0.6908 -0.7209 0.0558
vn -0.9678 0.2391 0.0781
vn -0.2775 0.9605 0.0224
vn -0.6307 -0.7744 0.0509
vn -0.9839 0.1603 0.0794
vn -0.3537 0.9349 0.0286
vn -0.5665 -0.8228 0.0457
vn -0.9935 0.0804 0.0802
vn -0.4276 0.9033 0.0345
vn -0.4987 -0.8659 0.0403
vn -0.9968 -0.0000 0.0805
vn -0.4987 0.8658 0.0403
vn -0.4276 -0.9033 0.0345
vn -0.9935 -0.0804 0.0802
vn -0.5665 0.8228 0.0457
vn -0.3537 -0.9349 0.0286
vn -0.9839 -0.1603 0.0794
vn -0.6307 0.7744 0.0509
vn -0.2775 -0.9605 0.0224
vn -0.9678 -0.2391 0.0781
vn -0.6908 0.7209 0.0558
vn -0.1995 -0.9798 0.0161
vn -0.9455 -0.3164 0.0763
vn -0.7464 0.6628 0.0603
vn -0.1202 -0.9927 0.0097
vn -0.9171 -0.3917 0.0740
vn -0.7971 0.6004 0.0643
vn -0.0402 -0.9992 0.0032
vn -0.8827 -0.4644 0.0713
vn -0.8426 0.5342 0.0680
vn -0.8426 -0.5342 0.0680
vn -0.8827 0.4644 0.0713
vn -0.0402 0.9992 0.0032
vn -0.7971 -0.6004 0.0643
vn -0.2002 0.9798 -0.0000
vn -0.6930 -0.7209 -0.0000
vn -0.9710 0.2391 -0.0000
vn -0.2784 0.9605 -0.0000
vn -0.6328 -0.7744 -0.0000
vn -0.9871 0.1603 -0.0000
vn -0.3549 0.9349 -0.0000
vn -0.5684 -0.8228 -0.0000
vn -0.9968 0.0804 -0.0000
vn -0.4290 0.9033 -0.0000
vn -0.5003 -0.8658 -0.0000
vn -1.0000 -0.0000 -0.0000
vn -0.5003 0.8658 -0.0000
vn -0.4290 -0.9033 -0.0000
vn -0.9968 -0.0804 -0.0000
vn -0.5684 0.8228 -0.0000
vn -0.3549 -0.9349 -0.0000
vn -0.9871 -0.1603 -0.0000
vn -0.6328 0.7744 -0.0000
vn -0.2784 -0.9605 -0.0000
vn -0.9710 -0.2391 -0.0000
vn -0.6930 0.7209 -0.0000
vn -0.2002 -0.9798 -0.0000
vn -0.9486 -0.3164 -0.0000
vn -0.7488 0.6628 -0.0000
vn -0.1206 -0.9927 -0.0000
vn -0.9201 -0.3917 -0.0000
vn -0.7997 0.6004 -0.0000
vn -0.0403 -0.9992 -0.0000
vn -0.8856 -0.4644 -0.0000
vn -0.8454 0.5342 -0.0000
vn -0.8454 -0.5342 -0.0000
vn -0.8856 0.4644 -0.0000
vn -0.0403 0.9992 -0.0000
vn -0.7997 -0.6004 -0.0000
vn -0.9201 0.3917 -0.0000
vn -0.1206 0.9927 -0.0000
vn -0.7488 -0.6628 -0.0000
vn -0.9486 0.3164 -0.0000
vn -0.9839 0.1603 -0.0794
vn -0.3537 0.9349 -0.0286
vn -0.5665 -0.8228 -0.0457
vn -0.9935 0.0804 -0.0802
vn -0.4276 0.9033 -0.0345
vn -0.4987 -0.8658 -0.0403
vn -0.9968 -0.0000 -0.0805
vn -0.4987 0.8658 -0.0403
vn -0.4276 -0.9033 -0.0345
vn -0.9935 -0.0804 -0.0802
vn -0.5665 0.8228 -0.0457
vn -0.3537 -0.9349 -0.0286
vn -0.9839 -0.1603 -0.0794
vn -0.6307 0.7744 -0.0509
vn -0.2775 -0.9605 -0.0224
vn -0.9678 -0.2391 -0.0781
vn -0.6908 0.7209 -0.0558
vn -0.1995 -0.9798 -0.0161
vn -0.9455 -0.3164 -0.0763
vn -0.7464 0.6628 -0.0603
vn -0.1202 -0.9927 -0.0097
vn -0.9171 -0.3917 -0.0740
vn -0.7971 0.6004 -0.0643
vn -0.0402 -0.9992 -0.0032
vn -0.8827 -0.4644 -0.0713
vn -0.8426 0.5342 -0.0680
vn -0.8426 -0.5342 -0.0680
vn -0.8827 0.4644 -0.0713
vn -0.0402 0.9992 -0.0032
vn -0.7971 -0.6004 -0.0643
vn -0.9171 0.3917 -0.0740
vn -0.1202 0.9927 -0.0097
vn -0.7463 -0.6628 -0.0603
vn -0.9455 0.3164 -0.0763
vn -0.1995 0.9798 -0.0161
vn -0.6908 -0.7209 -0.0558
vn -0.9678 0.2391 -0.0781
vn -0.2775 0.9605 -0.0224
vn -0.6307 -0.7744 -0.0509
vn -0.4234 0.9033 -0.0688
vn -0.4938 -0.8658 -0.0803
vn -0.9871 -0.0000 -0.1604
vn -0.4938 0.8659 -0.0803
vn -0.4234 -0.9033 -0.0688
vn -0.9839 -0.0804 -0.1599
vn -0.5610 0.8228 -0.0912
vn -0.3503 -0.9349 -0.0569
vn -0.9743 -0.1603 -0.1583
vn -0.6246 0.7744 -0.1015
vn -0.2748 -0.9605 -0.0447
vn -0.9584 -0.2391 -0.1558
vn -0.6840 0.7209 -0.1112
vn -0.1976 -0.9798 -0.0321
vn -0.9363 -0.3164 -0.1522
vn -0.7391 0.6628 -0.1201
vn -0.1191 -0.9927 -0.0194
vn -0.9082 -0.3917 -0.1476
vn -0.7893 0.6004 -0.1283
vn -0.0398 -0.9992 -0.0065
vn -0.8741 -0.4644 -0.1421
vn -0.8344 0.5342 -0.1356
vn -0.8344 -0.5342 -0.1356
vn -0.8741 0.4644 -0.1421
vn -0.0398 0.9992 -0.0065
vn -0.7893 -0.6004 -0.1283
vn -0.9082 0.3917 -0.1476
vn -0.1191 0.9927 -0.0194
vn -0.7391 -0.6628 -0.1201
vn -0.9363 0.3164 -0.1522
vn -0.1976 0.9798 -0.0321
vn -0.6840 -0.7209 -0.1112
vn -0.9584 0.2391 -0.1558
vn -0.2748 0.9605 -0.0447
vn -0.6246 -0.7744 -0.1015
vn -0.9743 0.1603 -0.1583
vn -0.3503 0.9349 -0.0569
vn -0.5610 -0.8228 -0.0912
vn -0.9839 0.0804 -0.1599
vn -0.4165 -0.9033 -0.1027
vn -0.9678 -0.0804 -0.2385
vn -0.5519 0.8228 -0.1360
vn -0.3445 -0.9349 -0.0849
vn -0.9584 -0.1603 -0.2362
vn -0.6144 0.7744 -0.1514
vn -0.2703 -0.9605 -0.0666
vn -0.9428 -0.2391 -0.2324
vn -0.6729 0.7209 -0.1658
vn -0.1944 -0.9798 -0.0479
vn -0.9210 -0.3164 -0.2270
vn -0.7270 0.6628 -0.1792
vn -0.1171 -0.9927 -0.0289
vn -0.8934 -0.3917 -0.2202
vn -0.7764 0.6004 -0.1914
vn -0.0391 -0.9992 -0.0096
vn -0.8599 -0.4644 -0.2119
vn -0.8208 0.5342 -0.2023
vn -0.8208 -0.5342 -0.2023
vn -0.8599 0.4644 -0.2119
vn -0.0391 0.9992 -0.0096
vn -0.7764 -0.6004 -0.1914
vn -0.8934 0.3917 -0.2202
vn -0.1171 0.9927 -0.0289
vn -0.7270 -0.6628 -0.1792
vn -0.9210 0.3164 -0.2270
vn -0.1944 0.9798 -0.0479
vn -0.6729 -0.7209 -0.1658
vn -0.9428 0.2391 -0.2324
vn -0.2703 0.9605 -0.0666
vn -0.6144 -0.7744 -0.1514
vn -0.9584 0.1603 -0.2362
vn -0.3445 0.9349 -0.0849
vn -0.5519 -0.8228 -0.1360
vn -0.9678 0.0804 -0.2385
vn -0.4165 0.9033 -0.1027
vn -0.4858 -0.8658 -0.1197
vn -0.9709 -0.0000 -0.2393
vn -0.4858 0.8658 -0.1197
vn -0.9363 -0.1603 -0.3126
vn -0.6002 0.7744 -0.2004
vn -0.2641 -0.9605 -0.0882
vn -0.9210 -0.2391 -0.3075
vn -0.6573 0.7209 -0.2195
vn -0.1899 -0.9798 -0.0634
vn -0.8998 -0.3164 -0.3004
vn -0.7102 0.6628 -0.2371
vn -0.1144 -0.9927 -0.0382
vn -0.8727 -0.3917 -0.2914
vn -0.7585 0.6004 -0.2532
vn -0.0382 -0.9992 -0.0128
vn -0.8400 -0.4644 -0.2804
vn -0.8019 0.5342 -0.2677
vn -0.8019 -0.5342 -0.2677
vn -0.8400 0.4644 -0.2804
vn -0.0382 0.9992 -0.0128
vn -0.7585 -0.6004 -0.2532
vn -0.8727 0.3917 -0.2914
vn -0.1144 0.9927 -0.0382
vn -0.7102 -0.6628 -0.2371
vn -0.8998 0.3164 -0.3004
vn -0.1899 0.9798 -0.0634
vn -0.6573 -0.7209 -0.2195
vn -0.9210 0.2391 -0.3075
vn -0.2641 0.9605 -0.0882
vn -0.6002 -0.7744 -0.2004
vn -0.9363 0.1603 -0.3126
vn -0.3366 0.9349 -0.1124
vn -0.5391 -0.8228 -0.1800
vn -0.9455 0.0804 -0.3156
vn -0.4069 0.9033 -0.1358
vn -0.4746 -0.8658 -0.1584
vn -0.9485 -0.0000 -0.3167
vn -0.4746 0.8658 -0.1584
vn -0.4069 -0.9033 -0.1358
vn -0.9455 -0.0804 -0.3156
vn -0.5391 0.8228 -0.1800
vn -0.3366 -0.9349 -0.1124
vn -0.8727 0.3164 -0.3718
vn -0.1842 0.9798 -0.0785
vn -0.6376 -0.7209 -0.2716
vn -0.8933 0.2391 -0.3806
vn -0.2561 0.9605 -0.1091
vn -0.5821 -0.7744 -0.2480
vn -0.9081 0.1603 -0.3869
vn -0.3265 0.9349 -0.1391
vn -0.5229 -0.8228 -0.2228
vn -0.9170 0.0804 -0.3907
vn -0.3946 0.9033 -0.1681
vn -0.4603 -0.8659 -0.1961
vn -0.9200 -0.0000 -0.3920
vn -0.4603 0.8658 -0.1961
vn -0.3946 -0.9033 -0.1681
vn -0.9170 -0.0804 -0.3907
vn -0.5229 0.8228 -0.2228
vn -0.3265 -0.9349 -0.1391
vn -0.9081 -0.1603 -0.3869
vn -0.5821 0.7744 -0.2480
vn -0.2561 -0.9605 -0.1091
vn -0.8933 -0.2391 -0.3806
vn -0.6376 0.7209 -0.2716
vn -0.1842 -0.9798 -0.0785
vn -0.8727 -0.3164 -0.3718
vn -0.6889 0.6628 -0.2935
vn -0.1110 -0.9927 -0.0473
vn -0.8465 -0.3917 -0.3606
vn -0.7357 0.6004 -0.3134
vn -0.0371 -0.9992 -0.0158
vn -0.8147 -0.4644 -0.3471
vn -0.7777 0.5342 -0.3314
vn -0.7777 -0.5342 -0.3314
vn -0.8147 0.4644 -0.3471
vn -0.0371 0.9992 -0.0158
vn -0.7357 -0.6004 -0.3134
vn -0.8465 0.3917 -0.3606
vn -0.1110 0.9927 -0.0473
vn -0.6889 -0.6628 -0.2935
vn -0.2465 0.9605 -0.1294
vn -0.5603 -0.7744 -0.2941
vn -0.8740 0.1603 -0.4587
vn -0.3142 0.9349 -0.1649
vn -0.5033 -0.8228 -0.2641
vn -0.8826 0.0804 -0.4632
vn -0.3798 0.9033 -0.1994
vn -0.4430 -0.8658 -0.2325
vn -0.8855 -0.0000 -0.4647
vn -0.4430 0.8659 -0.2325
vn -0.3798 -0.9033 -0.1994
vn -0.8826 -0.0804 -0.4632
vn -0.5033 0.8228 -0.2641
vn -0.3142 -0.9349 -0.1649
vn -0.8740 -0.1603 -0.4587
vn -0.5603 0.7744 -0.2941
vn -0.2465 -0.9605 -0.1294
vn -0.8598 -0.2391 -0.4512
vn -0.6136 0.7209 -0.3221
vn -0.1772 -0.9798 -0.0930
vn -0.8400 -0.3164 -0.4408
vn -0.6630 0.6628 -0.3480
vn -0.1068 -0.9927 -0.0561
vn -0.8147 -0.3917 -0.4276
vn -0.7081 0.6004 -0.3716
vn -0.0357 -0.9992 -0.0187
vn -0.7842 -0.4644 -0.4116
vn -0.7486 0.5342 -0.3929
vn -0.7486 -0.5342 -0.3929
vn -0.7842 0.4644 -0.4116
vn -0.0357 0.9992 -0.0187
vn -0.7081 -0.6004 -0.3716
vn -0.8147 0.3917 -0.4276
vn -0.1068 0.9927 -0.0561
vn -0.6630 -0.6628 -0.3480
vn -0.8400 0.3164 -0.4408
vn -0.1772 0.9798 -0.0930
vn -0.6136 -0.7209 -0.3221
vn -0.8598 0.2391 -0.4512
vn -0.4804 -0.8228 -0.3038
vn -0.8425 0.0804 -0.5327
vn -0.3626 0.9033 -0.2293
vn -0.4229 -0.8658 -0.2674
vn -0.8452 -0.0000 -0.5345
vn -0.4229 0.8658 -0.2674
vn -0.3626 -0.9033 -0.2293
vn -0.8425 -0.0804 -0.5327
vn -0.4804 0.8228 -0.3038
vn -0.2999 -0.9349 -0.1897
vn -0.8343 -0.1603 -0.5276
vn -0.5348 0.7744 -0.3382
vn -0.2353 -0.9605 -0.1488
vn -0.8207 -0.2391 -0.5190
vn -0.5857 0.7209 -0.3704
vn -0.1692 -0.9798 -0.1070
vn -0.8018 -0.3164 -0.5070
vn -0.6329 0.6628 -0.4002
vn -0.1020 -0.9927 -0.0645
vn -0.7777 -0.3917 -0.4918
vn -0.6759 0.6004 -0.4274
vn -0.0341 -0.9992 -0.0215
vn -0.7485 -0.4644 -0.4733
vn -0.7145 0.5342 -0.4518
vn -0.7145 -0.5342 -0.4518
vn -0.7485 0.4644 -0.4733
vn -0.0340 0.9992 -0.0215
vn -0.6759 -0.6004 -0.4274
vn -0.7777 0.3917 -0.4918
vn -0.1020 0.9927 -0.0645
vn -0.6329 -0.6628 -0.4002
vn -0.8018 0.3164 -0.5070
vn -0.1692 0.9798 -0.1070
vn -0.5857 -0.7209 -0.3704
vn -0.8207 0.2391 -0.5190
vn -0.2353 0.9605 -0.1488
vn -0.5348 -0.7744 -0.3382
vn -0.8343 0.1603 -0.5276
vn -0.2999 0.9349 -0.1897
vn -0.7994 -0.0000 -0.6007
vn -0.4000 0.8658 -0.3006
vn -0.3429 -0.9033 -0.2577
vn -0.7969 -0.0804 -0.5988
vn -0.4544 0.8228 -0.3414
vn -0.2837 -0.9349 -0.2132
vn -0.7891 -0.1603 -0.5930
vn -0.5059 0.7744 -0.3801
vn -0.2226 -0.9605 -0.1673
vn -0.7762 -0.2391 -0.5833
vn -0.5540 0.7209 -0.4163
vn -0.1600 -0.9798 -0.1203
vn -0.7584 -0.3164 -0.5699
vn -0.5986 0.6628 -0.4498
vn -0.0964 -0.9927 -0.0725
vn -0.7356 -0.3917 -0.5527
vn -0.6393 0.6004 -0.4804
vn -0.0322 -0.9992 -0.0242
vn -0.7080 -0.4644 -0.5320
vn -0.6758 0.5342 -0.5079
vn -0.6758 -0.5342 -0.5079
vn -0.7080 0.4644 -0.5320
vn -0.0322 0.9992 -0.0242
vn -0.6393 -0.6004 -0.4804
vn -0.7356 0.3917 -0.5527
vn -0.0964 0.9927 -0.0725
vn -0.5986 -0.6628 -0.4498
vn -0.7584 0.3164 -0.5699
vn -0.1600 0.9798 -0.1203
vn -0.5540 -0.7209 -0.4163
vn -0.7762 0.2391 -0.5833
vn -0.2226 0.9605 -0.1673
vn -0.5059 -0.7744 -0.3801
vn -0.7891 0.1603 -0.5930
vn -0.2837 0.9349 -0.2132
vn -0.4544 -0.8228 -0.3414
vn -0.7969 0.0804 -0.5988
vn -0.3429 0.9033 -0.2577
vn -0.4000 -0.8659 -0.3006
vn -0.4254 0.8228 -0.3769
vn -0.2656 -0.9349 -0.2353
vn -0.7388 -0.1603 -0.6545
vn -0.4736 0.7744 -0.4196
vn -0.2084 -0.9605 -0.1846
vn -0.7268 -0.2391 -0.6439
vn -0.5187 0.7209 -0.4596
vn -0.1498 -0.9798 -0.1327
vn -0.7100 -0.3164 -0.6290
vn -0.5605 0.6628 -0.4965
vn -0.0903 -0.9927 -0.0800
vn -0.6887 -0.3917 -0.6101
vn -0.5986 0.6004 -0.5303
vn -0.0302 -0.9992 -0.0267
vn -0.6629 -0.4644 -0.5873
vn -0.6328 0.5342 -0.5606
vn -0.6328 -0.5342 -0.5606
vn -0.6629 0.4644 -0.5873
vn -0.0302 0.9992 -0.0267
vn -0.5986 -0.6004 -0.5303
vn -0.6887 0.3917 -0.6101
vn -0.0903 0.9927 -0.0800
vn -0.5605 -0.6628 -0.4965
vn -0.7100 0.3164 -0.6290
vn -0.1498 0.9798 -0.1327
vn -0.5187 -0.7209 -0.4596
vn -0.7268 0.2391 -0.6439
vn -0.2084 0.9605 -0.1846
vn -0.4736 -0.7744 -0.4196
vn -0.7388 0.1603 -0.6545
vn -0.2656 0.9349 -0.2353
vn -0.4254 -0.8228 -0.3769
vn -0.7461 0.0804 -0.6610
vn -0.3211 0.9033 -0.2845
vn -0.3745 -0.8658 -0.3318
vn -0.7485 -0.0000 -0.6631
vn -0.3745 0.8658 -0.3318
vn -0.3211 -0.9033 -0.2845
vn -0.7461 -0.0804 -0.6610
vn -0.6726 -0.2391 -0.7003
vn -0.4801 0.7209 -0.4998
vn -0.1387 -0.9798 -0.1444
vn -0.6571 -0.3164 -0.6841
vn -0.5187 0.6628 -0.5400
vn -0.0836 -0.9927 -0.0870
vn -0.6374 -0.3917 -0.6636
vn -0.5540 0.6004 -0.5767
vn -0.0279 -0.9992 -0.0291
vn -0.6135 -0.4644 -0.6387
vn -0.5856 0.5342 -0.6097
vn -0.5856 -0.5342 -0.6097
vn -0.6135 0.4644 -0.6387
vn -0.0279 0.9992 -0.0291
vn -0.5540 -0.6004 -0.5767
vn -0.6374 0.3917 -0.6636
vn -0.0836 0.9927 -0.0870
vn -0.5187 -0.6628 -0.5400
vn -0.6571 0.3164 -0.6841
vn -0.1387 0.9798 -0.1444
vn -0.4801 -0.7209 -0.4998
vn -0.6726 0.2391 -0.7003
vn -0.1929 0.9605 -0.2008
vn -0.4383 -0.7744 -0.4563
vn -0.6838 0.1603 -0.7119
vn -0.2458 0.9349 -0.2559
vn -0.3937 -0.8228 -0.4099
vn -0.6905 0.0804 -0.7189
vn -0.2972 0.9033 -0.3094
vn -0.3466 -0.8658 -0.3608
vn -0.6927 -0.0000 -0.7212
vn -0.3466 0.8659 -0.3608
vn -0.2972 -0.9033 -0.3094
vn -0.6905 -0.0804 -0.7189
vn -0.3937 0.8228 -0.4099
vn -0.2458 -0.9349 -0.2559
vn -0.6838 -0.1603 -0.7119
vn -0.4383 0.7744 -0.4563
vn -0.1929 -0.9605 -0.2008
vn -0.4736 0.6628 -0.5800
vn -0.0763 -0.9927 -0.0934
vn -0.5819 -0.3917 -0.7127
vn -0.5057 0.6004 -0.6194
vn -0.0255 -0.9992 -0.0312
vn -0.5601 -0.4644 -0.6860
vn -0.5347 0.5342 -0.6548
vn -0.5347 -0.5342 -0.6548
vn -0.5601 0.4644 -0.6860
vn -0.0255 0.9992 -0.0312
vn -0.5057 -0.6004 -0.6194
vn -0.5819 0.3917 -0.7127
vn -0.0763 0.9927 -0.0934
vn -0.4736 -0.6628 -0.5800
vn -0.5999 0.3164 -0.7348
vn -0.1266 0.9798 -0.1551
vn -0.4383 -0.7209 -0.5368
vn -0.6141 0.2391 -0.7521
vn -0.1761 0.9605 -0.2157
vn -0.4002 -0.7744 -0.4901
vn -0.6243 0.1603 -0.7646
vn -0.2244 0.9349 -0.2749
vn -0.3595 -0.8228 -0.4403
vn -0.6304 0.0804 -0.7721
vn -0.2713 0.9033 -0.3323
vn -0.3164 -0.8658 -0.3875
vn -0.6324 -0.0000 -0.7746
vn -0.3164 0.8658 -0.3875
vn -0.2713 -0.9033 -0.3323
vn -0.6304 -0.0804 -0.7721
vn -0.3595 0.8228 -0.4403
vn -0.2244 -0.9349 -0.2749
vn -0.6243 -0.1603 -0.7646
vn -0.4002 0.7744 -0.4901
vn -0.1761 -0.9605 -0.2157
vn -0.6141 -0.2391 -0.7521
vn -0.4383 0.7209 -0.5368
vn -0.1266 -0.9798 -0.1551
vn -0.5999 -0.3164 -0.7348
vn -0.0229 -0.9992 -0.0332
vn -0.5031 -0.4644 -0.7288
vn -0.4802 0.5342 -0.6957
vn -0.4802 -0.5342 -0.6957
vn -0.5031 0.4644 -0.7288
vn -0.0229 0.9992 -0.0332
vn -0.4543 -0.6004 -0.6581
vn -0.5227 0.3917 -0.7572
vn -0.0685 0.9927 -0.0993
vn -0.4254 -0.6628 -0.6162
vn -0.5389 0.3164 -0.7807
vn -0.1137 0.9798 -0.1647
vn -0.3937 -0.7209 -0.5703
vn -0.5516 0.2391 -0.7991
vn -0.1582 0.9605 -0.2291
vn -0.3594 -0.7744 -0.5207
vn -0.5607 0.1603 -0.8123
vn -0.2016 0.9349 -0.2920
vn -0.3229 -0.8228 -0.4678
vn -0.5662 0.0804 -0.8203
vn -0.2437 0.9033 -0.3530
vn -0.2842 -0.8659 -0.4117
vn -0.5681 -0.0000 -0.8230
vn -0.2842 0.8659 -0.4117
vn -0.2437 -0.9033 -0.3530
vn -0.5662 -0.0804 -0.8203
vn -0.3229 0.8228 -0.4678
vn -0.2016 -0.9349 -0.2920
vn -0.5607 -0.1603 -0.8123
vn -0.3594 0.7744 -0.5207
vn -0.1582 -0.9605 -0.2291
vn -0.5516 -0.2391 -0.7991
vn -0.3937 0.7209 -0.5703
vn -0.1137 -0.9798 -0.1647
vn -0.5389 -0.3164 -0.7807
vn -0.4254 0.6628 -0.6162
vn -0.0685 -0.9927 -0.0993
vn -0.5227 -0.3917 -0.7572
vn -0.4543 0.6004 -0.6581
vn -0.4227 -0.5342 -0.7321
vn -0.4428 0.4644 -0.7670
vn -0.0201 0.9992 -0.0349
vn -0.3998 -0.6004 -0.6925
vn -0.4600 0.3917 -0.7968
vn -0.0603 0.9927 -0.1045
vn -0.3744 -0.6628 -0.6485
vn -0.4743 0.3164 -0.8215
vn -0.1001 0.9798 -0.1734
vn -0.3465 -0.7209 -0.6002
vn -0.4855 0.2391 -0.8409
vn -0.1392 0.9605 -0.2411
vn -0.3164 -0.7744 -0.5480
vn -0.4935 0.1603 -0.8548
vn -0.1774 0.9349 -0.3073
vn -0.2842 -0.8228 -0.4922
vn -0.4984 0.0804 -0.8632
vn -0.2145 0.9033 -0.3715
vn -0.2502 -0.8658 -0.4333
vn -0.5000 -0.0000 -0.8660
vn -0.2502 0.8659 -0.4333
vn -0.2145 -0.9033 -0.3715
vn -0.4984 -0.0804 -0.8632
vn -0.2842 0.8228 -0.4922
vn -0.1774 -0.9349 -0.3073
vn -0.4935 -0.1603 -0.8548
vn -0.3164 0.7744 -0.5480
vn -0.1392 -0.9605 -0.2411
vn -0.4855 -0.2391 -0.8409
vn -0.3465 0.7209 -0.6002
vn -0.1001 -0.9798 -0.1734
vn -0.4743 -0.3164 -0.8215
vn -0.3744 0.6628 -0.6485
vn -0.0603 -0.9927 -0.1045
vn -0.4600 -0.3917 -0.7968
vn -0.3998 0.6004 -0.6925
vn -0.0202 -0.9992 -0.0349
vn -0.4428 -0.4644 -0.7670
vn -0.4227 0.5342 -0.7321
vn -0.3944 0.3917 -0.8313
vn -0.0517 0.9927 -0.1090
vn -0.3210 -0.6628 -0.6765
vn -0.4067 0.3164 -0.8570
vn -0.0858 0.9798 -0.1809
vn -0.2971 -0.7209 -0.6261
vn -0.4163 0.2391 -0.8772
vn -0.1194 0.9605 -0.2515
vn -0.2713 -0.7744 -0.5717
vn -0.4232 0.1603 -0.8918
vn -0.1521 0.9349 -0.3206
vn -0.2437 -0.8228 -0.5135
vn -0.4273 0.0804 -0.9005
vn -0.1839 0.9033 -0.3876
vn -0.2145 -0.8658 -0.4520
vn -0.4287 -0.0000 -0.9035
vn -0.2145 0.8659 -0.4520
vn -0.1839 -0.9033 -0.3876
vn -0.4273 -0.0804 -0.9005
vn -0.2437 0.8228 -0.5135
vn -0.1521 -0.9349 -0.3206
vn -0.4232 -0.1603 -0.8918
vn -0.2713 0.7744 -0.5717
vn -0.1194 -0.9605 -0.2515
vn -0.4163 -0.2391 -0.8772
vn -0.2971 0.7209 -0.6261
vn -0.0858 -0.9798 -0.1809
vn -0.4067 -0.3164 -0.8570
vn -0.3210 0.6628 -0.6765
vn -0.0517 -0.9927 -0.1090
vn -0.3944 -0.3917 -0.8313
vn -0.3428 0.6004 -0.7225
vn -0.0173 -0.9992 -0.0364
vn -0.3797 -0.4644 -0.8001
vn -0.3624 0.5342 -0.7638
vn -0.3624 -0.5342 -0.7638
vn -0.3797 0.4644 -0.8001
vn -0.0173 0.9992 -0.0364
vn -0.3428 -0.6004 -0.7225
vn -0.0710 0.9798 -0.1872
vn -0.2457 -0.7209 -0.6480
vn -0.3443 0.2391 -0.9079
vn -0.0987 0.9605 -0.2603
vn -0.2244 -0.7744 -0.5916
vn -0.3500 0.1603 -0.9229
vn -0.1258 0.9349 -0.3318
vn -0.2016 -0.8228 -0.5314
vn -0.3535 0.0804 -0.9320
vn -0.1521 0.9033 -0.4011
vn -0.1774 -0.8659 -0.4678
vn -0.3546 -0.0000 -0.9350
vn -0.1774 0.8659 -0.4678
vn -0.1521 -0.9033 -0.4011
vn -0.3535 -0.0804 -0.9320
vn -0.2015 0.8228 -0.5314
vn -0.1258 -0.9349 -0.3318
vn -0.3500 -0.1603 -0.9229
vn -0.2244 0.7744 -0.5916
vn -0.0987 -0.9605 -0.2603
vn -0.3443 -0.2391 -0.9079
vn -0.2457 0.7209 -0.6480
vn -0.0710 -0.9798 -0.1872
vn -0.3364 -0.3164 -0.8870
vn -0.2655 0.6628 -0.7001
vn -0.0428 -0.9927 -0.1128
vn -0.3263 -0.3917 -0.8603
vn -0.2836 0.6004 -0.7477
vn -0.0143 -0.9992 -0.0377
vn -0.3140 -0.4644 -0.8281
vn -0.2998 0.5342 -0.7904
vn -0.2998 -0.5342 -0.7905
vn -0.3140 0.4644 -0.8281
vn -0.0143 0.9992 -0.0377
vn -0.2836 -0.6004 -0.7477
vn -0.3263 0.3917 -0.8603
vn -0.0428 0.9927 -0.1128
vn -0.2655 -0.6628 -0.7001
vn -0.3364 0.3164 -0.8870
vn -0.2746 0.1603 -0.9481
vn -0.0987 0.9349 -0.3408
vn -0.1581 -0.8228 -0.5459
vn -0.2773 0.0804 -0.9574
vn -0.1193 0.9033 -0.4120
vn -0.1392 -0.8658 -0.4806
vn -0.2782 -0.0000 -0.9605
vn -0.1392 0.8658 -0.4806
vn -0.1193 -0.9033 -0.4120
vn -0.2773 -0.0804 -0.9574
vn -0.1581 0.8228 -0.5459
vn -0.0987 -0.9349 -0.3408
vn -0.2746 -0.1603 -0.9481
vn -0.1760 0.7744 -0.6078
vn -0.0775 -0.9605 -0.2674
vn -0.2701 -0.2391 -0.9326
vn -0.1928 0.7209 -0.6656
vn -0.0557 -0.9798 -0.1923
vn -0.2639 -0.3164 -0.9112
vn -0.2083 0.6628 -0.7192
vn -0.0336 -0.9927 -0.1159
vn -0.2560 -0.3917 -0.8838
vn -0.2225 0.6004 -0.7681
vn -0.0112 -0.9992 -0.0387
vn -0.2464 -0.4644 -0.8506
vn -0.2352 0.5342 -0.8120
vn -0.2352 -0.5342 -0.8120
vn -0.2464 0.4644 -0.8506
vn -0.0112 0.9992 -0.0387
vn -0.2225 -0.6004 -0.7681
vn -0.2560 0.3917 -0.8838
vn -0.0336 0.9927 -0.1159
vn -0.2083 -0.6628 -0.7192
vn -0.2639 0.3164 -0.9112
vn -0.0557 0.9798 -0.1923
vn -0.1928 -0.7209 -0.6656
vn -0.2701 0.2391 -0.9326
vn -0.0775 0.9605 -0.2674
vn -0.1760 -0.7744 -0.6078
vn -0.0858 0.9033 -0.4203
vn -0.1001 -0.8659 -0.4902
vn -0.2000 -0.0000 -0.9798
vn -0.1001 0.8658 -0.4902
vn -0.0858 -0.9033 -0.4203
vn -0.1994 -0.0804 -0.9766
vn -0.1137 0.8228 -0.5569
vn -0.0710 -0.9349 -0.3477
vn -0.1974 -0.1603 -0.9671
vn -0.1266 0.7744 -0.6200
vn -0.0557 -0.9605 -0.2728
vn -0.1942 -0.2391 -0.9514
vn -0.1386 0.7209 -0.6790
vn -0.0400 -0.9798 -0.1961
vn -0.1897 -0.3164 -0.9294
vn -0.1498 0.6628 -0.7336
vn -0.0241 -0.9927 -0.1182
vn -0.1840 -0.3917 -0.9015
vn -0.1600 0.6004 -0.7835
vn -0.0081 -0.9992 -0.0395
vn -0.1771 -0.4644 -0.8677
vn -0.1691 0.5342 -0.8283
vn -0.1691 -0.5342 -0.8283
vn -0.1771 0.4644 -0.8677
vn -0.0081 0.9992 -0.0395
vn -0.1600 -0.6004 -0.7835
vn -0.1840 0.3917 -0.9015
vn -0.0241 0.9927 -0.1182
vn -0.1498 -0.6628 -0.7336
vn -0.1897 0.3164 -0.9294
vn -0.0400 0.9798 -0.1961
vn -0.1386 -0.7209 -0.6790
vn -0.1942 0.2391 -0.9514
vn -0.0557 0.9605 -0.2728
vn -0.1266 -0.7744 -0.6200
vn -0.1974 0.1603 -0.9671
vn -0.0710 0.9349 -0.3477
vn -0.1137 -0.8228 -0.5569
vn -0.1994 0.0804 -0.9766
vn -0.0517 -0.9033 -0.4258
vn -0.1201 -0.0804 -0.9895
vn -0.0685 0.8228 -0.5642
vn -0.0428 -0.9349 -0.3523
vn -0.1190 -0.1603 -0.9799
vn -0.0763 0.7744 -0.6281
vn -0.0336 -0.9605 -0.2764
vn -0.1170 -0.2391 -0.9639
vn -0.0835 0.7209 -0.6880
vn -0.0241 -0.9798 -0.1987
vn -0.1143 -0.3164 -0.9417
vn -0.0903 0.6628 -0.7433
vn -0.0145 -0.9927 -0.1198
vn -0.1109 -0.3917 -0.9134
vn -0.0964 0.6004 -0.7938
vn -0.0049 -0.9992 -0.0400
vn -0.1067 -0.4644 -0.8792
vn -0.1019 0.5342 -0.8392
vn -0.1019 -0.5342 -0.8392
vn -0.1067 0.4644 -0.8792
vn -0.0049 0.9992 -0.0400
vn -0.0964 -0.6004 -0.7938
vn -0.1109 0.3917 -0.9134
vn -0.0145 0.9927 -0.1198
vn -0.0903 -0.6628 -0.7433
vn -0.1143 0.3164 -0.9417
vn -0.0241 0.9798 -0.1987
vn -0.0835 -0.7209 -0.6880
vn -0.1170 0.2391 -0.9639
vn -0.0336 0.9605 -0.2764
vn -0.0763 -0.7744 -0.6281
vn -0.1190 0.1603 -0.9799
vn -0.0428 0.9349 -0.3523
vn -0.0685 -0.8228 -0.5642
vn -0.1201 0.0804 -0.9895
vn -0.0517 0.9033 -0.4258
vn -0.0603 -0.8658 -0.4967
vn -0.1205 -0.0000 -0.9927
vn -0.0603 0.8658 -0.4967
vn -0.0397 -0.1603 -0.9863
vn -0.0255 0.7744 -0.6322
vn -0.0112 -0.9605 -0.2782
vn -0.0391 -0.2391 -0.9702
vn -0.0279 0.7209 -0.6924
vn -0.0081 -0.9798 -0.2000
vn -0.0382 -0.3164 -0.9478
vn -0.0302 0.6628 -0.7482
vn -0.0049 -0.9927 -0.1205
vn -0.0370 -0.3917 -0.9193
vn -0.0322 0.6004 -0.7990
vn -0.0016 -0.9992 -0.0403
vn -0.0357 -0.4644 -0.8849
vn -0.0340 0.5342 -0.8447
vn -0.0340 -0.5342 -0.8447
vn -0.0357 0.4644 -0.8849
vn -0.0016 0.9992 -0.0403
vn -0.0322 -0.6004 -0.7990
vn -0.0370 0.3917 -0.9193
vn -0.0049 0.9927 -0.1205
vn -0.0302 -0.6628 -0.7482
vn -0.0382 0.3164 -0.9478
vn -0.0081 0.9798 -0.2000
vn -0.0279 -0.7209 -0.6924
vn -0.0391 0.2391 -0.9702
vn -0.0112 0.9605 -0.2782
vn -0.0255 -0.7744 -0.6322
vn -0.0397 0.1603 -0.9863
vn -0.0143 0.9349 -0.3546
vn -0.0229 -0.8228 -0.5679
vn -0.0401 0.0804 -0.9960
vn -0.0173 0.9033 -0.4286
vn -0.0201 -0.8658 -0.4999
vn -0.0403 -0.0000 -0.9992
vn -0.0201 0.8658 -0.4999
vn -0.0173 -0.9033 -0.4286
vn -0.0401 -0.0804 -0.9960
vn -0.0229 0.8228 -0.5679
vn -0.0143 -0.9349 -0.3546
vn 0.0279 -0.7209 -0.6924
vn 0.0201 -0.8658 -0.4999
vn 0.0202 0.8658 -0.4999
vn 0.0279 0.7209 -0.6925
vn 0.0341 -0.5342 -0.8447
vn 0.0401 0.9798 -0.1961
vn 0.1392 -0.8658 -0.4806
vn 0.1392 0.8659 -0.4806
vn 0.0336 -0.9927 -0.1159
vn 0.0335 0.9927 -0.1159
vn 0.2998 0.5342 -0.7905
vn 0.2015 -0.8228 -0.5314
vn 0.2502 -0.8659 -0.4333
vn 0.2502 0.8658 -0.4333
vn 0.5059 -0.7744 -0.3801
vn 0.5058 0.7744 -0.3801
vn 0.4229 -0.8659 -0.2674
vn 0.4229 0.8658 -0.2674
vn 0.4430 0.8658 -0.2325
vn 0.1773 -0.9798 -0.0930
vn 0.4430 -0.8659 -0.2325
vn 0.6574 0.7209 -0.2195
vn 0.6573 -0.7209 -0.2195
vn 0.4746 -0.8659 -0.1584
vn 0.6729 -0.7209 -0.1659
vn 0.4858 -0.8658 -0.1197
vn 0.4858 0.8659 -0.1197
vn 0.6729 0.7209 -0.1658
vn 0.7463 0.6628 -0.0603
vn 0.5003 -0.8659 -0.0000
vn 0.5003 0.8658 -0.0000
vn 0.4987 -0.8659 0.0403
vn 0.4987 0.8658 0.0403
vn 0.7464 -0.6628 0.0603
vn 0.6729 -0.7209 0.1659
vn 0.4858 -0.8658 0.1197
vn 0.4858 0.8659 0.1197
vn 0.6729 0.7209 0.1659
vn 0.1773 0.9798 0.0930
vn 0.1772 -0.9798 0.0930
vn 0.4229 -0.8659 0.2674
vn 0.4229 0.8658 0.2674
vn 0.4000 -0.8659 0.3006
vn 0.4000 0.8658 0.3006
vn 0.2842 -0.8658 0.4117
vn 0.2842 0.8659 0.4117
vn 0.2502 -0.8659 0.4333
vn 0.2502 0.8658 0.4333
vn 0.2145 -0.8659 0.4520
vn 0.2145 0.8658 0.4520
vn 0.2016 -0.8228 0.5314
vn 0.2015 0.8228 0.5314
vn 0.2998 0.5342 0.7904
vn 0.2998 -0.5342 0.7905
vn 0.1193 0.9033 0.4120
vn 0.1194 -0.9033 0.4120
vn 0.0335 0.9927 0.1159
vn 0.0048 -0.9927 0.1205
vn 0.0048 0.9927 0.1205
vn -0.0049 -0.9927 0.1205
vn -0.0048 0.9927 0.1205
vn -0.1001 -0.8658 0.4902
vn -0.1001 0.8659 0.4902
vn -0.1194 0.9033 0.4120
vn -0.1392 -0.8658 0.4806
vn -0.1193 -0.9033 0.4120
vn -0.2502 -0.8659 0.4333
vn -0.2842 -0.8659 0.4117
vn -0.2842 0.8658 0.4117
vn -0.3164 -0.8659 0.3875
vn -0.3466 -0.8659 0.3608
vn -0.3466 0.8658 0.3608
vn -0.3745 -0.8659 0.3318
vn -0.3745 0.8658 0.3318
vn -0.4000 -0.8659 0.3006
vn -0.4000 0.8658 0.3006
vn -0.5058 0.7744 0.3801
vn -0.5059 -0.7744 0.3801
vn -0.4229 0.8659 0.2674
vn -0.4229 -0.8658 0.2674
vn -0.1772 0.9798 0.0930
vn -0.4430 -0.8658 0.2325
vn -0.3947 0.9033 0.1681
vn -0.3946 -0.9033 0.1681
vn -0.6729 -0.7209 0.1658
vn -0.6729 0.7209 0.1659
vn -0.9870 -0.0000 0.1604
vn -0.7464 -0.6628 0.0603
vn -0.4987 -0.8658 0.0403
vn -0.7463 0.6628 0.0603
vn -0.7463 0.6628 -0.0603
vn -0.7464 -0.6628 -0.0603
vn -0.4938 -0.8659 -0.0803
vn -0.4938 0.8658 -0.0803
vn -0.4603 -0.8658 -0.1961
vn -0.4603 0.8659 -0.1961
vn -0.4430 -0.8659 -0.2325
vn -0.4430 0.8658 -0.2325
vn -0.4000 0.8659 -0.3006
vn -0.3466 -0.8659 -0.3608
vn -0.3466 0.8658 -0.3608
vn -0.2842 0.8658 -0.4117
vn -0.2502 -0.8659 -0.4333
vn -0.2502 0.8658 -0.4333
vn -0.2145 -0.8659 -0.4520
vn -0.2145 0.8658 -0.4520
vn -0.2015 -0.8228 -0.5314
vn -0.2016 0.8228 -0.5314
vn -0.2998 0.5342 -0.7905
vn -0.2998 -0.5342 -0.7904
vn -0.1392 -0.8659 -0.4806
vn -0.0335 0.9927 -0.1159
vn -0.1001 -0.8658 -0.4902
vn -0.1001 0.8659 -0.4902
vn -0.0048 -0.9927 -0.1205
vn -0.0048 0.9927 -0.1205
vn -0.0201 -0.8659 -0.4999
vt 0.743590 0.974359
vt 0.730769 0.948718
vt 0.743590 0.948718
vt 0.743590 0.256410
vt 0.730769 0.282051
vt 0.730769 0.256410
vt 0.743590 0.615384
vt 0.730769 0.589744
vt 0.743590 0.589743
vt 0.730769 0.923077
vt 0.743590 0.923077
vt 0.743590 0.230769
vt 0.730769 0.230769
vt 0.730769 0.564103
vt 0.743590 0.564102
vt 0.730769 0.897436
vt 0.743590 0.897436
vt 0.743590 0.205128
vt 0.730769 0.205128
vt 0.730769 0.538462
vt 0.743590 0.538462
vt 0.730769 0.871795
vt 0.743590 0.871795
vt 0.743590 0.179487
vt 0.730769 0.179487
vt 0.730769 0.512821
vt 0.743590 0.512820
vt 0.730769 0.846154
vt 0.743590 0.846154
vt 0.743590 0.153846
vt 0.730769 0.153846
vt 0.730769 0.487180
vt 0.743590 0.487180
vt 0.730769 0.820513
vt 0.743590 0.820513
vt 0.743590 0.128205
vt 0.730769 0.128205
vt 0.743590 0.461538
vt 0.730769 0.461538
vt 0.730769 0.794872
vt 0.743590 0.794872
vt 0.743590 0.102564
vt 0.730769 0.102564
vt 0.743590 0.435898
vt 0.730769 0.435897
vt 0.730769 0.769231
vt 0.743590 0.769231
vt 0.743590 0.076923
vt 0.730769 0.076923
vt 0.743590 0.410257
vt 0.730769 0.410256
vt 0.730769 0.743590
vt 0.743590 0.743590
vt 0.743590 0.051282
vt 0.730769 0.051282
vt 0.743590 0.384616
vt 0.730769 0.384615
vt 0.730769 0.717949
vt 0.743590 0.717949
vt 0.743590 0.025641
vt 0.730769 0.025641
vt 0.743590 0.358975
vt 0.730769 0.358974
vt 0.730769 0.692308
vt 0.743590 0.692307
vt 0.737180 0.000000
vt 0.743590 0.333334
vt 0.730769 0.333333
vt 0.730769 0.666667
vt 0.743590 0.666666
vt 0.743590 0.307692
vt 0.730769 0.307692
vt 0.730769 0.641026
vt 0.743590 0.641025
vt 0.737180 1.000000
vt 0.730769 0.974359
vt 0.743590 0.282052
vt 0.730769 0.615385
vt 0.717949 0.948718
vt 0.717949 0.923077
vt 0.717949 0.230769
vt 0.717949 0.589744
vt 0.717949 0.564103
vt 0.717949 0.897436
vt 0.717949 0.205128
vt 0.717949 0.538462
vt 0.717949 0.871795
vt 0.717949 0.179487
vt 0.717949 0.512821
vt 0.717949 0.846154
vt 0.717949 0.153846
vt 0.717949 0.487180
vt 0.717949 0.820513
vt 0.717949 0.128205
vt 0.717949 0.461538
vt 0.717949 0.794872
vt 0.717949 0.102564
vt 0.717949 0.435897
vt 0.717949 0.769231
vt 0.717949 0.076923
vt 0.717949 0.410256
vt 0.717949 0.743590
vt 0.717949 0.051282
vt 0.717949 0.384615
vt 0.717949 0.717949
vt 0.717949 0.025641
vt 0.717949 0.358974
vt 0.717949 0.692308
vt 0.724359 0.000000
vt 0.717949 0.333333
vt 0.717949 0.666667
vt 0.717949 0.307692
vt 0.717949 0.641026
vt 0.724359 1.000000
vt 0.717949 0.974359
vt 0.717949 0.282051
vt 0.717949 0.615385
vt 0.717949 0.256410
vt 0.705128 0.538462
vt 0.705128 0.897436
vt 0.705128 0.871795
vt 0.705128 0.205128
vt 0.705128 0.179487
vt 0.705128 0.512821
vt 0.705128 0.846154
vt 0.705128 0.153846
vt 0.705128 0.487180
vt 0.705128 0.820513
vt 0.705128 0.128205
vt 0.705128 0.461538
vt 0.705128 0.794872
vt 0.705128 0.102564
vt 0.705128 0.435897
vt 0.705128 0.769231
vt 0.705128 0.076923
vt 0.705128 0.410256
vt 0.705128 0.743590
vt 0.705128 0.051282
vt 0.705128 0.384615
vt 0.705128 0.717949
vt 0.705128 0.025641
vt 0.705128 0.358974
vt 0.705128 0.692308
vt 0.711538 0.000000
vt 0.705128 0.333333
vt 0.705128 0.666667
vt 0.705128 0.307692
vt 0.705128 0.641026
vt 0.711538 1.000000
vt 0.705128 0.974359
vt 0.705128 0.282051
vt 0.705128 0.615385
vt 0.705128 0.948718
vt 0.705128 0.256410
vt 0.705128 0.589744
vt 0.705128 0.923077
vt 0.705128 0.230769
vt 0.705128 0.564103
vt 0.692308 0.871795
vt 0.692308 0.846154
vt 0.692308 0.153846
vt 0.692308 0.487180
vt 0.692308 0.820513
vt 0.692308 0.128205
vt 0.692308 0.461538
vt 0.692308 0.794872
vt 0.692308 0.102564
vt 0.692308 0.435897
vt 0.692308 0.769231
vt 0.692308 0.076923
vt 0.692308 0.410256
vt 0.692308 0.743590
vt 0.692308 0.051282
vt 0.692308 0.384615
vt 0.692308 0.717949
vt 0.692308 0.025641
vt 0.692308 0.358974
vt 0.692308 0.692308
vt 0.698718 0.000000
vt 0.692308 0.333333
vt 0.692308 0.666667
vt 0.692308 0.307692
vt 0.692308 0.641026
vt 0.698718 1.000000
vt 0.692308 0.974359
vt 0.692308 0.282051
vt 0.692308 0.615385
vt 0.692308 0.948718
vt 0.692308 0.256410
vt 0.692308 0.589744
vt 0.692308 0.923077
vt 0.692308 0.230769
vt 0.692308 0.564103
vt 0.692308 0.897436
vt 0.692308 0.205128
vt 0.692308 0.538462
vt 0.692308 0.179487
vt 0.692308 0.512821
vt 0.679487 0.128205
vt 0.679487 0.487180
vt 0.679487 0.461538
vt 0.679487 0.794872
vt 0.679487 0.102564
vt 0.679487 0.435897
vt 0.679487 0.769231
vt 0.679487 0.076923
vt 0.679487 0.410256
vt 0.679487 0.743590
vt 0.679487 0.051282
vt 0.679487 0.384615
vt 0.679487 0.717949
vt 0.679487 0.025641
vt 0.679487 0.358974
vt 0.679487 0.692308
vt 0.685897 0.000000
vt 0.679487 0.333333
vt 0.679487 0.666667
vt 0.679487 0.307692
vt 0.679487 0.641026
vt 0.685897 1.000000
vt 0.679487 0.974359
vt 0.679487 0.282051
vt 0.679487 0.615385
vt 0.679487 0.948718
vt 0.679487 0.256410
vt 0.679487 0.589744
vt 0.679487 0.923077
vt 0.679487 0.230769
vt 0.679487 0.564103
vt 0.679487 0.897436
vt 0.679487 0.205128
vt 0.679487 0.538462
vt 0.679487 0.871795
vt 0.679487 0.179487
vt 0.679487 0.512821
vt 0.679487 0.846154
vt 0.679487 0.153846
vt 0.679487 0.820513
vt 0.666667 0.461538
vt 0.666667 0.435897
vt 0.666667 0.769231
vt 0.666667 0.076923
vt 0.666667 0.410256
vt 0.666667 0.743590
vt 0.666667 0.051282
vt 0.666667 0.384615
vt 0.666667 0.717949
vt 0.666667 0.025641
vt 0.666667 0.358974
vt 0.666667 0.692308
vt 0.673077 0.000000
vt 0.666667 0.333333
vt 0.666667 0.666667
vt 0.666667 0.307692
vt 0.666667 0.641026
vt 0.673077 1.000000
vt 0.666667 0.974359
vt 0.666667 0.282051
vt 0.666667 0.615385
vt 0.666667 0.948718
vt 0.666667 0.256410
vt 0.666667 0.589744
vt 0.666667 0.923077
vt 0.666667 0.230769
vt 0.666667 0.564103
vt 0.666667 0.897436
vt 0.666667 0.205128
vt 0.666667 0.538462
vt 0.666667 0.871795
vt 0.666667 0.179487
vt 0.666667 0.512821
vt 0.666667 0.846154
vt 0.666667 0.153846
vt 0.666667 0.487180
vt 0.666667 0.820513
vt 0.666667 0.128205
vt 0.666667 0.794872
vt 0.666667 0.102564
vt 0.653846 0.743590
vt 0.653846 0.076923
vt 0.653846 0.051282
vt 0.653846 0.384615
vt 0.653846 0.717949
vt 0.653846 0.025641
vt 0.653846 0.358974
vt 0.653846 0.692308
vt 0.660256 0.000000
vt 0.653846 0.333333
vt 0.653846 0.666667
vt 0.653846 0.307692
vt 0.653846 0.641026
vt 0.660256 1.000000
vt 0.653846 0.974359
vt 0.653846 0.282051
vt 0.653846 0.615385
vt 0.653846 0.948718
vt 0.653846 0.256410
vt 0.653846 0.589744
vt 0.653846 0.923077
vt 0.653846 0.230769
vt 0.653846 0.564103
vt 0.653846 0.897436
vt 0.653846 0.205128
vt 0.653846 0.538462
vt 0.653846 0.871795
vt 0.653846 0.179487
vt 0.653846 0.512821
vt 0.653846 0.846154
vt 0.653846 0.153846
vt 0.653846 0.487180
vt 0.653846 0.820513
vt 0.653846 0.128205
vt 0.653846 0.461538
vt 0.653846 0.794872
vt 0.653846 0.102564
vt 0.653846 0.435897
vt 0.653846 0.769231
vt 0.653846 0.410256
vt 0.641026 0.358974
vt 0.641026 0.717949
vt 0.641026 0.692308
vt 0.647436 0.000000
vt 0.641026 0.025641
vt 0.641026 0.333333
vt 0.641026 0.666667
vt 0.641026 0.307692
vt 0.641026 0.641026
vt 0.647436 1.000000
vt 0.641026 0.974359
vt 0.641026 0.282051
vt 0.641026 0.615385
vt 0.641026 0.948718
vt 0.641026 0.256410
vt 0.641026 0.589744
vt 0.641026 0.923077
vt 0.641026 0.230769
vt 0.641026 0.564103
vt 0.641026 0.897436
vt 0.641026 0.205128
vt 0.641026 0.538462
vt 0.641026 0.871795
vt 0.641026 0.179487
vt 0.641026 0.512821
vt 0.641026 0.846154
vt 0.641026 0.153846
vt 0.641026 0.487180
vt 0.641026 0.820513
vt 0.641026 0.128205
vt 0.641026 0.461538
vt 0.641026 0.794872
vt 0.641026 0.102564
vt 0.641026 0.435897
vt 0.641026 0.769231
vt 0.641026 0.076923
vt 0.641026 0.410256
vt 0.641026 0.743590
vt 0.641026 0.051282
vt 0.641026 0.384615
vt 0.628205 0.692308
vt 0.628205 0.666667
vt 0.628205 0.307692
vt 0.628205 0.641026
vt 0.634615 1.000000
vt 0.628205 0.974359
vt 0.628205 0.282051
vt 0.628205 0.615385
vt 0.628205 0.948718
vt 0.628205 0.256410
vt 0.628205 0.589744
vt 0.628205 0.923077
vt 0.628205 0.230769
vt 0.628205 0.564103
vt 0.628205 0.897436
vt 0.628205 0.205128
vt 0.628205 0.538462
vt 0.628205 0.871795
vt 0.628205 0.179487
vt 0.628205 0.512821
vt 0.628205 0.846154
vt 0.628205 0.153846
vt 0.628205 0.487180
vt 0.628205 0.820513
vt 0.628205 0.128205
vt 0.628205 0.461538
vt 0.628205 0.794872
vt 0.628205 0.102564
vt 0.628205 0.435897
vt 0.628205 0.769231
vt 0.628205 0.076923
vt 0.628205 0.410256
vt 0.628205 0.743590
vt 0.628205 0.051282
vt 0.628205 0.384615
vt 0.628205 0.717949
vt 0.628205 0.025641
vt 0.628205 0.358974
vt 0.634615 0.000000
vt 0.628205 0.333333
vt 0.621795 1.000000
vt 0.615385 0.974359
vt 0.615385 0.282051
vt 0.615385 0.641026
vt 0.615385 0.615385
vt 0.615385 0.948718
vt 0.615385 0.256410
vt 0.615385 0.589744
vt 0.615385 0.923077
vt 0.615385 0.230769
vt 0.615385 0.564103
vt 0.615385 0.897436
vt 0.615385 0.205128
vt 0.615385 0.538462
vt 0.615385 0.871795
vt 0.615385 0.179487
vt 0.615385 0.512821
vt 0.615385 0.846154
vt 0.615385 0.153846
vt 0.615385 0.487180
vt 0.615385 0.820513
vt 0.615385 0.128205
vt 0.615385 0.461538
vt 0.615385 0.794872
vt 0.615385 0.102564
vt 0.615385 0.435897
vt 0.615385 0.769231
vt 0.615385 0.076923
vt 0.615385 0.410256
vt 0.615385 0.743590
vt 0.615385 0.051282
vt 0.615385 0.384615
vt 0.615385 0.717949
vt 0.615385 0.025641
vt 0.615385 0.358974
vt 0.615385 0.692308
vt 0.621795 0.000000
vt 0.615385 0.333333
vt 0.615385 0.666667
vt 0.615385 0.307692
vt 0.602564 0.256410
vt 0.602564 0.615385
vt 0.602564 0.589744
vt 0.602564 0.923077
vt 0.602564 0.230769
vt 0.602564 0.564103
vt 0.602564 0.897436
vt 0.602564 0.205128
vt 0.602564 0.538462
vt 0.602564 0.871795
vt 0.602564 0.179487
vt 0.602564 0.512821
vt 0.602564 0.846154
vt 0.602564 0.153846
vt 0.602564 0.487180
vt 0.602564 0.820513
vt 0.602564 0.128205
vt 0.602564 0.461538
vt 0.602564 0.794872
vt 0.602564 0.102564
vt 0.602564 0.435897
vt 0.602564 0.769231
vt 0.602564 0.076923
vt 0.602564 0.410256
vt 0.602564 0.743590
vt 0.602564 0.051282
vt 0.602564 0.384615
vt 0.602564 0.717949
vt 0.602564 0.025641
vt 0.602564 0.358974
vt 0.602564 0.692308
vt 0.608974 0.000000
vt 0.602564 0.333333
vt 0.602564 0.666667
vt 0.602564 0.307692
vt 0.602564 0.641026
vt 0.608974 1.000000
vt 0.602564 0.974359
vt 0.602564 0.282051
vt 0.602564 0.948718
vt 0.589744 0.589744
vt 0.589744 0.564103
vt 0.589744 0.897436
vt 0.589744 0.230769
vt 0.589744 0.205128
vt 0.589744 0.538462
vt 0.589744 0.871795
vt 0.589744 0.179487
vt 0.589744 0.512821
vt 0.589744 0.846154
vt 0.589744 0.153846
vt 0.589744 0.487180
vt 0.589744 0.820513
vt 0.589744 0.128205
vt 0.589744 0.461538
vt 0.589744 0.794872
vt 0.589744 0.102564
vt 0.589744 0.435897
vt 0.589744 0.769231
vt 0.589744 0.076923
vt 0.589744 0.410256
vt 0.589744 0.743590
vt 0.589744 0.051282
vt 0.589744 0.384615
vt 0.589744 0.717949
vt 0.589744 0.025641
vt 0.589744 0.358974
vt 0.589744 0.692308
vt 0.596154 0.000000
vt 0.589744 0.333333
vt 0.589744 0.666667
vt 0.589744 0.307692
vt 0.589744 0.641026
vt 0.596154 1.000000
vt 0.589744 0.974359
vt 0.589744 0.282051
vt 0.589744 0.615385
vt 0.589744 0.948718
vt 0.589744 0.256410
vt 0.589744 0.923077
vt 0.576923 0.897436
vt 0.576923 0.871795
vt 0.576923 0.205128
vt 0.576923 0.179487
vt 0.576923 0.512821
vt 0.576923 0.846154
vt 0.576923 0.153846
vt 0.576923 0.487180
vt 0.576923 0.820513
vt 0.576923 0.128205
vt 0.576923 0.461538
vt 0.576923 0.794872
vt 0.576923 0.102564
vt 0.576923 0.435897
vt 0.576923 0.769231
vt 0.576923 0.076923
vt 0.576923 0.410256
vt 0.576923 0.743590
vt 0.576923 0.051282
vt 0.576923 0.384615
vt 0.576923 0.717949
vt 0.576923 0.025641
vt 0.576923 0.358974
vt 0.576923 0.692308
vt 0.583333 0.000000
vt 0.576923 0.333333
vt 0.576923 0.666667
vt 0.576923 0.307692
vt 0.576923 0.641026
vt 0.583333 1.000000
vt 0.576923 0.974359
vt 0.576923 0.282051
vt 0.576923 0.615385
vt 0.576923 0.948718
vt 0.576923 0.256410
vt 0.576923 0.589744
vt 0.576923 0.923077
vt 0.576923 0.230769
vt 0.576923 0.564103
vt 0.576923 0.538462
vt 0.564103 0.487180
vt 0.564103 0.846154
vt 0.564103 0.820513
vt 0.564103 0.128205
vt 0.564103 0.461538
vt 0.564103 0.794872
vt 0.564103 0.102564
vt 0.564103 0.435897
vt 0.564103 0.769231
vt 0.564103 0.076923
vt 0.564103 0.410256
vt 0.564103 0.743590
vt 0.564103 0.051282
vt 0.564103 0.384615
vt 0.564103 0.717949
vt 0.564103 0.025641
vt 0.564103 0.358974
vt 0.564103 0.692308
vt 0.570513 0.000000
vt 0.564103 0.333333
vt 0.564103 0.666667
vt 0.564103 0.307692
vt 0.564103 0.641026
vt 0.570513 1.000000
vt 0.564103 0.974359
vt 0.564103 0.282051
vt 0.564103 0.615385
vt 0.564103 0.948718
vt 0.564103 0.256410
vt 0.564103 0.589744
vt 0.564103 0.923077
vt 0.564103 0.230769
vt 0.564103 0.564103
vt 0.564103 0.897436
vt 0.564103 0.205128
vt 0.564103 0.538462
vt 0.564103 0.871795
vt 0.564103 0.179487
vt 0.564103 0.512821
vt 0.564103 0.153846
vt 0.551282 0.794872
vt 0.551282 0.128205
vt 0.551282 0.102564
vt 0.551282 0.461538
vt 0.551282 0.435897
vt 0.551282 0.769231
vt 0.551282 0.076923
vt 0.551282 0.410256
vt 0.551282 0.743590
vt 0.551282 0.051282
vt 0.551282 0.384615
vt 0.551282 0.717949
vt 0.551282 0.025641
vt 0.551282 0.358974
vt 0.551282 0.692308
vt 0.557692 0.000000
vt 0.551282 0.333333
vt 0.551282 0.666667
vt 0.551282 0.307692
vt 0.551282 0.641026
vt 0.557692 1.000000
vt 0.551282 0.974359
vt 0.551282 0.282051
vt 0.551282 0.615385
vt 0.551282 0.948718
vt 0.551282 0.256410
vt 0.551282 0.589744
vt 0.551282 0.923077
vt 0.551282 0.230769
vt 0.551282 0.564103
vt 0.551282 0.897436
vt 0.551282 0.205128
vt 0.551282 0.538462
vt 0.551282 0.871795
vt 0.551282 0.179487
vt 0.551282 0.512821
vt 0.551282 0.846154
vt 0.551282 0.153846
vt 0.551282 0.487180
vt 0.551282 0.820513
vt 0.538462 0.102564
vt 0.538462 0.076923
vt 0.538462 0.410256
vt 0.538462 0.743590
vt 0.538462 0.051282
vt 0.538462 0.384615
vt 0.538462 0.717949
vt 0.538462 0.025641
vt 0.538462 0.358974
vt 0.538462 0.692308
vt 0.544872 0.000000
vt 0.538462 0.333333
vt 0.538462 0.666667
vt 0.538462 0.307692
vt 0.538462 0.641026
vt 0.544872 1.000000
vt 0.538462 0.974359
vt 0.538462 0.282051
vt 0.538462 0.615385
vt 0.538462 0.948718
vt 0.538462 0.256410
vt 0.538462 0.589744
vt 0.538462 0.923077
vt 0.538462 0.230769
vt 0.538462 0.564103
vt 0.538462 0.897436
vt 0.538462 0.205128
vt 0.538462 0.538462
vt 0.538462 0.871795
vt 0.538462 0.179487
vt 0.538462 0.512821
vt 0.538462 0.846154
vt 0.538462 0.153846
vt 0.538462 0.487180
vt 0.538462 0.820513
vt 0.538462 0.128205
vt 0.538462 0.461538
vt 0.538462 0.794872
vt 0.538462 0.435897
vt 0.538462 0.769231
vt 0.525641 0.410256
vt 0.525641 0.384615
vt 0.525641 0.743590
vt 0.525641 0.717949
vt 0.525641 0.025641
vt 0.525641 0.358974
vt 0.525641 0.692308
vt 0.532051 0.000000
vt 0.525641 0.333333
vt 0.525641 0.666667
vt 0.525641 0.307692
vt 0.525641 0.641026
vt 0.532051 1.000000
vt 0.525641 0.974359
vt 0.525641 0.282051
vt 0.525641 0.615385
vt 0.525641 0.948718
vt 0.525641 0.256410
vt 0.525641 0.589744
vt 0.525641 0.923077
vt 0.525641 0.230769
vt 0.525641 0.564103
vt 0.525641 0.897436
vt 0.525641 0.205128
vt 0.525641 0.538462
vt 0.525641 0.871795
vt 0.525641 0.179487
vt 0.525641 0.512821
vt 0.525641 0.846154
vt 0.525641 0.153846
vt 0.525641 0.487180
vt 0.525641 0.820513
vt 0.525641 0.128205
vt 0.525641 0.461538
vt 0.525641 0.794872
vt 0.525641 0.102564
vt 0.525641 0.435897
vt 0.525641 0.769231
vt 0.525641 0.076923
vt 0.525641 0.051282
vt 0.512821 0.717949
vt 0.512821 0.692308
vt 0.519231 0.000000
vt 0.512821 0.025641
vt 0.512821 0.358974
vt 0.512821 0.333333
vt 0.512821 0.666667
vt 0.512821 0.307692
vt 0.512821 0.641026
vt 0.519231 1.000000
vt 0.512821 0.974359
vt 0.512821 0.282051
vt 0.512821 0.615385
vt 0.512821 0.948718
vt 0.512821 0.256410
vt 0.512821 0.589744
vt 0.512821 0.923077
vt 0.512821 0.230769
vt 0.512821 0.564103
vt 0.512821 0.897436
vt 0.512821 0.205128
vt 0.512821 0.538462
vt 0.512821 0.871795
vt 0.512820 0.179487
vt 0.512821 0.512821
vt 0.512821 0.846154
vt 0.512821 0.153846
vt 0.512821 0.487180
vt 0.512820 0.820513
vt 0.512821 0.128205
vt 0.512821 0.461538
vt 0.512821 0.794872
vt 0.512821 0.102564
vt 0.512821 0.435897
vt 0.512821 0.769231
vt 0.512821 0.076923
vt 0.512821 0.410256
vt 0.512821 0.743590
vt 0.512821 0.051282
vt 0.512821 0.384615
vt 0.500000 0.307692
vt 0.500000 0.641026
vt 0.506410 1.000000
vt 0.500000 0.974359
vt 0.500000 0.282051
vt 0.500000 0.615385
vt 0.500000 0.948718
vt 0.500000 0.256410
vt 0.500000 0.589744
vt 0.500000 0.923077
vt 0.500000 0.230769
vt 0.500000 0.564103
vt 0.500000 0.897436
vt 0.500000 0.205128
vt 0.500000 0.538462
vt 0.500000 0.871795
vt 0.500000 0.179487
vt 0.500000 0.512821
vt 0.500000 0.846154
vt 0.500000 0.153846
vt 0.500000 0.487180
vt 0.500000 0.820513
vt 0.500000 0.128205
vt 0.500000 0.461538
vt 0.500000 0.794872
vt 0.500000 0.102564
vt 0.500000 0.435897
vt 0.500000 0.769231
vt 0.500000 0.076923
vt 0.500000 0.410256
vt 0.500000 0.743590
vt 0.500000 0.051282
vt 0.500000 0.384615
vt 0.500000 0.717949
vt 0.500000 0.025641
vt 0.500000 0.358974
vt 0.500000 0.692308
vt 0.506410 0.000000
vt 0.500000 0.333333
vt 0.500000 0.666667
vt 0.487180 0.641026
vt 0.487179 0.615385
vt 0.487180 0.948718
vt 0.487180 0.256410
vt 0.487180 0.589744
vt 0.487180 0.923077
vt 0.487180 0.230769
vt 0.487179 0.564103
vt 0.487180 0.897436
vt 0.487180 0.205128
vt 0.487180 0.538462
vt 0.487180 0.871795
vt 0.487179 0.179487
vt 0.487180 0.512821
vt 0.487180 0.846154
vt 0.487180 0.153846
vt 0.487180 0.487180
vt 0.487179 0.820513
vt 0.487180 0.128205
vt 0.487180 0.461538
vt 0.487180 0.794872
vt 0.487180 0.102564
vt 0.487179 0.435897
vt 0.487180 0.769231
vt 0.487180 0.076923
vt 0.487180 0.410256
vt 0.487180 0.743590
vt 0.487180 0.051282
vt 0.487179 0.384615
vt 0.487180 0.717949
vt 0.487180 0.025641
vt 0.487180 0.358974
vt 0.487179 0.692308
vt 0.493590 0.000000
vt 0.487179 0.333333
vt 0.487179 0.666667
vt 0.487179 0.307692
vt 0.493590 1.000000
vt 0.487180 0.974359
vt 0.487180 0.282051
vt 0.474359 0.923077
vt 0.474359 0.256410
vt 0.474359 0.230769
vt 0.474359 0.589744
vt 0.474359 0.564103
vt 0.474359 0.897436
vt 0.474359 0.205128
vt 0.474359 0.538462
vt 0.474359 0.871795
vt 0.474359 0.179487
vt 0.474359 0.512821
vt 0.474359 0.846154
vt 0.474359 0.153846
vt 0.474359 0.487180
vt 0.474359 0.820513
vt 0.474359 0.128205
vt 0.474359 0.461538
vt 0.474359 0.794872
vt 0.474359 0.102564
vt 0.474359 0.435897
vt 0.474359 0.769231
vt 0.474359 0.076923
vt 0.474359 0.410256
vt 0.474359 0.743590
vt 0.474359 0.051282
vt 0.474359 0.384615
vt 0.474359 0.717949
vt 0.474359 0.025641
vt 0.474359 0.358974
vt 0.474359 0.692308
vt 0.480769 0.000000
vt 0.474359 0.333333
vt 0.474359 0.666667
vt 0.474359 0.307692
vt 0.474359 0.641026
vt 0.480769 1.000000
vt 0.474359 0.974359
vt 0.474359 0.282051
vt 0.474359 0.615385
vt 0.474359 0.948718
vt 0.461538 0.384615
vt 0.461538 0.538462
vt 0.461538 0.051282
vt 0.461538 0.025641
vt 0.461538 0.871795
vt 0.461538 0.358974
vt 0.461538 0.512821
vt 0.467949 0.000000
vt 0.461538 0.846154
vt 0.461538 0.333333
vt 0.461538 0.820513
vt 0.461538 0.307692
vt 0.461538 0.794872
vt 0.461538 0.282051
vt 0.461538 0.769231
vt 0.461538 0.256410
vt 0.461538 0.743590
vt 0.461538 0.230769
vt 0.461538 0.717949
vt 0.461538 0.205128
vt 0.461538 0.692308
vt 0.461538 0.179487
vt 0.461538 0.666667
vt 0.461538 0.153846
vt 0.461538 0.487180
vt 0.461538 0.641026
vt 0.461538 0.128205
vt 0.467949 1.000000
vt 0.461538 0.974359
vt 0.461538 0.461538
vt 0.461538 0.615385
vt 0.461538 0.102564
vt 0.461538 0.948718
vt 0.461538 0.435897
vt 0.461538 0.589744
vt 0.461538 0.076923
vt 0.461538 0.923077
vt 0.461538 0.410257
vt 0.461538 0.564103
vt 0.461538 0.897436
vt 0.448718 0.717949
vt 0.448718 0.692308
vt 0.455128 0.000000
vt 0.448718 0.025641
vt 0.448718 0.358974
vt 0.448718 0.333333
vt 0.448718 0.666667
vt 0.448718 0.307692
vt 0.448718 0.641026
vt 0.455128 1.000000
vt 0.448718 0.974359
vt 0.448718 0.282051
vt 0.448718 0.615385
vt 0.448718 0.948718
vt 0.448718 0.256410
vt 0.448718 0.589744
vt 0.448718 0.923077
vt 0.448718 0.230769
vt 0.448718 0.564103
vt 0.448718 0.897436
vt 0.448718 0.205128
vt 0.448718 0.538462
vt 0.448718 0.871795
vt 0.448718 0.179487
vt 0.448718 0.512821
vt 0.448718 0.846154
vt 0.448718 0.153846
vt 0.448718 0.487180
vt 0.448718 0.820513
vt 0.448718 0.128205
vt 0.448718 0.461538
vt 0.448718 0.794872
vt 0.448718 0.102564
vt 0.448718 0.435897
vt 0.448718 0.769231
vt 0.448718 0.076923
vt 0.448718 0.410257
vt 0.448718 0.743590
vt 0.448718 0.051282
vt 0.448718 0.384615
vt 0.435897 0.307692
vt 0.435897 0.641026
vt 0.442308 1.000000
vt 0.435897 0.974359
vt 0.435897 0.282051
vt 0.435897 0.615385
vt 0.435897 0.948718
vt 0.435897 0.256410
vt 0.435897 0.589744
vt 0.435897 0.923077
vt 0.435897 0.230769
vt 0.435897 0.564103
vt 0.435897 0.897436
vt 0.435897 0.205128
vt 0.435897 0.538462
vt 0.435897 0.871795
vt 0.435897 0.179487
vt 0.435897 0.512821
vt 0.435897 0.846154
vt 0.435897 0.153846
vt 0.435897 0.487180
vt 0.435897 0.820513
vt 0.435897 0.128205
vt 0.435897 0.461538
vt 0.435897 0.794872
vt 0.435897 0.102564
vt 0.435897 0.435897
vt 0.435897 0.769231
vt 0.435897 0.076923
vt 0.435897 0.410257
vt 0.435897 0.743590
vt 0.435897 0.051282
vt 0.435897 0.384615
vt 0.435897 0.717949
vt 0.435897 0.025641
vt 0.435897 0.358974
vt 0.435897 0.692308
vt 0.442308 0.000000
vt 0.435897 0.333333
vt 0.435897 0.666667
vt 0.423077 0.641026
vt 0.423077 0.615385
vt 0.423077 0.948718
vt 0.423077 0.282051
vt 0.423077 0.256410
vt 0.423077 0.589744
vt 0.423077 0.923077
vt 0.423077 0.230769
vt 0.423077 0.564103
vt 0.423077 0.897436
vt 0.423077 0.205128
vt 0.423077 0.538462
vt 0.423077 0.871795
vt 0.423077 0.179487
vt 0.423077 0.512821
vt 0.423077 0.846154
vt 0.423077 0.153846
vt 0.423077 0.487180
vt 0.423077 0.820513
vt 0.423077 0.128205
vt 0.423077 0.461538
vt 0.423077 0.794872
vt 0.423077 0.102564
vt 0.423077 0.435897
vt 0.423077 0.769231
vt 0.423077 0.076923
vt 0.423077 0.410257
vt 0.423077 0.743590
vt 0.423077 0.051282
vt 0.423077 0.384615
vt 0.423077 0.717949
vt 0.423077 0.025641
vt 0.423077 0.358974
vt 0.423077 0.692308
vt 0.429487 0.000000
vt 0.423077 0.333333
vt 0.423077 0.666667
vt 0.423077 0.307692
vt 0.429487 1.000000
vt 0.423077 0.974359
vt 0.410256 0.948718
vt 0.410256 0.923077
vt 0.410256 0.256410
vt 0.410256 0.230769
vt 0.410256 0.589744
vt 0.410256 0.564103
vt 0.410256 0.897436
vt 0.410256 0.205128
vt 0.410256 0.538462
vt 0.410256 0.871795
vt 0.410256 0.179487
vt 0.410256 0.512821
vt 0.410256 0.846154
vt 0.410256 0.153846
vt 0.410256 0.487180
vt 0.410256 0.820513
vt 0.410256 0.128205
vt 0.410256 0.461538
vt 0.410256 0.794872
vt 0.410256 0.102564
vt 0.410256 0.435897
vt 0.410256 0.769231
vt 0.410256 0.076923
vt 0.410256 0.410257
vt 0.410256 0.743590
vt 0.410256 0.051282
vt 0.410256 0.384615
vt 0.410256 0.717949
vt 0.410256 0.025641
vt 0.410256 0.358974
vt 0.410256 0.692308
vt 0.416667 0.000000
vt 0.410256 0.333333
vt 0.410256 0.666667
vt 0.410256 0.307692
vt 0.410256 0.641026
vt 0.416667 1.000000
vt 0.410256 0.974359
vt 0.410256 0.282051
vt 0.410256 0.615385
vt 0.397436 0.205128
vt 0.397436 0.538462
vt 0.397436 0.871795
vt 0.397436 0.179487
vt 0.397436 0.512821
vt 0.397436 0.846154
vt 0.397436 0.153846
vt 0.397436 0.487180
vt 0.397436 0.820513
vt 0.397436 0.128205
vt 0.397436 0.461538
vt 0.397436 0.794872
vt 0.397436 0.102564
vt 0.397436 0.435897
vt 0.397436 0.769231
vt 0.397436 0.076923
vt 0.397436 0.410257
vt 0.397436 0.743590
vt 0.397436 0.051282
vt 0.397436 0.384615
vt 0.397436 0.717949
vt 0.397436 0.025641
vt 0.397436 0.358974
vt 0.397436 0.692308
vt 0.403846 0.000000
vt 0.397436 0.333333
vt 0.397436 0.666667
vt 0.397436 0.307692
vt 0.397436 0.641026
vt 0.403846 1.000000
vt 0.397436 0.974359
vt 0.397436 0.282051
vt 0.397436 0.615385
vt 0.397436 0.948718
vt 0.397436 0.256410
vt 0.397436 0.589744
vt 0.397436 0.923077
vt 0.397436 0.230769
vt 0.397436 0.564103
vt 0.397436 0.897436
vt 0.384615 0.512821
vt 0.384615 0.846154
vt 0.384615 0.153846
vt 0.384615 0.487180
vt 0.384615 0.820513
vt 0.384615 0.128205
vt 0.384615 0.461538
vt 0.384615 0.794872
vt 0.384615 0.102564
vt 0.384615 0.435897
vt 0.384615 0.769231
vt 0.384615 0.076923
vt 0.384615 0.410257
vt 0.384615 0.743590
vt 0.384615 0.051282
vt 0.384615 0.384615
vt 0.384615 0.717949
vt 0.384615 0.025641
vt 0.384615 0.358974
vt 0.384615 0.692308
vt 0.391026 0.000000
vt 0.384615 0.333333
vt 0.384615 0.666667
vt 0.384615 0.307692
vt 0.384615 0.641026
vt 0.391026 1.000000
vt 0.384615 0.974359
vt 0.384615 0.282051
vt 0.384615 0.615385
vt 0.384615 0.948718
vt 0.384615 0.256410
vt 0.384615 0.589744
vt 0.384615 0.923077
vt 0.384615 0.230769
vt 0.384615 0.564103
vt 0.384615 0.897436
vt 0.384615 0.205128
vt 0.384615 0.538462
vt 0.384615 0.871795
vt 0.384615 0.179487
vt 0.371795 0.846154
vt 0.371795 0.820513
vt 0.371795 0.128205
vt 0.371795 0.487180
vt 0.371795 0.461538
vt 0.371795 0.794872
vt 0.371795 0.102564
vt 0.371795 0.435897
vt 0.371795 0.769231
vt 0.371795 0.076923
vt 0.371795 0.410257
vt 0.371795 0.743590
vt 0.371795 0.051282
vt 0.371795 0.384615
vt 0.371795 0.717949
vt 0.371795 0.025641
vt 0.371795 0.358974
vt 0.371795 0.692308
vt 0.378205 0.000000
vt 0.371795 0.333333
vt 0.371795 0.666667
vt 0.371795 0.307692
vt 0.371795 0.641026
vt 0.378205 1.000000
vt 0.371795 0.974359
vt 0.371795 0.282051
vt 0.371795 0.615385
vt 0.371795 0.948718
vt 0.371795 0.256410
vt 0.371795 0.589744
vt 0.371795 0.923077
vt 0.371795 0.230769
vt 0.371795 0.564103
vt 0.371795 0.897436
vt 0.371795 0.205128
vt 0.371795 0.538462
vt 0.371795 0.871795
vt 0.371795 0.179487
vt 0.371795 0.512821
vt 0.371795 0.153846
vt 0.358974 0.461538
vt 0.358974 0.435897
vt 0.358974 0.794872
vt 0.358974 0.769231
vt 0.358974 0.076923
vt 0.358974 0.410257
vt 0.358974 0.743590
vt 0.358974 0.051282
vt 0.358974 0.384615
vt 0.358974 0.717949
vt 0.358974 0.025641
vt 0.358974 0.358974
vt 0.358974 0.692308
vt 0.365385 0.000000
vt 0.358974 0.333333
vt 0.358974 0.666667
vt 0.358974 0.307692
vt 0.358974 0.641026
vt 0.365385 1.000000
vt 0.358974 0.974359
vt 0.358974 0.282051
vt 0.358974 0.615385
vt 0.358974 0.948718
vt 0.358974 0.256410
vt 0.358974 0.589743
vt 0.358974 0.923077
vt 0.358974 0.230769
vt 0.358974 0.564103
vt 0.358974 0.897436
vt 0.358974 0.205128
vt 0.358974 0.538462
vt 0.358974 0.871795
vt 0.358974 0.179487
vt 0.358974 0.512821
vt 0.358974 0.846154
vt 0.358974 0.153846
vt 0.358974 0.487180
vt 0.358974 0.820513
vt 0.358974 0.128205
vt 0.358974 0.102564
vt 0.346154 0.743590
vt 0.346154 0.051282
vt 0.346154 0.410257
vt 0.346154 0.384615
vt 0.346154 0.717949
vt 0.346154 0.025641
vt 0.346154 0.358974
vt 0.346154 0.692308
vt 0.352564 0.000000
vt 0.346154 0.333333
vt 0.346154 0.666667
vt 0.346154 0.307692
vt 0.346154 0.641026
vt 0.352564 1.000000
vt 0.346154 0.974359
vt 0.346154 0.282051
vt 0.346154 0.615385
vt 0.346154 0.948718
vt 0.346154 0.256410
vt 0.346154 0.589744
vt 0.346154 0.923077
vt 0.346154 0.230769
vt 0.346154 0.564103
vt 0.346154 0.897436
vt 0.346154 0.205128
vt 0.346154 0.538462
vt 0.346154 0.871795
vt 0.346154 0.179487
vt 0.346154 0.512821
vt 0.346154 0.846154
vt 0.346154 0.153846
vt 0.346154 0.487180
vt 0.346154 0.820513
vt 0.346154 0.128205
vt 0.346154 0.461538
vt 0.346154 0.794872
vt 0.346154 0.102564
vt 0.346154 0.435898
vt 0.346154 0.769231
vt 0.346154 0.076923
vt 0.333333 0.051282
vt 0.333333 0.025641
vt 0.333333 0.358974
vt 0.333333 0.717949
vt 0.333333 0.692308
vt 0.339744 0.000000
vt 0.333333 0.333333
vt 0.333333 0.666667
vt 0.333333 0.307692
vt 0.333333 0.641026
vt 0.339744 1.000000
vt 0.333333 0.974359
vt 0.333333 0.282051
vt 0.333333 0.615385
vt 0.333333 0.948718
vt 0.333333 0.256410
vt 0.333333 0.589743
vt 0.333333 0.923077
vt 0.333333 0.230769
vt 0.333333 0.564103
vt 0.333333 0.897436
vt 0.333333 0.205128
vt 0.333333 0.538462
vt 0.333333 0.871795
vt 0.333333 0.179487
vt 0.333333 0.512821
vt 0.333333 0.846154
vt 0.333333 0.153846
vt 0.333333 0.487180
vt 0.333333 0.820513
vt 0.333333 0.128205
vt 0.333333 0.461538
vt 0.333333 0.794872
vt 0.333333 0.102564
vt 0.333333 0.435898
vt 0.333333 0.769231
vt 0.333333 0.076923
vt 0.333333 0.410257
vt 0.333333 0.743590
vt 0.333333 0.384615
vt 0.320513 0.358974
vt 0.320513 0.333333
vt 0.320513 0.666667
vt 0.320513 0.307692
vt 0.320513 0.641026
vt 0.326923 1.000000
vt 0.320513 0.974359
vt 0.320513 0.282051
vt 0.320513 0.615385
vt 0.320513 0.948718
vt 0.320513 0.256410
vt 0.320513 0.589743
vt 0.320513 0.923077
vt 0.320513 0.230769
vt 0.320513 0.564103
vt 0.320513 0.897436
vt 0.320513 0.205128
vt 0.320513 0.538462
vt 0.320513 0.871795
vt 0.320513 0.179487
vt 0.320513 0.512821
vt 0.320513 0.846154
vt 0.320513 0.153846
vt 0.320513 0.487180
vt 0.320513 0.820513
vt 0.320513 0.128205
vt 0.320513 0.461538
vt 0.320513 0.794872
vt 0.320513 0.102564
vt 0.320513 0.435898
vt 0.320513 0.769231
vt 0.320513 0.076923
vt 0.320513 0.410257
vt 0.320513 0.743590
vt 0.320513 0.051282
vt 0.320513 0.384615
vt 0.320513 0.717949
vt 0.320513 0.025641
vt 0.320513 0.692308
vt 0.326923 0.000000
vt 0.307692 0.641026
vt 0.314103 1.000000
vt 0.307692 0.974359
vt 0.307692 0.282051
vt 0.307692 0.615385
vt 0.307692 0.948718
vt 0.307692 0.256410
vt 0.307692 0.589743
vt 0.307692 0.923077
vt 0.307692 0.230769
vt 0.307692 0.564103
vt 0.307692 0.897436
vt 0.307692 0.205128
vt 0.307692 0.538462
vt 0.307692 0.871795
vt 0.307692 0.179487
vt 0.307692 0.512821
vt 0.307692 0.846154
vt 0.307692 0.153846
vt 0.307692 0.487180
vt 0.307692 0.820513
vt 0.307692 0.128205
vt 0.307692 0.461538
vt 0.307692 0.794872
vt 0.307692 0.102564
vt 0.307692 0.435898
vt 0.307692 0.769231
vt 0.307692 0.076923
vt 0.307692 0.410257
vt 0.307692 0.743590
vt 0.307692 0.051282
vt 0.307692 0.384615
vt 0.307692 0.717949
vt 0.307692 0.025641
vt 0.307692 0.358974
vt 0.307692 0.692308
vt 0.314103 0.000000
vt 0.307692 0.333333
vt 0.307692 0.666667
vt 0.307692 0.307692
vt 0.294872 0.948718
vt 0.294872 0.256410
vt 0.294872 0.615385
vt 0.294872 0.589743
vt 0.294872 0.923077
vt 0.294872 0.230769
vt 0.294872 0.564103
vt 0.294872 0.897436
vt 0.294872 0.205128
vt 0.294872 0.538462
vt 0.294872 0.871795
vt 0.294872 0.179487
vt 0.294872 0.512821
vt 0.294872 0.846154
vt 0.294872 0.153846
vt 0.294872 0.487180
vt 0.294872 0.820513
vt 0.294872 0.128205
vt 0.294872 0.461538
vt 0.294872 0.794872
vt 0.294872 0.102564
vt 0.294872 0.435898
vt 0.294872 0.769231
vt 0.294872 0.076923
vt 0.294872 0.410257
vt 0.294872 0.743590
vt 0.294872 0.051282
vt 0.294872 0.384615
vt 0.294872 0.717949
vt 0.294872 0.025641
vt 0.294872 0.358974
vt 0.294872 0.692308
vt 0.301282 0.000000
vt 0.294872 0.333333
vt 0.294872 0.666667
vt 0.294872 0.307692
vt 0.294872 0.641026
vt 0.301282 1.000000
vt 0.294872 0.974359
vt 0.294872 0.282051
vt 0.282051 0.564103
vt 0.282051 0.923077
vt 0.282051 0.897436
vt 0.282051 0.205128
vt 0.282051 0.538462
vt 0.282051 0.871795
vt 0.282051 0.179487
vt 0.282051 0.512821
vt 0.282051 0.846154
vt 0.282051 0.153846
vt 0.282051 0.487180
vt 0.282051 0.820513
vt 0.282051 0.128205
vt 0.282051 0.461538
vt 0.282051 0.794872
vt 0.282051 0.102564
vt 0.282051 0.435898
vt 0.282051 0.769231
vt 0.282051 0.076923
vt 0.282051 0.410257
vt 0.282051 0.743590
vt 0.282051 0.051282
vt 0.282051 0.384615
vt 0.282051 0.717949
vt 0.282051 0.025641
vt 0.282051 0.358974
vt 0.282051 0.692308
vt 0.288462 0.000000
vt 0.282051 0.333333
vt 0.282051 0.666667
vt 0.282051 0.307692
vt 0.282051 0.641026
vt 0.288462 1.000000
vt 0.282051 0.974359
vt 0.282051 0.282051
vt 0.282051 0.615385
vt 0.282051 0.948718
vt 0.282051 0.256410
vt 0.282051 0.589743
vt 0.282051 0.230769
vt 0.269231 0.897436
vt 0.269231 0.871795
vt 0.269231 0.205128
vt 0.269231 0.179487
vt 0.269231 0.512821
vt 0.269231 0.846154
vt 0.269231 0.153846
vt 0.269231 0.487180
vt 0.269231 0.820513
vt 0.269231 0.128205
vt 0.269231 0.461538
vt 0.269231 0.794872
vt 0.269231 0.102564
vt 0.269231 0.435898
vt 0.269231 0.769231
vt 0.269231 0.076923
vt 0.269231 0.410257
vt 0.269231 0.743590
vt 0.269231 0.051282
vt 0.269231 0.384615
vt 0.269231 0.717949
vt 0.269231 0.025641
vt 0.269231 0.358974
vt 0.269231 0.692308
vt 0.275641 0.000000
vt 0.269231 0.333333
vt 0.269231 0.666667
vt 0.269231 0.307692
vt 0.269231 0.641026
vt 0.275641 1.000000
vt 0.269231 0.974359
vt 0.269231 0.282051
vt 0.269231 0.615385
vt 0.269231 0.948718
vt 0.269231 0.256410
vt 0.269231 0.589743
vt 0.269231 0.923077
vt 0.269231 0.230769
vt 0.269231 0.564103
vt 0.269231 0.538462
vt 0.256410 0.153846
vt 0.256410 0.487180
vt 0.256410 0.846154
vt 0.256410 0.820513
vt 0.256410 0.128205
vt 0.256410 0.461538
vt 0.256410 0.794872
vt 0.256410 0.102564
vt 0.256410 0.435898
vt 0.256410 0.769231
vt 0.256410 0.076923
vt 0.256410 0.410257
vt 0.256410 0.743590
vt 0.256410 0.051282
vt 0.256410 0.384615
vt 0.256410 0.717949
vt 0.256410 0.025641
vt 0.256410 0.358974
vt 0.256410 0.692308
vt 0.262821 0.000000
vt 0.256410 0.333333
vt 0.256410 0.666667
vt 0.256410 0.307692
vt 0.256410 0.641026
vt 0.262821 1.000000
vt 0.256410 0.974359
vt 0.256410 0.282051
vt 0.256410 0.615385
vt 0.256410 0.948718
vt 0.256410 0.256410
vt 0.256410 0.589743
vt 0.256410 0.923077
vt 0.256410 0.230769
vt 0.256410 0.564103
vt 0.256410 0.897436
vt 0.256410 0.205128
vt 0.256410 0.538462
vt 0.256410 0.871795
vt 0.256410 0.179487
vt 0.256410 0.512821
vt 0.243590 0.487180
vt 0.243590 0.461538
vt 0.243590 0.794872
vt 0.243590 0.102564
vt 0.243590 0.435898
vt 0.243590 0.769231
vt 0.243590 0.076923
vt 0.243590 0.410257
vt 0.243590 0.743590
vt 0.243590 0.051282
vt 0.243590 0.384615
vt 0.243590 0.717949
vt 0.243590 0.025641
vt 0.243590 0.358974
vt 0.243590 0.692308
vt 0.250000 0.000000
vt 0.243590 0.333333
vt 0.243590 0.666667
vt 0.243590 0.307692
vt 0.243590 0.641026
vt 0.250000 1.000000
vt 0.243590 0.974359
vt 0.243590 0.282051
vt 0.243590 0.615385
vt 0.243590 0.948718
vt 0.243590 0.256410
vt 0.243590 0.589743
vt 0.243590 0.923077
vt 0.243590 0.230769
vt 0.243590 0.564103
vt 0.243590 0.897436
vt 0.243590 0.205128
vt 0.243590 0.538462
vt 0.243590 0.871795
vt 0.243590 0.179487
vt 0.243590 0.512821
vt 0.243590 0.846154
vt 0.243590 0.153846
vt 0.243590 0.820513
vt 0.243590 0.128205
vt 0.230769 0.794872
vt 0.230769 0.769231
vt 0.230769 0.076923
vt 0.230769 0.435898
vt 0.230769 0.410257
vt 0.230769 0.743590
vt 0.230769 0.051282
vt 0.230769 0.384615
vt 0.230769 0.717949
vt 0.230769 0.025641
vt 0.230769 0.358974
vt 0.230769 0.692308
vt 0.237180 0.000000
vt 0.230769 0.333333
vt 0.230769 0.666667
vt 0.230769 0.307692
vt 0.230769 0.641026
vt 0.237180 1.000000
vt 0.230769 0.974359
vt 0.230769 0.282051
vt 0.230769 0.615385
vt 0.230769 0.948718
vt 0.230769 0.256410
vt 0.230769 0.589743
vt 0.230769 0.923077
vt 0.230769 0.230769
vt 0.230769 0.564103
vt 0.230769 0.897436
vt 0.230769 0.205128
vt 0.230769 0.538462
vt 0.230769 0.871795
vt 0.230769 0.179487
vt 0.230769 0.512821
vt 0.230769 0.846154
vt 0.230769 0.153846
vt 0.230769 0.487180
vt 0.230769 0.820513
vt 0.230769 0.128205
vt 0.230769 0.461538
vt 0.230769 0.102564
vt 0.217949 0.384615
vt 0.217949 0.743590
vt 0.217949 0.717949
vt 0.217949 0.025641
vt 0.217949 0.358974
vt 0.217949 0.692308
vt 0.224359 0.000000
vt 0.217949 0.333333
vt 0.217949 0.666667
vt 0.217949 0.307692
vt 0.217949 0.641026
vt 0.224359 1.000000
vt 0.217949 0.974359
vt 0.217949 0.282051
vt 0.217949 0.615385
vt 0.217949 0.948718
vt 0.217949 0.256410
vt 0.217949 0.589743
vt 0.217949 0.923077
vt 0.217949 0.230769
vt 0.217949 0.564103
vt 0.217949 0.897436
vt 0.217949 0.205128
vt 0.217949 0.538462
vt 0.217949 0.871795
vt 0.217949 0.179487
vt 0.217949 0.512821
vt 0.217949 0.846154
vt 0.217949 0.153846
vt 0.217949 0.487180
vt 0.217949 0.820513
vt 0.217949 0.128205
vt 0.217949 0.461538
vt 0.217949 0.794872
vt 0.217949 0.102564
vt 0.217949 0.435898
vt 0.217949 0.769231
vt 0.217949 0.076923
vt 0.217949 0.410257
vt 0.217949 0.051282
vt 0.205128 0.717949
vt 0.205128 0.692308
vt 0.211539 0.000000
vt 0.205128 0.025641
vt 0.205128 0.358974
vt 0.205128 0.333333
vt 0.205128 0.666667
vt 0.205128 0.307692
vt 0.205128 0.641026
vt 0.211539 1.000000
vt 0.205128 0.974359
vt 0.205128 0.282051
vt 0.205128 0.615385
vt 0.205128 0.948718
vt 0.205128 0.256410
vt 0.205128 0.589743
vt 0.205128 0.923077
vt 0.205128 0.230769
vt 0.205128 0.564103
vt 0.205128 0.897436
vt 0.205128 0.205128
vt 0.205128 0.538462
vt 0.205128 0.871795
vt 0.205128 0.179487
vt 0.205128 0.512821
vt 0.205128 0.846154
vt 0.205128 0.153846
vt 0.205128 0.487180
vt 0.205128 0.820513
vt 0.205128 0.128205
vt 0.205128 0.461538
vt 0.205128 0.794872
vt 0.205128 0.102564
vt 0.205128 0.435898
vt 0.205128 0.769231
vt 0.205128 0.076923
vt 0.205128 0.410257
vt 0.205128 0.743590
vt 0.205128 0.051282
vt 0.205128 0.384615
vt 0.192308 0.461538
vt 0.192308 0.794872
vt 0.192308 0.102564
vt 0.192308 0.435898
vt 0.192308 0.769231
vt 0.192308 0.076923
vt 0.192308 0.410257
vt 0.192308 0.743590
vt 0.192308 0.051282
vt 0.192308 0.384615
vt 0.192308 0.717949
vt 0.192308 0.025641
vt 0.192308 0.358974
vt 0.192308 0.692308
vt 0.198718 0.000000
vt 0.192308 0.333333
vt 0.192308 0.666667
vt 0.192308 0.307692
vt 0.192308 0.641026
vt 0.198718 1.000000
vt 0.192308 0.974359
vt 0.192308 0.282051
vt 0.192308 0.615385
vt 0.192308 0.948718
vt 0.192308 0.256410
vt 0.192308 0.589743
vt 0.192308 0.923077
vt 0.192308 0.230769
vt 0.192308 0.564103
vt 0.192308 0.897436
vt 0.192308 0.205128
vt 0.192308 0.538462
vt 0.192308 0.871795
vt 0.192308 0.179487
vt 0.192308 0.512821
vt 0.192308 0.846154
vt 0.192308 0.153846
vt 0.192308 0.487180
vt 0.192308 0.820513
vt 0.192308 0.128205
vt 0.179487 0.794872
vt 0.179487 0.769231
vt 0.179487 0.102564
vt 0.179487 0.076923
vt 0.179487 0.435898
vt 0.179487 0.410257
vt 0.179487 0.743590
vt 0.179487 0.051282
vt 0.179487 0.384615
vt 0.179487 0.717949
vt 0.179487 0.025641
vt 0.179487 0.358974
vt 0.179487 0.692308
vt 0.185897 0.000000
vt 0.179487 0.333333
vt 0.179487 0.666667
vt 0.179487 0.307692
vt 0.179487 0.641026
vt 0.185897 1.000000
vt 0.179487 0.974359
vt 0.179487 0.282051
vt 0.179487 0.615385
vt 0.179487 0.948718
vt 0.179487 0.256410
vt 0.179487 0.589743
vt 0.179487 0.923077
vt 0.179487 0.230769
vt 0.179487 0.564103
vt 0.179487 0.897436
vt 0.179487 0.205128
vt 0.179487 0.538462
vt 0.179487 0.871795
vt 0.179487 0.179487
vt 0.179487 0.512821
vt 0.179487 0.846154
vt 0.179487 0.153846
vt 0.179487 0.487180
vt 0.179487 0.820513
vt 0.179487 0.128205
vt 0.179487 0.461538
vt 0.166667 0.051282
vt 0.166667 0.410257
vt 0.166667 0.384615
vt 0.166667 0.743590
vt 0.166667 0.717949
vt 0.166667 0.025641
vt 0.166667 0.358974
vt 0.166667 0.692308
vt 0.173077 0.000000
vt 0.166667 0.333333
vt 0.166667 0.666667
vt 0.166667 0.307692
vt 0.166667 0.641026
vt 0.173077 1.000000
vt 0.166667 0.974359
vt 0.166667 0.282051
vt 0.166667 0.615385
vt 0.166667 0.948718
vt 0.166667 0.256410
vt 0.166667 0.589743
vt 0.166667 0.923077
vt 0.166667 0.230769
vt 0.166667 0.564103
vt 0.166667 0.897436
vt 0.166667 0.205128
vt 0.166667 0.538462
vt 0.166667 0.871795
vt 0.166667 0.179487
vt 0.166667 0.512821
vt 0.166667 0.846154
vt 0.166667 0.153846
vt 0.166667 0.487180
vt 0.166667 0.820513
vt 0.166667 0.128205
vt 0.166667 0.461538
vt 0.166667 0.794872
vt 0.166667 0.102564
vt 0.166667 0.435898
vt 0.166667 0.769231
vt 0.166667 0.076923
vt 0.153846 0.358974
vt 0.153846 0.717949
vt 0.153846 0.692308
vt 0.160256 0.000000
vt 0.153846 0.025641
vt 0.153846 0.333333
vt 0.153846 0.666667
vt 0.153846 0.307692
vt 0.153846 0.641026
vt 0.160256 1.000000
vt 0.153846 0.974359
vt 0.153846 0.282051
vt 0.153846 0.615385
vt 0.153846 0.948718
vt 0.153846 0.256410
vt 0.153846 0.589743
vt 0.153846 0.923077
vt 0.153846 0.230769
vt 0.153846 0.564103
vt 0.153846 0.897436
vt 0.153846 0.205128
vt 0.153846 0.538462
vt 0.153846 0.871795
vt 0.153846 0.179487
vt 0.153846 0.512821
vt 0.153846 0.846154
vt 0.153846 0.153846
vt 0.153846 0.487180
vt 0.153846 0.820513
vt 0.153846 0.128205
vt 0.153846 0.461538
vt 0.153846 0.794872
vt 0.153846 0.102564
vt 0.153846 0.435898
vt 0.153846 0.769231
vt 0.153846 0.076923
vt 0.153846 0.410257
vt 0.153846 0.743590
vt 0.153846 0.051282
vt 0.153846 0.384615
vt 0.141026 0.666667
vt 0.141026 0.333333
vt 0.141026 0.307692
vt 0.141026 0.641026
vt 0.147436 1.000000
vt 0.141026 0.974359
vt 0.141026 0.282051
vt 0.141026 0.615385
vt 0.141026 0.948718
vt 0.141026 0.256410
vt 0.141026 0.589743
vt 0.141026 0.923077
vt 0.141026 0.230769
vt 0.141026 0.564103
vt 0.141026 0.897436
vt 0.141026 0.205128
vt 0.141026 0.538462
vt 0.141026 0.871795
vt 0.141026 0.179487
vt 0.141026 0.512821
vt 0.141026 0.846154
vt 0.141026 0.153846
vt 0.141026 0.487180
vt 0.141026 0.820513
vt 0.141026 0.128205
vt 0.141026 0.461538
vt 0.141026 0.794872
vt 0.141026 0.102564
vt 0.141026 0.435898
vt 0.141026 0.769231
vt 0.141026 0.076923
vt 0.141026 0.410257
vt 0.141026 0.743590
vt 0.141026 0.051282
vt 0.141026 0.384615
vt 0.141026 0.717949
vt 0.141026 0.025641
vt 0.141026 0.358974
vt 0.141026 0.692308
vt 0.147436 0.000000
vt 0.134615 1.000000
vt 0.128205 0.974359
vt 0.128205 0.282051
vt 0.128205 0.641026
vt 0.128205 0.615385
vt 0.128205 0.948718
vt 0.128205 0.256410
vt 0.128205 0.589743
vt 0.128205 0.923077
vt 0.128205 0.230769
vt 0.128205 0.564103
vt 0.128205 0.897436
vt 0.128205 0.205128
vt 0.128205 0.538462
vt 0.128205 0.871795
vt 0.128205 0.179487
vt 0.128205 0.512821
vt 0.128205 0.846154
vt 0.128205 0.153846
vt 0.128205 0.487180
vt 0.128205 0.820513
vt 0.128205 0.128205
vt 0.128205 0.461538
vt 0.128205 0.794872
vt 0.128205 0.102564
vt 0.128205 0.435898
vt 0.128205 0.769231
vt 0.128205 0.076923
vt 0.128205 0.410257
vt 0.128205 0.743590
vt 0.128205 0.051282
vt 0.128205 0.384615
vt 0.128205 0.717949
vt 0.128205 0.025641
vt 0.128205 0.358974
vt 0.128205 0.692308
vt 0.134615 0.000000
vt 0.128205 0.333333
vt 0.128205 0.666667
vt 0.128205 0.307692
vt 0.115385 0.589743
vt 0.115385 0.948718
vt 0.115385 0.923077
vt 0.115385 0.256410
vt 0.115385 0.230769
vt 0.115385 0.564103
vt 0.115385 0.897436
vt 0.115385 0.205128
vt 0.115385 0.538462
vt 0.115385 0.871795
vt 0.115385 0.179487
vt 0.115385 0.512821
vt 0.115385 0.846154
vt 0.115385 0.153846
vt 0.115385 0.487180
vt 0.115385 0.820513
vt 0.115385 0.128205
vt 0.115385 0.461538
vt 0.115385 0.794872
vt 0.115385 0.102564
vt 0.115385 0.435898
vt 0.115385 0.769231
vt 0.115385 0.076923
vt 0.115385 0.410257
vt 0.115385 0.743590
vt 0.115385 0.051282
vt 0.115385 0.384615
vt 0.115385 0.717949
vt 0.115385 0.025641
vt 0.115385 0.358974
vt 0.115385 0.692308
vt 0.121795 0.000000
vt 0.115385 0.333333
vt 0.115385 0.666667
vt 0.115385 0.307692
vt 0.115385 0.641026
vt 0.121795 1.000000
vt 0.115385 0.974359
vt 0.115385 0.282051
vt 0.115385 0.615385
vt 0.102564 0.897436
vt 0.102564 0.205128
vt 0.102564 0.538462
vt 0.102564 0.871795
vt 0.102564 0.179487
vt 0.102564 0.512821
vt 0.102564 0.846154
vt 0.102564 0.153846
vt 0.102564 0.487180
vt 0.102564 0.820513
vt 0.102564 0.128205
vt 0.102564 0.461538
vt 0.102564 0.794872
vt 0.102564 0.102564
vt 0.102564 0.435898
vt 0.102564 0.769231
vt 0.102564 0.076923
vt 0.102564 0.410257
vt 0.102564 0.743590
vt 0.102564 0.051282
vt 0.102564 0.384615
vt 0.102564 0.717949
vt 0.102564 0.025641
vt 0.102564 0.358974
vt 0.102564 0.692308
vt 0.108974 0.000000
vt 0.102564 0.333333
vt 0.102564 0.666667
vt 0.102564 0.307693
vt 0.102564 0.641026
vt 0.108974 1.000000
vt 0.102564 0.974359
vt 0.102564 0.282051
vt 0.102564 0.615385
vt 0.102564 0.948718
vt 0.102564 0.256410
vt 0.102564 0.589743
vt 0.102564 0.923077
vt 0.102564 0.230769
vt 0.102564 0.564103
vt 0.089744 0.205128
vt 0.089744 0.179487
vt 0.089744 0.512821
vt 0.089744 0.846154
vt 0.089744 0.153846
vt 0.089744 0.487180
vt 0.089744 0.820513
vt 0.089744 0.128205
vt 0.089744 0.461538
vt 0.089744 0.794872
vt 0.089744 0.102564
vt 0.089744 0.435898
vt 0.089744 0.769231
vt 0.089744 0.076923
vt 0.089744 0.410257
vt 0.089744 0.743590
vt 0.089744 0.051282
vt 0.089744 0.384615
vt 0.089744 0.717949
vt 0.089744 0.025641
vt 0.089744 0.358974
vt 0.089744 0.692308
vt 0.096154 0.000000
vt 0.089744 0.333333
vt 0.089744 0.666667
vt 0.089744 0.307693
vt 0.089744 0.641026
vt 0.096154 1.000000
vt 0.089744 0.974359
vt 0.089744 0.282051
vt 0.089744 0.615385
vt 0.089744 0.948718
vt 0.089744 0.256410
vt 0.089744 0.589743
vt 0.089744 0.923077
vt 0.089744 0.230769
vt 0.089744 0.564103
vt 0.089744 0.897436
vt 0.089744 0.538462
vt 0.089744 0.871795
vt 0.076923 0.487180
vt 0.076923 0.846154
vt 0.076923 0.820513
vt 0.076923 0.128205
vt 0.076923 0.461538
vt 0.076923 0.794872
vt 0.076923 0.102564
vt 0.076923 0.435898
vt 0.076923 0.769231
vt 0.076923 0.076923
vt 0.076923 0.410257
vt 0.076923 0.743590
vt 0.076923 0.051282
vt 0.076923 0.384616
vt 0.076923 0.717949
vt 0.076923 0.025641
vt 0.076923 0.358974
vt 0.076923 0.692308
vt 0.083333 0.000000
vt 0.076923 0.333333
vt 0.076923 0.666667
vt 0.076923 0.307693
vt 0.076923 0.641026
vt 0.083333 1.000000
vt 0.076923 0.974359
vt 0.076923 0.282051
vt 0.076923 0.615385
vt 0.076923 0.948718
vt 0.076923 0.256410
vt 0.076923 0.589743
vt 0.076923 0.923077
vt 0.076923 0.230769
vt 0.076923 0.564103
vt 0.076923 0.897436
vt 0.076923 0.205128
vt 0.076923 0.538462
vt 0.076923 0.871795
vt 0.076923 0.179487
vt 0.076923 0.512821
vt 0.076923 0.153846
vt 0.064103 0.794872
vt 0.064103 0.102564
vt 0.064103 0.461538
vt 0.064103 0.435898
vt 0.064103 0.769231
vt 0.064103 0.076923
vt 0.064103 0.410257
vt 0.064103 0.743590
vt 0.064103 0.051282
vt 0.064103 0.384616
vt 0.064103 0.717949
vt 0.064103 0.025641
vt 0.064103 0.358974
vt 0.064103 0.692308
vt 0.070513 0.000000
vt 0.064103 0.333333
vt 0.064103 0.666667
vt 0.064103 0.307693
vt 0.064103 0.641026
vt 0.070513 1.000000
vt 0.064103 0.974359
vt 0.064103 0.282051
vt 0.064103 0.615385
vt 0.064103 0.948718
vt 0.064103 0.256410
vt 0.064103 0.589743
vt 0.064103 0.923077
vt 0.064103 0.230769
vt 0.064103 0.564103
vt 0.064103 0.897436
vt 0.064103 0.205128
vt 0.064103 0.538462
vt 0.064103 0.871795
vt 0.064103 0.179487
vt 0.064103 0.512821
vt 0.064103 0.846154
vt 0.064103 0.153846
vt 0.064103 0.487180
vt 0.064103 0.820513
vt 0.064103 0.128205
vt 0.051282 0.410257
vt 0.051282 0.743590
vt 0.051282 0.051282
vt 0.051282 0.384616
vt 0.051282 0.717949
vt 0.051282 0.025641
vt 0.051282 0.358974
vt 0.051282 0.692308
vt 0.057692 0.000000
vt 0.051282 0.333333
vt 0.051282 0.666667
vt 0.051282 0.307693
vt 0.051282 0.641026
vt 0.057692 1.000000
vt 0.051282 0.974359
vt 0.051282 0.282051
vt 0.051282 0.615385
vt 0.051282 0.948718
vt 0.051282 0.256410
vt 0.051282 0.589743
vt 0.051282 0.923077
vt 0.051282 0.230769
vt 0.051282 0.564103
vt 0.051282 0.897436
vt 0.051282 0.205128
vt 0.051282 0.538462
vt 0.051282 0.871795
vt 0.051282 0.179487
vt 0.051282 0.512821
vt 0.051282 0.846154
vt 0.051282 0.153846
vt 0.051282 0.487180
vt 0.051282 0.820513
vt 0.051282 0.128205
vt 0.051282 0.461538
vt 0.051282 0.794872
vt 0.051282 0.102564
vt 0.051282 0.435898
vt 0.051282 0.769231
vt 0.051282 0.076923
vt 0.038462 0.743590
vt 0.038462 0.717949
vt 0.038462 0.025641
vt 0.038462 0.358974
vt 0.038462 0.692308
vt 0.044872 0.000000
vt 0.038462 0.333333
vt 0.038462 0.666667
vt 0.038462 0.307693
vt 0.038462 0.641026
vt 0.044872 1.000000
vt 0.038462 0.974359
vt 0.038462 0.282051
vt 0.038462 0.615385
vt 0.038462 0.948718
vt 0.038462 0.256410
vt 0.038462 0.589743
vt 0.038462 0.923077
vt 0.038462 0.230769
vt 0.038462 0.564103
vt 0.038462 0.897436
vt 0.038462 0.205128
vt 0.038462 0.538462
vt 0.038462 0.871795
vt 0.038462 0.179487
vt 0.038462 0.512821
vt 0.038462 0.846154
vt 0.038462 0.153846
vt 0.038462 0.487180
vt 0.038462 0.820513
vt 0.038462 0.128205
vt 0.038462 0.461538
vt 0.038462 0.794872
vt 0.038462 0.102564
vt 0.038462 0.435898
vt 0.038462 0.769231
vt 0.038462 0.076923
vt 0.038462 0.410257
vt 0.038462 0.051282
vt 0.038462 0.384616
vt 0.032051 0.000000
vt 0.025641 0.025641
vt 0.025641 0.358974
vt 0.025641 0.333333
vt 0.025641 0.666667
vt 0.025641 0.307693
vt 0.025641 0.641026
vt 0.032051 1.000000
vt 0.025641 0.974359
vt 0.025641 0.282051
vt 0.025641 0.615384
vt 0.025641 0.948718
vt 0.025641 0.256410
vt 0.025641 0.589743
vt 0.025641 0.923077
vt 0.025641 0.230769
vt 0.025641 0.564103
vt 0.025641 0.897436
vt 0.025641 0.205128
vt 0.025641 0.538462
vt 0.025641 0.871795
vt 0.025641 0.179487
vt 0.025641 0.512821
vt 0.025641 0.846154
vt 0.025641 0.153846
vt 0.025641 0.487180
vt 0.025641 0.820513
vt 0.025641 0.128205
vt 0.025641 0.461538
vt 0.025641 0.794872
vt 0.025641 0.102564
vt 0.025641 0.435898
vt 0.025641 0.769231
vt 0.025641 0.076923
vt 0.025641 0.410257
vt 0.025641 0.743590
vt 0.025641 0.051282
vt 0.025641 0.384616
vt 0.025641 0.717949
vt 0.025641 0.692308
vt 0.012821 0.333333
vt 0.012821 0.307693
vt 0.012821 0.641026
vt 0.019231 1.000000
vt 0.012821 0.974359
vt 0.012821 0.282051
vt 0.012821 0.615384
vt 0.012821 0.948718
vt 0.012821 0.256410
vt 0.012821 0.589743
vt 0.012821 0.923077
vt 0.012821 0.230769
vt 0.012821 0.564103
vt 0.012821 0.897436
vt 0.012821 0.205128
vt 0.012821 0.538462
vt 0.012821 0.871795
vt 0.012821 0.179487
vt 0.012821 0.512821
vt 0.012821 0.846154
vt 0.012821 0.153846
vt 0.012821 0.487180
vt 0.012821 0.820513
vt 0.012821 0.128205
vt 0.012821 0.461538
vt 0.012821 0.794872
vt 0.012821 0.102564
vt 0.012821 0.435898
vt 0.012821 0.769231
vt 0.012821 0.076923
vt 0.012821 0.410257
vt 0.012821 0.743590
vt 0.012821 0.051282
vt 0.012821 0.384616
vt 0.012821 0.717949
vt 0.012821 0.025641
vt 0.012821 0.358974
vt 0.012821 0.692307
vt 0.019231 0.000000
vt 0.012821 0.666667
vt 0.000000 0.641026
vt 0.000000 0.615384
vt 0.000000 0.948718
vt 0.000000 0.256410
vt 0.000000 0.589743
vt 0.000000 0.923077
vt 0.000000 0.230769
vt 0.000000 0.564103
vt 0.000000 0.897436
vt 0.000000 0.205128
vt 0.000000 0.538462
vt 0.000000 0.871795
vt 0.000000 0.179487
vt 0.000000 0.512821
vt 0.000000 0.846154
vt 0.000000 0.153846
vt 0.000000 0.487180
vt 0.000000 0.820513
vt 0.000000 0.128205
vt 0.000000 0.461538
vt 0.000000 0.794872
vt 0.000000 0.102564
vt 0.000000 0.435898
vt 0.000000 0.769231
vt 0.000000 0.076923
vt 0.000000 0.410257
vt 0.000000 0.743590
vt 0.000000 0.051282
vt 0.000000 0.384616
vt 0.000000 0.717949
vt 0.000000 0.025641
vt 0.000000 0.358974
vt 0.000000 0.692307
vt 0.006410 0.000000
vt 0.000000 0.333333
vt 0.000000 0.666667
vt 0.000000 0.307693
vt 0.006410 1.000000
vt 0.000000 0.974359
vt 0.000000 0.282051
vt 1.000000 0.923077
vt 0.987180 0.948718
vt 0.987180 0.923077
vt 1.000000 0.230769
vt 0.987180 0.256410
vt 0.987180 0.230769
vt 1.000000 0.589743
vt 0.987180 0.564103
vt 1.000000 0.564103
vt 1.000000 0.897436
vt 0.987180 0.897436
vt 0.987180 0.205128
vt 1.000000 0.205128
vt 0.987180 0.538462
vt 1.000000 0.538462
vt 1.000000 0.871795
vt 0.987180 0.871795
vt 1.000000 0.179487
vt 0.987180 0.179487
vt 1.000000 0.512821
vt 0.987180 0.512821
vt 0.987180 0.846154
vt 1.000000 0.846154
vt 0.987180 0.153846
vt 1.000000 0.153846
vt 0.987180 0.487180
vt 1.000000 0.487180
vt 1.000000 0.820513
vt 0.987180 0.820513
vt 1.000000 0.128205
vt 0.987180 0.128205
vt 0.987180 0.461538
vt 1.000000 0.461538
vt 0.987180 0.794872
vt 1.000000 0.794872
vt 0.987180 0.102564
vt 1.000000 0.102564
vt 1.000000 0.435898
vt 0.987180 0.435898
vt 1.000000 0.769231
vt 0.987180 0.769231
vt 0.987180 0.076923
vt 1.000000 0.076923
vt 1.000000 0.410257
vt 0.987180 0.410257
vt 0.987180 0.743590
vt 1.000000 0.743590
vt 0.987180 0.051282
vt 1.000000 0.051282
vt 1.000000 0.384616
vt 0.987180 0.384616
vt 1.000000 0.717949
vt 0.987180 0.717949
vt 0.987180 0.025641
vt 1.000000 0.025641
vt 0.987180 0.358974
vt 1.000000 0.358974
vt 1.000000 0.692307
vt 0.987179 0.692307
vt 0.993590 0.000000
vt 1.000000 0.333333
vt 0.987180 0.333334
vt 0.987180 0.666667
vt 1.000000 0.666667
vt 1.000000 0.307693
vt 0.987179 0.307693
vt 0.987180 0.641026
vt 1.000000 0.641026
vt 1.000000 0.974359
vt 0.993590 1.000000
vt 0.987180 0.974359
vt 0.987180 0.282051
vt 1.000000 0.282051
vt 1.000000 0.615384
vt 0.987180 0.615384
vt 1.000000 0.948718
vt 1.000000 0.256410
vt 0.987180 0.589743
vt 0.974359 0.538462
vt 0.974359 0.871795
vt 0.974359 0.205128
vt 0.974359 0.179487
vt 0.974359 0.512821
vt 0.974359 0.846154
vt 0.974359 0.153846
vt 0.974359 0.487180
vt 0.974359 0.820513
vt 0.974359 0.128205
vt 0.974359 0.461538
vt 0.974359 0.794872
vt 0.974359 0.102564
vt 0.974359 0.435898
vt 0.974359 0.769231
vt 0.974359 0.076923
vt 0.974359 0.410257
vt 0.974359 0.743590
vt 0.974359 0.051282
vt 0.974359 0.384616
vt 0.974359 0.717949
vt 0.974359 0.025641
vt 0.974359 0.358974
vt 0.974359 0.692307
vt 0.980769 0.000000
vt 0.974359 0.333334
vt 0.974359 0.666667
vt 0.974359 0.307693
vt 0.974359 0.641026
vt 0.980769 1.000000
vt 0.974359 0.974359
vt 0.974359 0.282051
vt 0.974359 0.615384
vt 0.974359 0.948718
vt 0.974359 0.256410
vt 0.974359 0.589743
vt 0.974359 0.923077
vt 0.974359 0.230769
vt 0.974359 0.564103
vt 0.974359 0.897436
vt 0.961538 0.846154
vt 0.961538 0.153846
vt 0.961538 0.487180
vt 0.961538 0.820513
vt 0.961538 0.128205
vt 0.961538 0.461538
vt 0.961538 0.794872
vt 0.961538 0.102564
vt 0.961538 0.435898
vt 0.961538 0.769231
vt 0.961538 0.076923
vt 0.961538 0.410257
vt 0.961538 0.743590
vt 0.961538 0.051282
vt 0.961538 0.384616
vt 0.961538 0.717949
vt 0.961538 0.025641
vt 0.961539 0.358974
vt 0.961538 0.692307
vt 0.967949 0.000000
vt 0.961538 0.333334
vt 0.961538 0.666667
vt 0.961538 0.307693
vt 0.961539 0.641026
vt 0.967949 1.000000
vt 0.961538 0.974359
vt 0.961538 0.282051
vt 0.961538 0.615384
vt 0.961538 0.948718
vt 0.961538 0.256410
vt 0.961538 0.589743
vt 0.961538 0.923077
vt 0.961538 0.230769
vt 0.961538 0.564103
vt 0.961538 0.897436
vt 0.961538 0.205128
vt 0.961538 0.538462
vt 0.961538 0.871795
vt 0.961538 0.179487
vt 0.961538 0.512821
vt 0.948718 0.128205
vt 0.948718 0.487180
vt 0.948718 0.461538
vt 0.948718 0.794872
vt 0.948718 0.102564
vt 0.948718 0.435898
vt 0.948718 0.769231
vt 0.948718 0.076923
vt 0.948718 0.410257
vt 0.948718 0.743590
vt 0.948718 0.051282
vt 0.948718 0.384616
vt 0.948718 0.717949
vt 0.948718 0.025641
vt 0.948718 0.358974
vt 0.948718 0.692307
vt 0.955128 0.000000
vt 0.948718 0.333334
vt 0.948718 0.666667
vt 0.948718 0.307693
vt 0.948718 0.641026
vt 0.955128 1.000000
vt 0.948718 0.974359
vt 0.948718 0.282051
vt 0.948718 0.615384
vt 0.948718 0.948718
vt 0.948718 0.256410
vt 0.948718 0.589743
vt 0.948718 0.923077
vt 0.948718 0.230769
vt 0.948718 0.564103
vt 0.948718 0.897436
vt 0.948718 0.205128
vt 0.948718 0.538462
vt 0.948718 0.871795
vt 0.948718 0.179487
vt 0.948718 0.512821
vt 0.948718 0.846154
vt 0.948718 0.153846
vt 0.948718 0.820513
vt 0.935897 0.461538
vt 0.935897 0.435898
vt 0.935897 0.794872
vt 0.935897 0.769231
vt 0.935897 0.102564
vt 0.935897 0.076923
vt 0.935897 0.410257
vt 0.935897 0.743590
vt 0.935897 0.051282
vt 0.935897 0.384616
vt 0.935897 0.717949
vt 0.935897 0.025641
vt 0.935897 0.358974
vt 0.935897 0.692307
vt 0.942308 0.000000
vt 0.935897 0.333334
vt 0.935897 0.666667
vt 0.935897 0.307693
vt 0.935897 0.641026
vt 0.942308 1.000000
vt 0.935897 0.974359
vt 0.935897 0.282051
vt 0.935897 0.615384
vt 0.935897 0.948718
vt 0.935897 0.256410
vt 0.935897 0.589743
vt 0.935897 0.923077
vt 0.935897 0.230769
vt 0.935897 0.564103
vt 0.935897 0.897436
vt 0.935897 0.205128
vt 0.935897 0.538462
vt 0.935897 0.871795
vt 0.935897 0.179487
vt 0.935897 0.512821
vt 0.935897 0.846154
vt 0.935897 0.153846
vt 0.935897 0.487180
vt 0.935897 0.820513
vt 0.935897 0.128205
vt 0.923077 0.589743
vt 0.923077 0.948718
vt 0.923077 0.923077
vt 0.923077 0.256410
vt 0.923077 0.230769
vt 0.923077 0.564103
vt 0.923077 0.897436
vt 0.923077 0.205128
vt 0.923077 0.538462
vt 0.923077 0.871795
vt 0.923077 0.179487
vt 0.923077 0.512820
vt 0.923077 0.846154
vt 0.923077 0.153846
vt 0.923077 0.487180
vt 0.923077 0.820513
vt 0.923077 0.128205
vt 0.923077 0.461538
vt 0.923077 0.794872
vt 0.923077 0.102564
vt 0.923077 0.435898
vt 0.923077 0.769231
vt 0.923077 0.076923
vt 0.923077 0.410257
vt 0.923077 0.743590
vt 0.923077 0.051282
vt 0.923077 0.384616
vt 0.923077 0.717949
vt 0.923077 0.025641
vt 0.923077 0.358975
vt 0.923077 0.692307
vt 0.929487 0.000000
vt 0.923077 0.333334
vt 0.923077 0.666667
vt 0.923077 0.307693
vt 0.923077 0.641025
vt 0.929487 1.000000
vt 0.923077 0.974359
vt 0.923077 0.282051
vt 0.923077 0.615384
vt 0.910256 0.897436
vt 0.910256 0.205128
vt 0.910256 0.538462
vt 0.910256 0.871795
vt 0.910256 0.179487
vt 0.910256 0.512820
vt 0.910256 0.846154
vt 0.910256 0.153846
vt 0.910256 0.487180
vt 0.910256 0.820513
vt 0.910256 0.128205
vt 0.910256 0.461538
vt 0.910256 0.794872
vt 0.910256 0.102564
vt 0.910256 0.435898
vt 0.910256 0.769231
vt 0.910256 0.076923
vt 0.910256 0.410257
vt 0.910256 0.743590
vt 0.910256 0.051282
vt 0.910256 0.384616
vt 0.910256 0.717949
vt 0.910256 0.025641
vt 0.910257 0.358975
vt 0.910256 0.692307
vt 0.916667 0.000000
vt 0.910256 0.333334
vt 0.910256 0.666667
vt 0.910256 0.307693
vt 0.910257 0.641025
vt 0.916667 1.000000
vt 0.910256 0.974359
vt 0.910256 0.282052
vt 0.910256 0.615384
vt 0.910256 0.948718
vt 0.910256 0.256410
vt 0.910256 0.589743
vt 0.910256 0.923077
vt 0.910256 0.230769
vt 0.910256 0.564103
vt 0.897436 0.205128
vt 0.897436 0.179487
vt 0.897436 0.512820
vt 0.897436 0.871795
vt 0.897436 0.846154
vt 0.897436 0.153846
vt 0.897436 0.487180
vt 0.897436 0.820513
vt 0.897436 0.128205
vt 0.897436 0.461538
vt 0.897436 0.794872
vt 0.897436 0.102564
vt 0.897436 0.435898
vt 0.897436 0.769231
vt 0.897436 0.076923
vt 0.897436 0.410257
vt 0.897436 0.743590
vt 0.897436 0.051282
vt 0.897436 0.384616
vt 0.897436 0.717949
vt 0.897436 0.025641
vt 0.897436 0.358974
vt 0.897436 0.692307
vt 0.903846 0.000000
vt 0.897436 0.333334
vt 0.897436 0.666667
vt 0.897436 0.307693
vt 0.897436 0.641026
vt 0.903846 1.000000
vt 0.897436 0.974359
vt 0.897436 0.282052
vt 0.897436 0.615384
vt 0.897436 0.948718
vt 0.897436 0.256410
vt 0.897436 0.589743
vt 0.897436 0.923077
vt 0.897436 0.230769
vt 0.897436 0.564103
vt 0.897436 0.897436
vt 0.897436 0.538462
vt 0.884615 0.487180
vt 0.884615 0.846154
vt 0.884615 0.820513
vt 0.884615 0.128205
vt 0.884615 0.461538
vt 0.884615 0.794872
vt 0.884615 0.102564
vt 0.884615 0.435898
vt 0.884615 0.769231
vt 0.884615 0.076923
vt 0.884615 0.410257
vt 0.884615 0.743590
vt 0.884615 0.051282
vt 0.884615 0.384616
vt 0.884615 0.717949
vt 0.884615 0.025641
vt 0.884615 0.358974
vt 0.884615 0.692307
vt 0.891026 0.000000
vt 0.884615 0.333334
vt 0.884615 0.666667
vt 0.884615 0.307693
vt 0.884615 0.641026
vt 0.891026 1.000000
vt 0.884615 0.974359
vt 0.884615 0.282052
vt 0.884615 0.615384
vt 0.884615 0.948718
vt 0.884615 0.256410
vt 0.884615 0.589743
vt 0.884615 0.923077
vt 0.884615 0.230769
vt 0.884615 0.564103
vt 0.884615 0.897436
vt 0.884615 0.205128
vt 0.884615 0.538462
vt 0.884615 0.871795
vt 0.884615 0.179487
vt 0.884615 0.512820
vt 0.884615 0.153846
vt 0.871795 0.794872
vt 0.871795 0.102564
vt 0.871795 0.435898
vt 0.871795 0.769231
vt 0.871795 0.076923
vt 0.871795 0.410257
vt 0.871795 0.743590
vt 0.871795 0.051282
vt 0.871795 0.384616
vt 0.871795 0.717949
vt 0.871795 0.025641
vt 0.871795 0.358975
vt 0.871795 0.692307
vt 0.878205 0.000000
vt 0.871795 0.333334
vt 0.871795 0.666666
vt 0.871795 0.307693
vt 0.871795 0.641025
vt 0.878205 1.000000
vt 0.871795 0.974359
vt 0.871795 0.282052
vt 0.871795 0.615384
vt 0.871795 0.948718
vt 0.871795 0.256410
vt 0.871795 0.589743
vt 0.871795 0.923077
vt 0.871795 0.230769
vt 0.871795 0.564103
vt 0.871795 0.897436
vt 0.871795 0.205128
vt 0.871795 0.538462
vt 0.871795 0.871795
vt 0.871795 0.179487
vt 0.871795 0.512820
vt 0.871795 0.846154
vt 0.871795 0.153846
vt 0.871795 0.487180
vt 0.871795 0.820513
vt 0.871795 0.128205
vt 0.871795 0.461538
vt 0.858974 0.435898
vt 0.858974 0.410257
vt 0.858974 0.743590
vt 0.858974 0.051282
vt 0.858974 0.384616
vt 0.858974 0.717949
vt 0.858974 0.025641
vt 0.858974 0.358975
vt 0.858974 0.692307
vt 0.865385 0.000000
vt 0.858974 0.333334
vt 0.858974 0.666666
vt 0.858974 0.307693
vt 0.858974 0.641025
vt 0.865385 1.000000
vt 0.858974 0.974359
vt 0.858974 0.282052
vt 0.858974 0.615384
vt 0.858974 0.948718
vt 0.858974 0.256410
vt 0.858974 0.589743
vt 0.858974 0.923077
vt 0.858974 0.230769
vt 0.858974 0.564103
vt 0.858974 0.897436
vt 0.858974 0.205128
vt 0.858974 0.538462
vt 0.858974 0.871795
vt 0.858974 0.179487
vt 0.858974 0.512820
vt 0.858974 0.846154
vt 0.858974 0.153846
vt 0.858974 0.487180
vt 0.858974 0.820513
vt 0.858974 0.128205
vt 0.858974 0.461538
vt 0.858974 0.794872
vt 0.858974 0.102564
vt 0.858974 0.769231
vt 0.858974 0.076923
vt 0.846154 0.743590
vt 0.846154 0.717949
vt 0.846154 0.025641
vt 0.846154 0.358975
vt 0.846154 0.692307
vt 0.852564 0.000000
vt 0.846154 0.333334
vt 0.846154 0.666666
vt 0.846154 0.307693
vt 0.846154 0.641025
vt 0.852564 1.000000
vt 0.846154 0.974359
vt 0.846154 0.282052
vt 0.846154 0.615384
vt 0.846154 0.948718
vt 0.846154 0.256410
vt 0.846154 0.589743
vt 0.846154 0.923077
vt 0.846154 0.230769
vt 0.846154 0.564102
vt 0.846154 0.897436
vt 0.846154 0.205128
vt 0.846154 0.538462
vt 0.846154 0.871795
vt 0.846154 0.179487
vt 0.846154 0.512820
vt 0.846154 0.846154
vt 0.846154 0.153846
vt 0.846154 0.487180
vt 0.846154 0.820513
vt 0.846154 0.128205
vt 0.846154 0.461538
vt 0.846154 0.794872
vt 0.846154 0.102564
vt 0.846154 0.435898
vt 0.846154 0.769231
vt 0.846154 0.076923
vt 0.846154 0.410257
vt 0.846154 0.051282
vt 0.846154 0.384616
vt 0.839744 0.000000
vt 0.833333 0.025641
vt 0.833333 0.358975
vt 0.833333 0.333334
vt 0.833333 0.666666
vt 0.833333 0.307693
vt 0.833333 0.641025
vt 0.839744 1.000000
vt 0.833333 0.974359
vt 0.833333 0.282052
vt 0.833333 0.615384
vt 0.833333 0.948718
vt 0.833333 0.256410
vt 0.833333 0.589743
vt 0.833333 0.923077
vt 0.833333 0.230769
vt 0.833333 0.564102
vt 0.833333 0.897436
vt 0.833333 0.205128
vt 0.833333 0.538462
vt 0.833333 0.871795
vt 0.833333 0.179487
vt 0.833333 0.512820
vt 0.833333 0.846154
vt 0.833333 0.153846
vt 0.833333 0.487180
vt 0.833333 0.820513
vt 0.833333 0.128205
vt 0.833333 0.461538
vt 0.833333 0.794872
vt 0.833333 0.102564
vt 0.833333 0.435898
vt 0.833333 0.769231
vt 0.833333 0.076923
vt 0.833333 0.410257
vt 0.833333 0.743590
vt 0.833333 0.051282
vt 0.833333 0.384616
vt 0.833333 0.717949
vt 0.833333 0.692307
vt 0.820513 0.333334
vt 0.820513 0.307693
vt 0.820513 0.641025
vt 0.826923 1.000000
vt 0.820513 0.974359
vt 0.820513 0.282052
vt 0.820513 0.615384
vt 0.820513 0.948718
vt 0.820513 0.256410
vt 0.820513 0.589743
vt 0.820513 0.923077
vt 0.820513 0.230769
vt 0.820513 0.564102
vt 0.820513 0.897436
vt 0.820513 0.205128
vt 0.820513 0.538462
vt 0.820513 0.871795
vt 0.820513 0.179487
vt 0.820513 0.512820
vt 0.820513 0.846154
vt 0.820513 0.153846
vt 0.820513 0.487180
vt 0.820513 0.820513
vt 0.820513 0.128205
vt 0.820513 0.461538
vt 0.820513 0.794872
vt 0.820513 0.102564
vt 0.820513 0.435898
vt 0.820513 0.769231
vt 0.820513 0.076923
vt 0.820513 0.410257
vt 0.820513 0.743590
vt 0.820513 0.051282
vt 0.820513 0.384616
vt 0.820513 0.717949
vt 0.820513 0.025641
vt 0.820513 0.358975
vt 0.820513 0.692307
vt 0.826923 0.000000
vt 0.820513 0.666666
vt 0.807692 0.641025
vt 0.807692 0.615384
vt 0.807692 0.948718
vt 0.807692 0.256410
vt 0.807692 0.589743
vt 0.807692 0.923077
vt 0.807692 0.230769
vt 0.807692 0.564102
vt 0.807692 0.897436
vt 0.807692 0.205128
vt 0.807692 0.538462
vt 0.807692 0.871795
vt 0.807692 0.179487
vt 0.807692 0.512820
vt 0.807692 0.846154
vt 0.807692 0.153846
vt 0.807692 0.487180
vt 0.807692 0.820513
vt 0.807692 0.128205
vt 0.807692 0.461538
vt 0.807692 0.794872
vt 0.807692 0.102564
vt 0.807692 0.435898
vt 0.807692 0.769231
vt 0.807692 0.076923
vt 0.807692 0.410257
vt 0.807692 0.743590
vt 0.807692 0.051282
vt 0.807692 0.384616
vt 0.807692 0.717949
vt 0.807692 0.025641
vt 0.807692 0.358975
vt 0.807692 0.692307
vt 0.814103 0.000000
vt 0.807692 0.333334
vt 0.807692 0.666666
vt 0.807692 0.307693
vt 0.814103 1.000000
vt 0.807692 0.974359
vt 0.807692 0.282052
vt 0.794872 0.948718
vt 0.794872 0.923077
vt 0.794872 0.256410
vt 0.794872 0.230769
vt 0.794872 0.589743
vt 0.794872 0.564102
vt 0.794872 0.897436
vt 0.794872 0.205128
vt 0.794872 0.538462
vt 0.794872 0.871795
vt 0.794872 0.179487
vt 0.794872 0.512820
vt 0.794872 0.846154
vt 0.794872 0.153846
vt 0.794872 0.487180
vt 0.794872 0.820513
vt 0.794872 0.128205
vt 0.794872 0.461538
vt 0.794872 0.794872
vt 0.794872 0.102564
vt 0.794872 0.435898
vt 0.794872 0.769231
vt 0.794872 0.076923
vt 0.794872 0.410257
vt 0.794872 0.743590
vt 0.794872 0.051282
vt 0.794872 0.384616
vt 0.794872 0.717949
vt 0.794872 0.025641
vt 0.794872 0.358975
vt 0.794872 0.692307
vt 0.801282 0.000000
vt 0.794872 0.333334
vt 0.794872 0.666666
vt 0.794872 0.307693
vt 0.794872 0.641025
vt 0.801282 1.000000
vt 0.794872 0.974359
vt 0.794872 0.282052
vt 0.794872 0.615384
vt 0.782051 0.564102
vt 0.782051 0.538462
vt 0.782051 0.871795
vt 0.782051 0.205128
vt 0.782051 0.179487
vt 0.782051 0.512820
vt 0.782051 0.846154
vt 0.782051 0.153846
vt 0.782051 0.487180
vt 0.782051 0.820513
vt 0.782051 0.128205
vt 0.782051 0.461538
vt 0.782051 0.794872
vt 0.782051 0.102564
vt 0.782051 0.435898
vt 0.782051 0.769231
vt 0.782051 0.076923
vt 0.782051 0.410257
vt 0.782051 0.743590
vt 0.782051 0.051282
vt 0.782051 0.384616
vt 0.782051 0.717949
vt 0.782051 0.025641
vt 0.782051 0.358975
vt 0.782051 0.692307
vt 0.788462 0.000000
vt 0.782051 0.333334
vt 0.782051 0.666666
vt 0.782051 0.307693
vt 0.782051 0.641025
vt 0.788462 1.000000
vt 0.782051 0.974359
vt 0.782051 0.282052
vt 0.782051 0.615384
vt 0.782051 0.948718
vt 0.782051 0.256410
vt 0.782051 0.589743
vt 0.782051 0.923077
vt 0.782051 0.230769
vt 0.782051 0.897436
vt 0.769231 0.871795
vt 0.769231 0.846154
vt 0.769231 0.153846
vt 0.769231 0.487180
vt 0.769231 0.820513
vt 0.769231 0.128205
vt 0.769231 0.461538
vt 0.769231 0.794872
vt 0.769231 0.102564
vt 0.769231 0.435898
vt 0.769231 0.769231
vt 0.769231 0.076923
vt 0.769231 0.410257
vt 0.769231 0.743590
vt 0.769231 0.051282
vt 0.769231 0.384616
vt 0.769231 0.717949
vt 0.769231 0.025641
vt 0.769231 0.358975
vt 0.769231 0.692307
vt 0.775641 0.000000
vt 0.769231 0.333334
vt 0.769231 0.666666
vt 0.769231 0.307693
vt 0.769231 0.641025
vt 0.775641 1.000000
vt 0.769231 0.974359
vt 0.769231 0.282052
vt 0.769231 0.615384
vt 0.769231 0.948718
vt 0.769231 0.256410
vt 0.769231 0.589743
vt 0.769231 0.923077
vt 0.769231 0.230769
vt 0.769231 0.564102
vt 0.769231 0.897436
vt 0.769231 0.205128
vt 0.769231 0.538462
vt 0.769231 0.179487
vt 0.769231 0.512820
vt 0.756410 0.128205
vt 0.756410 0.461538
vt 0.756410 0.794872
vt 0.756410 0.102564
vt 0.756410 0.435898
vt 0.756410 0.769231
vt 0.756410 0.076923
vt 0.756410 0.410257
vt 0.756410 0.743590
vt 0.756410 0.051282
vt 0.756410 0.384616
vt 0.756410 0.717949
vt 0.756410 0.025641
vt 0.756410 0.358975
vt 0.756410 0.692307
vt 0.762821 0.000000
vt 0.756410 0.333334
vt 0.756410 0.666666
vt 0.756410 0.307693
vt 0.756410 0.641025
vt 0.762821 1.000000
vt 0.756410 0.974359
vt 0.756410 0.282052
vt 0.756410 0.615384
vt 0.756410 0.948718
vt 0.756410 0.256410
vt 0.756410 0.589743
vt 0.756410 0.923077
vt 0.756410 0.230769
vt 0.756410 0.564102
vt 0.756410 0.897436
vt 0.756410 0.205128
vt 0.756410 0.538462
vt 0.756410 0.871795
vt 0.756410 0.179487
vt 0.756410 0.512820
vt 0.756410 0.846154
vt 0.756410 0.153846
vt 0.756410 0.487180
vt 0.756410 0.820513
vt 0.750000 0.000000
vt 0.750000 1.000000
s 0
f 2932/1/1 5/2/1 2933/3/1
f 2958/4/2 31/5/2 32/6/2
f 2945/7/3 19/8/3 2946/9/3
f 2933/3/4 6/10/4 2934/11/4
f 2959/12/5 32/6/5 33/13/5
f 2946/9/6 20/14/6 2947/15/6
f 2934/11/7 7/16/7 2935/17/7
f 2960/18/8 33/13/8 34/19/8
f 2947/15/9 21/20/9 2948/21/9
f 2935/17/10 8/22/10 2936/23/10
f 3/24/11 34/19/11 35/25/11
f 2948/21/12 22/26/12 2949/27/12
f 2936/23/13 9/28/13 2937/29/13
f 2961/30/14 35/25/14 36/31/14
f 2949/27/15 23/32/15 2950/33/15
f 2937/29/16 10/34/16 1/35/16
f 2962/36/17 36/31/17 37/37/17
f 2951/38/18 23/32/18 24/39/18
f 1/35/19 11/40/19 2938/41/19
f 2963/42/20 37/37/20 38/43/20
f 2952/44/21 24/39/21 25/45/21
f 2938/41/22 12/46/22 2939/47/22
f 2964/48/23 38/43/23 39/49/23
f 2953/50/24 25/45/24 26/51/24
f 2939/47/25 13/52/25 2940/53/25
f 2965/54/26 39/49/26 40/55/26
f 2954/56/27 26/51/27 27/57/27
f 2940/53/28 14/58/28 2941/59/28
f 2966/60/29 40/55/29 41/61/29
f 2955/62/30 27/57/30 28/63/30
f 2941/59/31 15/64/31 2942/65/31
f 1866/66/32 2966/60/32 41/61/32
f 2956/67/33 28/63/33 29/68/33
f 2942/65/34 16/69/34 2943/70/34
f 2/71/35 29/68/35 30/72/35
f 2943/70/36 17/73/36 2944/74/36
f 2932/1/37 2171/75/37 4/76/37
f 2957/77/38 30/72/38 31/5/38
f 2944/74/39 18/78/39 2945/7/39
f 6/10/40 43/79/40 44/80/40
f 32/6/41 71/81/41 33/13/41
f 20/14/42 57/82/42 58/83/42
f 6/10/43 45/84/43 7/16/43
f 33/13/44 72/85/44 34/19/44
f 20/14/45 59/86/45 21/20/45
f 8/22/46 45/84/46 46/87/46
f 34/19/47 73/88/47 35/25/47
f 21/20/48 60/89/48 22/26/48
f 9/28/49 46/87/49 47/90/49
f 35/25/50 74/91/50 36/31/50
f 22/26/51 61/92/51 23/32/51
f 10/34/52 47/90/52 48/93/52
f 37/37/53 74/91/53 75/94/53
f 24/39/54 61/92/54 62/95/54
f 11/40/55 48/93/55 49/96/55
f 37/37/56 76/97/56 38/43/56
f 24/39/57 63/98/57 25/45/57
f 12/46/58 49/96/58 50/99/58
f 38/43/59 77/100/59 39/49/59
f 25/45/60 64/101/60 26/51/60
f 12/46/61 51/102/61 13/52/61
f 39/49/62 78/103/62 40/55/62
f 27/57/63 64/101/63 65/104/63
f 14/58/64 51/102/64 52/105/64
f 41/61/65 78/103/65 79/106/65
f 28/63/66 65/104/66 66/107/66
f 14/58/67 53/108/67 15/64/67
f 1866/109/68 41/61/68 79/106/68
f 29/68/69 66/107/69 67/110/69
f 15/64/70 54/111/70 16/69/70
f 30/72/71 67/110/71 68/112/71
f 16/69/72 55/113/72 17/73/72
f 4/76/73 2171/114/73 42/115/73
f 31/5/74 68/112/74 69/116/74
f 17/73/75 56/117/75 18/78/75
f 5/2/76 42/115/76 43/79/76
f 31/5/77 70/118/77 32/6/77
f 18/78/78 57/82/78 19/8/78
f 58/83/79 97/119/79 59/86/79
f 46/87/80 83/120/80 84/121/80
f 73/88/81 110/122/81 111/123/81
f 60/89/82 97/119/82 98/124/82
f 47/90/83 84/121/83 85/125/83
f 74/91/84 111/123/84 112/126/84
f 60/89/85 99/127/85 61/92/85
f 47/90/86 86/128/86 48/93/86
f 74/91/87 113/129/87 75/94/87
f 61/92/88 100/130/88 62/95/88
f 49/96/89 86/128/89 87/131/89
f 75/94/90 114/132/90 76/97/90
f 62/95/91 101/133/91 63/98/91
f 50/99/92 87/131/92 88/134/92
f 77/100/93 114/132/93 115/135/93
f 63/98/94 102/136/94 64/101/94
f 50/99/95 89/137/95 51/102/95
f 77/100/96 116/138/96 78/103/96
f 64/101/97 103/139/97 65/104/97
f 51/102/98 90/140/98 52/105/98
f 78/103/99 117/141/99 79/106/99
f 65/104/100 104/142/100 66/107/100
f 53/108/101 90/140/101 91/143/101
f 1866/144/102 79/106/102 117/141/102
f 67/110/103 104/142/103 105/145/103
f 54/111/104 91/143/104 92/146/104
f 67/110/105 106/147/105 68/112/105
f 54/111/106 93/148/106 55/113/106
f 42/115/107 2171/149/107 80/150/107
f 68/112/108 107/151/108 69/116/108
f 55/113/109 94/152/109 56/117/109
f 42/115/110 81/153/110 43/79/110
f 69/116/111 108/154/111 70/118/111
f 56/117/112 95/155/112 57/82/112
f 43/79/113 82/156/113 44/80/113
f 70/118/114 109/157/114 71/81/114
f 58/83/115 95/155/115 96/158/115
f 45/84/116 82/156/116 83/120/116
f 71/81/117 110/122/117 72/85/117
f 85/125/118 122/159/118 123/160/118
f 111/123/119 150/161/119 112/126/119
f 98/124/120 137/162/120 99/127/120
f 86/128/121 123/160/121 124/163/121
f 112/126/122 151/164/122 113/129/122
f 99/127/123 138/165/123 100/130/123
f 86/128/124 125/166/124 87/131/124
f 113/129/125 152/167/125 114/132/125
f 100/130/126 139/168/126 101/133/126
f 88/134/127 125/166/127 126/169/127
f 115/135/128 152/167/128 153/170/128
f 101/133/129 140/171/129 102/136/129
f 88/134/130 127/172/130 89/137/130
f 115/135/131 154/173/131 116/138/131
f 103/139/132 140/171/132 141/174/132
f 90/140/133 127/172/133 128/175/133
f 117/141/134 154/173/134 155/176/134
f 103/139/135 142/177/135 104/142/135
f 91/143/136 128/175/136 129/178/136
f 1866/179/137 117/141/137 155/176/137
f 104/142/138 143/180/138 105/145/138
f 92/146/139 129/178/139 130/181/139
f 105/145/140 144/182/140 106/147/140
f 93/148/141 130/181/141 131/183/141
f 80/150/142 2171/184/142 118/185/142
f 106/147/143 145/186/143 107/151/143
f 93/148/144 132/187/144 94/152/144
f 80/150/145 119/188/145 81/153/145
f 107/151/146 146/189/146 108/154/146
f 94/152/147 133/190/147 95/155/147
f 82/156/148 119/188/148 120/191/148
f 109/157/149 146/189/149 147/192/149
f 95/155/150 134/193/150 96/158/150
f 82/156/151 121/194/151 83/120/151
f 109/157/152 148/195/152 110/122/152
f 96/158/153 135/196/153 97/119/153
f 83/120/154 122/159/154 84/121/154
f 111/123/155 148/195/155 149/197/155
f 97/119/156 136/198/156 98/124/156
f 150/161/157 189/199/157 151/164/157
f 138/165/158 175/200/158 176/201/158
f 124/163/159 163/202/159 125/166/159
f 151/164/160 190/203/160 152/167/160
f 139/168/161 176/201/161 177/204/161
f 126/169/162 163/202/162 164/205/162
f 152/167/163 191/206/163 153/170/163
f 140/171/164 177/204/164 178/207/164
f 127/172/165 164/205/165 165/208/165
f 153/170/166 192/209/166 154/173/166
f 140/171/167 179/210/167 141/174/167
f 128/175/168 165/208/168 166/211/168
f 154/173/169 193/212/169 155/176/169
f 141/174/170 180/213/170 142/177/170
f 129/178/171 166/211/171 167/214/171
f 1866/215/172 155/176/172 193/212/172
f 142/177/173 181/216/173 143/180/173
f 129/178/174 168/217/174 130/181/174
f 143/180/175 182/218/175 144/182/175
f 130/181/176 169/219/176 131/183/176
f 118/185/177 2171/220/177 156/221/177
f 144/182/178 183/222/178 145/186/178
f 132/187/179 169/219/179 170/223/179
f 119/188/180 156/221/180 157/224/180
f 145/186/181 184/225/181 146/189/181
f 132/187/182 171/226/182 133/190/182
f 120/191/183 157/224/183 158/227/183
f 146/189/184 185/228/184 147/192/184
f 133/190/185 172/229/185 134/193/185
f 120/191/186 159/230/186 121/194/186
f 147/192/187 186/231/187 148/195/187
f 135/196/188 172/229/188 173/232/188
f 121/194/189 160/233/189 122/159/189
f 148/195/190 187/234/190 149/197/190
f 135/196/191 174/235/191 136/198/191
f 123/160/192 160/233/192 161/236/192
f 149/197/193 188/237/193 150/161/193
f 136/198/194 175/200/194 137/162/194
f 124/163/195 161/236/195 162/238/195
f 177/204/196 214/239/196 215/240/196
f 163/202/197 202/241/197 164/205/197
f 190/203/198 229/242/198 191/206/198
f 177/204/199 216/243/199 178/207/199
f 164/205/200 203/244/200 165/208/200
f 192/209/201 229/242/201 230/245/201
f 178/207/202 217/246/202 179/210/202
f 165/208/203 204/247/203 166/211/203
f 192/209/204 231/248/204 193/212/204
f 179/210/205 218/249/205 180/213/205
f 166/211/206 205/250/206 167/214/206
f 1866/251/207 193/212/207 231/248/207
f 180/213/208 219/252/208 181/216/208
f 167/214/209 206/253/209 168/217/209
f 182/218/210 219/252/210 220/254/210
f 168/217/211 207/255/211 169/219/211
f 156/221/212 2171/256/212 194/257/212
f 182/218/213 221/258/213 183/222/213
f 170/223/214 207/255/214 208/259/214
f 157/224/215 194/257/215 195/260/215
f 183/222/216 222/261/216 184/225/216
f 171/226/217 208/259/217 209/262/217
f 158/227/218 195/260/218 196/263/218
f 184/225/219 223/264/219 185/228/219
f 171/226/220 210/265/220 172/229/220
f 159/230/221 196/263/221 197/266/221
f 185/228/222 224/267/222 186/231/222
f 172/229/223 211/268/223 173/232/223
f 159/230/224 198/269/224 160/233/224
f 187/234/225 224/267/225 225/270/225
f 173/232/226 212/271/226 174/235/226
f 161/236/227 198/269/227 199/272/227
f 187/234/228 226/273/228 188/237/228
f 174/235/229 213/274/229 175/200/229
f 162/238/230 199/272/230 200/275/230
f 188/237/231 227/276/231 189/199/231
f 175/200/232 214/239/232 176/201/232
f 162/238/233 201/277/233 163/202/233
f 189/199/234 228/278/234 190/203/234
f 202/241/235 241/279/235 203/244/235
f 230/245/236 267/280/236 268/281/236
f 216/243/237 255/282/237 217/246/237
f 204/247/238 241/279/238 242/283/238
f 230/245/239 269/284/239 231/248/239
f 217/246/240 256/285/240 218/249/240
f 205/250/241 242/283/241 243/286/241
f 1866/287/242 231/248/242 269/284/242
f 219/252/243 256/285/243 257/288/243
f 206/253/244 243/286/244 244/289/244
f 219/252/245 258/290/245 220/254/245
f 206/253/246 245/291/246 207/255/246
f 194/257/247 2171/292/247 232/293/247
f 220/254/248 259/294/248 221/258/248
f 207/255/249 246/295/249 208/259/249
f 194/257/250 233/296/250 195/260/250
f 221/258/251 260/297/251 222/261/251
f 209/262/252 246/295/252 247/298/252
f 195/260/253 234/299/253 196/263/253
f 222/261/254 261/300/254 223/264/254
f 209/262/255 248/301/255 210/265/255
f 197/266/256 234/299/256 235/302/256
f 223/264/257 262/303/257 224/267/257
f 210/265/258 249/304/258 211/268/258
f 197/266/259 236/305/259 198/269/259
f 225/270/260 262/303/260 263/306/260
f 211/268/261 250/307/261 212/271/261
f 198/269/262 237/308/262 199/272/262
f 225/270/263 264/309/263 226/273/263
f 212/271/264 251/310/264 213/274/264
f 200/275/265 237/308/265 238/311/265
f 227/276/266 264/309/266 265/312/266
f 214/239/267 251/310/267 252/313/267
f 200/275/268 239/314/268 201/277/268
f 228/278/269 265/312/269 266/315/269
f 215/240/270 252/313/270 253/316/270
f 201/277/271 240/317/271 202/241/271
f 229/242/272 266/315/272 267/280/272
f 216/243/273 253/316/273 254/318/273
f 255/282/274 294/319/274 256/285/274
f 243/286/275 280/320/275 281/321/275
f 1866/322/276 269/284/276 307/323/276
f 257/288/277 294/319/277 295/324/277
f 243/286/278 282/325/278 244/289/278
f 258/290/279 295/324/279 296/326/279
f 244/289/280 283/327/280 245/291/280
f 232/293/281 2171/328/281 270/329/281
f 258/290/282 297/330/282 259/294/282
f 246/295/283 283/327/283 284/331/283
f 233/296/284 270/329/284 271/332/284
f 259/294/285 298/333/285 260/297/285
f 247/298/286 284/331/286 285/334/286
f 233/296/287 272/335/287 234/299/287
f 260/297/288 299/336/288 261/300/288
f 247/298/289 286/337/289 248/301/289
f 235/302/290 272/335/290 273/338/290
f 261/300/291 300/339/291 262/303/291
f 248/301/292 287/340/292 249/304/292
f 236/305/293 273/338/293 274/341/293
f 262/303/294 301/342/294 263/306/294
f 249/304/295 288/343/295 250/307/295
f 236/305/296 275/344/296 237/308/296
f 263/306/297 302/345/297 264/309/297
f 250/307/298 289/346/298 251/310/298
f 238/311/299 275/344/299 276/347/299
f 264/309/300 303/348/300 265/312/300
f 252/313/301 289/346/301 290/349/301
f 238/311/302 277/350/302 239/314/302
f 265/312/303 304/351/303 266/315/303
f 253/316/304 290/349/304 291/352/304
f 240/317/305 277/350/305 278/353/305
f 266/315/306 305/354/306 267/280/306
f 253/316/307 292/355/307 254/318/307
f 240/317/308 279/356/308 241/279/308
f 267/280/309 306/357/309 268/281/309
f 254/318/310 293/358/310 255/282/310
f 242/283/311 279/356/311 280/320/311
f 268/281/312 307/323/312 269/284/312
f 282/325/313 319/359/313 320/360/313
f 295/324/314 334/361/314 296/326/314
f 282/325/315 321/362/315 283/327/315
f 270/329/316 2171/363/316 308/364/316
f 296/326/317 335/365/317 297/330/317
f 284/331/318 321/362/318 322/366/318
f 271/332/319 308/364/319 309/367/319
f 297/330/320 336/368/320 298/333/320
f 285/334/321 322/366/321 323/369/321
f 272/335/322 309/367/322 310/370/322
f 299/336/323 336/368/323 337/371/323
f 286/337/324 323/369/324 324/372/324
f 273/338/325 310/370/325 311/373/325
f 300/339/326 337/371/326 338/374/326
f 286/337/327 325/375/327 287/340/327
f 273/338/328 312/376/328 274/341/328
f 300/339/329 339/377/329 301/342/329
f 287/340/330 326/378/330 288/343/330
f 275/344/331 312/376/331 313/379/331
f 301/342/332 340/380/332 302/345/332
f 288/343/333 327/381/333 289/346/333
f 276/347/334 313/379/334 314/382/334
f 302/345/335 341/383/335 303/348/335
f 289/346/336 328/384/336 290/349/336
f 276/347/337 315/385/337 277/350/337
f 303/348/338 342/386/338 304/351/338
f 291/352/339 328/384/339 329/387/339
f 277/350/340 316/388/340 278/353/340
f 304/351/341 343/389/341 305/354/341
f 291/352/342 330/390/342 292/355/342
f 278/353/343 317/391/343 279/356/343
f 305/354/344 344/392/344 306/357/344
f 292/355/345 331/393/345 293/358/345
f 280/320/346 317/391/346 318/394/346
f 306/357/347 345/395/347 307/323/347
f 293/358/348 332/396/348 294/319/348
f 281/321/349 318/394/349 319/359/349
f 1866/397/350 307/323/350 345/395/350
f 295/324/351 332/396/351 333/398/351
f 308/364/352 2171/399/352 346/400/352
f 334/361/353 373/401/353 335/365/353
f 322/366/354 359/402/354 360/403/354
f 309/367/355 346/400/355 347/404/355
f 335/365/356 374/405/356 336/368/356
f 322/366/357 361/406/357 323/369/357
f 310/370/358 347/404/358 348/407/358
f 336/368/359 375/408/359 337/371/359
f 324/372/360 361/406/360 362/409/360
f 311/373/361 348/407/361 349/410/361
f 337/371/362 376/411/362 338/374/362
f 324/372/363 363/412/363 325/375/363
f 312/376/364 349/410/364 350/413/364
f 338/374/365 377/414/365 339/377/365
f 325/375/366 364/415/366 326/378/366
f 313/379/367 350/413/367 351/416/367
f 339/377/368 378/417/368 340/380/368
f 326/378/369 365/418/369 327/381/369
f 314/382/370 351/416/370 352/419/370
f 340/380/371 379/420/371 341/383/371
f 328/384/372 365/418/372 366/421/372
f 314/382/373 353/422/373 315/385/373
f 341/383/374 380/423/374 342/386/374
f 329/387/375 366/421/375 367/424/375
f 316/388/376 353/422/376 354/425/376
f 342/386/377 381/426/377 343/389/377
f 329/387/378 368/427/378 330/390/378
f 316/388/379 355/428/379 317/391/379
f 343/389/380 382/429/380 344/392/380
f 330/390/381 369/430/381 331/393/381
f 318/394/382 355/428/382 356/431/382
f 344/392/383 383/432/383 345/395/383
f 331/393/384 370/433/384 332/396/384
f 319/359/385 356/431/385 357/434/385
f 1866/435/386 345/395/386 383/432/386
f 333/398/387 370/433/387 371/436/387
f 319/359/388 358/437/388 320/360/388
f 334/361/389 371/436/389 372/438/389
f 320/360/390 359/402/390 321/362/390
f 373/401/391 412/439/391 374/405/391
f 361/406/392 398/440/392 399/441/392
f 347/404/393 386/442/393 348/407/393
f 375/408/394 412/439/394 413/443/394
f 362/409/395 399/441/395 400/444/395
f 348/407/396 387/445/396 349/410/396
f 375/408/397 414/446/397 376/411/397
f 362/409/398 401/447/398 363/412/398
f 350/413/399 387/445/399 388/448/399
f 377/414/400 414/446/400 415/449/400
f 363/412/401 402/450/401 364/415/401
f 350/413/402 389/451/402 351/416/402
f 377/414/403 416/452/403 378/417/403
f 364/415/404 403/453/404 365/418/404
f 352/419/405 389/451/405 390/454/405
f 378/417/406 417/455/406 379/420/406
f 366/421/407 403/453/407 404/456/407
f 352/419/408 391/457/408 353/422/408
f 379/420/409 418/458/409 380/423/409
f 367/424/410 404/456/410 405/459/410
f 354/425/411 391/457/411 392/460/411
f 380/423/412 419/461/412 381/426/412
f 367/424/413 406/462/413 368/427/413
f 354/425/414 393/463/414 355/428/414
f 381/426/415 420/464/415 382/429/415
f 368/427/416 407/465/416 369/430/416
f 355/428/417 394/466/417 356/431/417
f 382/429/418 421/467/418 383/432/418
f 369/430/419 408/468/419 370/433/419
f 357/434/420 394/466/420 395/469/420
f 1866/470/421 383/432/421 421/467/421
f 371/436/422 408/468/422 409/471/422
f 358/437/423 395/469/423 396/472/423
f 371/436/424 410/473/424 372/438/424
f 358/437/425 397/474/425 359/402/425
f 346/400/426 2171/475/426 384/476/426
f 372/438/427 411/477/427 373/401/427
f 359/402/428 398/440/428 360/403/428
f 346/400/429 385/478/429 347/404/429
f 400/444/430 437/479/430 438/480/430
f 386/442/431 425/481/431 387/445/431
f 414/446/432 451/482/432 452/483/432
f 400/444/433 439/484/433 401/447/433
f 387/445/434 426/485/434 388/448/434
f 415/449/435 452/483/435 453/486/435
f 401/447/436 440/487/436 402/450/436
f 389/451/437 426/485/437 427/488/437
f 415/449/438 454/489/438 416/452/438
f 402/450/439 441/490/439 403/453/439
f 390/454/440 427/488/440 428/491/440
f 416/452/441 455/492/441 417/455/441
f 404/456/442 441/490/442 442/493/442
f 390/454/443 429/494/443 391/457/443
f 417/455/444 456/495/444 418/458/444
f 405/459/445 442/493/445 443/496/445
f 392/460/446 429/494/446 430/497/446
f 419/461/447 456/495/447 457/498/447
f 405/459/448 444/499/448 406/462/448
f 392/460/449 431/500/449 393/463/449
f 419/461/450 458/501/450 420/464/450
f 407/465/451 444/499/451 445/502/451
f 393/463/452 432/503/452 394/466/452
f 420/464/453 459/504/453 421/467/453
f 408/468/454 445/502/454 446/505/454
f 395/469/455 432/503/455 433/506/455
f 1866/507/456 421/467/456 459/504/456
f 409/471/457 446/505/457 447/508/457
f 396/472/458 433/506/458 434/509/458
f 409/471/459 448/510/459 410/473/459
f 396/472/460 435/511/460 397/474/460
f 384/476/461 2171/512/461 422/513/461
f 410/473/462 449/514/462 411/477/462
f 397/474/463 436/515/463 398/440/463
f 384/476/464 423/516/464 385/478/464
f 412/439/465 449/514/465 450/517/465
f 398/440/466 437/479/466 399/441/466
f 386/442/467 423/516/467 424/518/467
f 413/443/468 450/517/468 451/482/468
f 426/485/469 463/519/469 464/520/469
f 453/486/470 490/521/470 491/522/470
f 439/484/471 478/523/471 440/487/471
f 427/488/472 464/520/472 465/524/472
f 453/486/473 492/525/473 454/489/473
f 440/487/474 479/526/474 441/490/474
f 428/491/475 465/524/475 466/527/475
f 454/489/476 493/528/476 455/492/476
f 442/493/477 479/526/477 480/529/477
f 428/491/478 467/530/478 429/494/478
f 455/492/479 494/531/479 456/495/479
f 443/496/480 480/529/480 481/532/480
f 430/497/481 467/530/481 468/533/481
f 457/498/482 494/531/482 495/534/482
f 443/496/483 482/535/483 444/499/483
f 431/500/484 468/533/484 469/536/484
f 457/498/485 496/537/485 458/501/485
f 445/502/486 482/535/486 483/538/486
f 432/503/487 469/536/487 470/539/487
f 458/501/488 497/540/488 459/504/488
f 446/505/489 483/538/489 484/541/489
f 433/506/490 470/539/490 471/542/490
f 1866/543/491 459/504/491 497/540/491
f 446/505/492 485/544/492 447/508/492
f 434/509/493 471/542/493 472/545/493
f 447/508/494 486/546/494 448/510/494
f 434/509/495 473/547/495 435/511/495
f 422/513/496 2171/548/496 460/549/496
f 448/510/497 487/550/497 449/514/497
f 435/511/498 474/551/498 436/515/498
f 422/513/499 461/552/499 423/516/499
f 449/514/500 488/553/500 450/517/500
f 436/515/501 475/554/501 437/479/501
f 424/518/502 461/552/502 462/555/502
f 451/482/503 488/553/503 489/556/503
f 438/480/504 475/554/504 476/557/504
f 424/518/505 463/519/505 425/481/505
f 451/482/506 490/521/506 452/483/506
f 438/480/507 477/558/507 439/484/507
f 478/523/508 517/559/508 479/526/508
f 466/527/509 503/560/509 504/561/509
f 492/525/510 531/562/510 493/528/510
f 480/529/511 517/559/511 518/563/511
f 466/527/512 505/564/512 467/530/512
f 493/528/513 532/565/513 494/531/513
f 481/532/514 518/563/514 519/566/514
f 467/530/515 506/567/515 468/533/515
f 494/531/516 533/568/516 495/534/516
f 481/532/517 520/569/517 482/535/517
f 468/533/518 507/570/518 469/536/518
f 495/534/519 534/571/519 496/537/519
f 483/538/520 520/569/520 521/572/520
f 469/536/521 508/573/521 470/539/521
f 497/540/522 534/571/522 535/574/522
f 484/541/523 521/572/523 522/575/523
f 471/542/524 508/573/524 509/576/524
f 1866/577/525 497/540/525 535/574/525
f 485/544/526 522/575/526 523/578/526
f 472/545/527 509/576/527 510/579/527
f 485/544/528 524/580/528 486/546/528
f 472/545/529 511/581/529 473/547/529
f 460/549/530 2171/582/530 498/583/530
f 486/546/531 525/584/531 487/550/531
f 473/547/532 512/585/532 474/551/532
f 460/549/533 499/586/533 461/552/533
f 488/553/534 525/584/534 526/587/534
f 474/551/535 513/588/535 475/554/535
f 461/552/536 500/589/536 462/555/536
f 489/556/537 526/587/537 527/590/537
f 476/557/538 513/588/538 514/591/538
f 462/555/539 501/592/539 463/519/539
f 489/556/540 528/593/540 490/521/540
f 476/557/541 515/594/541 477/558/541
f 463/519/542 502/595/542 464/520/542
f 491/522/543 528/593/543 529/596/543
f 477/558/544 516/597/544 478/523/544
f 464/520/545 503/560/545 465/524/545
f 491/522/546 530/598/546 492/525/546
f 504/561/547 543/599/547 505/564/547
f 532/565/548 569/600/548 570/601/548
f 519/566/549 556/602/549 557/603/549
f 506/567/550 543/599/550 544/604/550
f 532/565/551 571/605/551 533/568/551
f 519/566/552 558/606/552 520/569/552
f 507/570/553 544/604/553 545/607/553
f 533/568/554 572/608/554 534/571/554
f 521/572/555 558/606/555 559/609/555
f 507/570/556 546/610/556 508/573/556
f 534/571/557 573/611/557 535/574/557
f 521/572/558 560/612/558 522/575/558
f 509/576/559 546/610/559 547/613/559
f 1866/614/560 535/574/560 573/611/560
f 523/578/561 560/612/561 561/615/561
f 509/576/562 548/616/562 510/579/562
f 524/580/563 561/615/563 562/617/563
f 510/579/564 549/618/564 511/581/564
f 498/583/565 2171/619/565 536/620/565
f 524/580/566 563/621/566 525/584/566
f 512/585/567 549/618/567 550/622/567
f 498/583/568 537/623/568 499/586/568
f 526/587/569 563/621/569 564/624/569
f 512/585/570 551/625/570 513/588/570
f 500/589/571 537/623/571 538/626/571
f 526/587/572 565/627/572 527/590/572
f 514/591/573 551/625/573 552/628/573
f 500/589/574 539/629/574 501/592/574
f 527/590/575 566/630/575 528/593/575
f 514/591/576 553/631/576 515/594/576
f 501/592/577 540/632/577 502/595/577
f 529/596/578 566/630/578 567/633/578
f 515/594/579 554/634/579 516/597/579
f 503/560/580 540/632/580 541/635/580
f 529/596/581 568/636/581 530/598/581
f 516/597/582 555/637/582 517/559/582
f 504/561/583 541/635/583 542/638/583
f 530/598/584 569/600/584 531/562/584
f 518/563/585 555/637/585 556/602/585
f 571/605/586 608/639/586 609/640/586
f 557/603/587 596/641/587 558/606/587
f 544/604/588 583/642/588 545/607/588
f 571/605/589 610/643/589 572/608/589
f 559/609/590 596/641/590 597/644/590
f 545/607/591 584/645/591 546/610/591
f 572/608/592 611/646/592 573/611/592
f 559/609/593 598/647/593 560/612/593
f 547/613/594 584/645/594 585/648/594
f 1866/649/595 573/611/595 611/646/595
f 561/615/596 598/647/596 599/650/596
f 547/613/597 586/651/597 548/616/597
f 561/615/598 600/652/598 562/617/598
f 548/616/599 587/653/599 549/618/599
f 536/620/600 2171/654/600 574/655/600
f 562/617/601 601/656/601 563/621/601
f 550/622/602 587/653/602 588/657/602
f 537/623/603 574/655/603 575/658/603
f 564/624/604 601/656/604 602/659/604
f 550/622/605 589/660/605 551/625/605
f 538/626/606 575/658/606 576/661/606
f 565/627/607 602/659/607 603/662/607
f 552/628/608 589/660/608 590/663/608
f 538/626/609 577/664/609 539/629/609
f 565/627/610 604/665/610 566/630/610
f 552/628/611 591/666/611 553/631/611
f 540/632/612 577/664/612 578/667/612
f 567/633/613 604/665/613 605/668/613
f 554/634/614 591/666/614 592/669/614
f 541/635/615 578/667/615 579/670/615
f 567/633/616 606/671/616 568/636/616
f 554/634/617 593/672/617 555/637/617
f 542/638/618 579/670/618 580/673/618
f 569/600/619 606/671/619 607/674/619
f 555/637/620 594/675/620 556/602/620
f 542/638/621 581/676/621 543/599/621
f 569/600/622 608/639/622 570/601/622
f 557/603/623 594/675/623 595/677/623
f 544/604/624 581/676/624 582/678/624
f 597/644/625 634/679/625 635/680/625
f 584/645/626 621/681/626 622/682/626
f 610/643/627 649/683/627 611/646/627
f 597/644/628 636/684/628 598/647/628
f 585/648/629 622/682/629 623/685/629
f 1866/686/630 611/646/630 649/683/630
f 598/647/631 637/687/631 599/650/631
f 586/651/632 623/685/632 624/688/632
f 599/650/633 638/689/633 600/652/633
f 587/653/634 624/688/634 625/690/634
f 574/655/635 2171/691/635 612/692/635
f 600/652/636 639/693/636 601/656/636
f 588/657/637 625/690/637 626/694/637
f 574/655/638 613/695/638 575/658/638
f 601/656/639 640/696/639 602/659/639
f 588/657/640 627/697/640 589/660/640
f 576/661/641 613/695/641 614/698/641
f 603/662/642 640/696/642 641/699/642
f 590/663/643 627/697/643 628/700/643
f 577/664/644 614/698/644 615/701/644
f 603/662/645 642/702/645 604/665/645
f 590/663/646 629/703/646 591/666/646
f 578/667/647 615/701/647 616/704/647
f 605/668/648 642/702/648 643/705/648
f 591/666/649 630/706/649 592/669/649
f 579/670/650 616/704/650 617/707/650
f 605/668/651 644/708/651 606/671/651
f 592/669/652 631/709/652 593/672/652
f 580/673/653 617/707/653 618/710/653
f 606/671/654 645/711/654 607/674/654
f 593/672/655 632/712/655 594/675/655
f 580/673/656 619/713/656 581/676/656
f 607/674/657 646/714/657 608/639/657
f 595/677/658 632/712/658 633/715/658
f 582/678/659 619/713/659 620/716/659
f 608/639/660 647/717/660 609/640/660
f 595/677/661 634/679/661 596/641/661
f 582/678/662 621/681/662 583/642/662
f 609/640/663 648/718/663 610/643/663
f 623/685/664 660/719/664 661/720/664
f 1866/721/665 649/683/665 687/722/665
f 637/687/666 674/723/666 675/724/666
f 624/688/667 661/720/667 662/725/667
f 637/687/668 676/726/668 638/689/668
f 624/688/669 663/727/669 625/690/669
f 612/692/670 2171/728/670 650/729/670
f 638/689/671 677/730/671 639/693/671
f 626/694/672 663/727/672 664/731/672
f 612/692/673 651/732/673 613/695/673
f 639/693/674 678/733/674 640/696/674
f 626/694/675 665/734/675 627/697/675
f 613/695/676 652/735/676 614/698/676
f 640/696/677 679/736/677 641/699/677
f 628/700/678 665/734/678 666/737/678
f 614/698/679 653/738/679 615/701/679
f 641/699/680 680/739/680 642/702/680
f 628/700/681 667/740/681 629/703/681
f 616/704/682 653/738/682 654/741/682
f 643/705/683 680/739/683 681/742/683
f 629/703/684 668/743/684 630/706/684
f 617/707/685 654/741/685 655/744/685
f 643/705/686 682/745/686 644/708/686
f 630/706/687 669/746/687 631/709/687
f 618/710/688 655/744/688 656/747/688
f 644/708/689 683/748/689 645/711/689
f 632/712/690 669/746/690 670/749/690
f 618/710/691 657/750/691 619/713/691
f 645/711/692 684/751/692 646/714/692
f 633/715/693 670/749/693 671/752/693
f 620/716/694 657/750/694 658/753/694
f 647/717/695 684/751/695 685/754/695
f 633/715/696 672/755/696 634/679/696
f 620/716/697 659/756/697 621/681/697
f 647/717/698 686/757/698 648/718/698
f 635/680/699 672/755/699 673/758/699
f 621/681/700 660/719/700 622/682/700
f 648/718/701 687/722/701 649/683/701
f 635/680/702 674/723/702 636/684/702
f 675/724/703 714/759/703 676/726/703
f 662/725/704 701/760/704 663/727/704
f 650/729/705 2171/761/705 688/762/705
f 676/726/706 715/763/706 677/730/706
f 664/731/707 701/760/707 702/764/707
f 650/729/708 689/765/708 651/732/708
f 677/730/709 716/766/709 678/733/709
f 664/731/710 703/767/710 665/734/710
f 652/735/711 689/765/711 690/768/711
f 678/733/712 717/769/712 679/736/712
f 666/737/713 703/767/713 704/770/713
f 653/738/714 690/768/714 691/771/714
f 679/736/715 718/772/715 680/739/715
f 666/737/716 705/773/716 667/740/716
f 654/741/717 691/771/717 692/774/717
f 681/742/718 718/772/718 719/775/718
f 667/740/719 706/776/719 668/743/719
f 655/744/720 692/774/720 693/777/720
f 681/742/721 720/778/721 682/745/721
f 668/743/722 707/779/722 669/746/722
f 656/747/723 693/777/723 694/780/723
f 682/745/724 721/781/724 683/748/724
f 670/749/725 707/779/725 708/782/725
f 656/747/726 695/783/726 657/750/726
f 683/748/727 722/784/727 684/751/727
f 671/752/728 708/782/728 709/785/728
f 658/753/729 695/783/729 696/786/729
f 684/751/730 723/787/730 685/754/730
f 671/752/731 710/788/731 672/755/731
f 658/753/732 697/789/732 659/756/732
f 685/754/733 724/790/733 686/757/733
f 673/758/734 710/788/734 711/791/734
f 659/756/735 698/792/735 660/719/735
f 686/757/736 725/793/736 687/722/736
f 673/758/737 712/794/737 674/723/737
f 661/720/738 698/792/738 699/795/738
f 1866/796/739 687/722/739 725/793/739
f 675/724/740 712/794/740 713/797/740
f 661/720/741 700/798/741 662/725/741
f 702/764/742 739/799/742 740/800/742
f 688/762/743 727/801/743 689/765/743
f 715/763/744 754/802/744 716/766/744
f 702/764/745 741/803/745 703/767/745
f 689/765/746 728/804/746 690/768/746
f 716/766/747 755/805/747 717/769/747
f 704/770/748 741/803/748 742/806/748
f 691/771/749 728/804/749 729/807/749
f 717/769/750 756/808/750 718/772/750
f 704/770/751 743/809/751 705/773/751
f 692/774/752 729/807/752 730/810/752
f 719/775/753 756/808/753 757/811/753
f 705/773/754 744/812/754 706/776/754
f 692/774/755 731/813/755 693/777/755
f 719/775/756 758/814/756 720/778/756
f 706/776/757 745/815/757 707/779/757
f 694/780/758 731/813/758 732/816/758
f 720/778/759 759/817/759 721/781/759
f 708/782/760 745/815/760 746/818/760
f 694/780/761 733/819/761 695/783/761
f 721/781/762 760/820/762 722/784/762
f 709/785/763 746/818/763 747/821/763
f 696/786/764 733/819/764 734/822/764
f 722/784/765 761/823/765 723/787/765
f 709/785/766 748/824/766 710/788/766
f 696/786/767 735/825/767 697/789/767
f 723/787/768 762/826/768 724/790/768
f 710/788/769 749/827/769 711/791/769
f 697/789/770 736/828/770 698/792/770
f 725/793/771 762/826/771 763/829/771
f 711/791/772 750/830/772 712/794/772
f 699/795/773 736/828/773 737/831/773
f 1866/832/774 725/793/774 763/829/774
f 713/797/775 750/830/775 751/833/775
f 700/798/776 737/831/776 738/834/776
f 713/797/777 752/835/777 714/759/777
f 700/798/778 739/799/778 701/760/778
f 688/762/779 2171/836/779 726/837/779
f 714/759/780 753/838/780 715/763/780
f 727/801/781 766/839/781 728/804/781
f 755/805/782 792/840/782 793/841/782
f 742/806/783 779/842/783 780/843/783
f 729/807/784 766/839/784 767/844/784
f 755/805/785 794/845/785 756/808/785
f 742/806/786 781/846/786 743/809/786
f 730/810/787 767/844/787 768/847/787
f 757/811/788 794/845/788 795/848/788
f 743/809/789 782/849/789 744/812/789
f 730/810/790 769/850/790 731/813/790
f 757/811/791 796/851/791 758/814/791
f 744/812/792 783/852/792 745/815/792
f 732/816/793 769/850/793 770/853/793
f 759/817/794 796/851/794 797/854/794
f 746/818/795 783/852/795 784/855/795
f 732/816/796 771/856/796 733/819/796
f 760/820/797 797/854/797 798/857/797
f 747/821/798 784/855/798 785/858/798
f 733/819/799 772/859/799 734/822/799
f 760/820/800 799/860/800 761/823/800
f 747/821/801 786/861/801 748/824/801
f 734/822/802 773/862/802 735/825/802
f 761/823/803 800/863/803 762/826/803
f 749/827/804 786/861/804 787/864/804
f 735/825/805 774/865/805 736/828/805
f 762/826/806 801/866/806 763/829/806
f 749/827/807 788/867/807 750/830/807
f 737/831/808 774/865/808 775/868/808
f 1866/869/809 763/829/809 801/866/809
f 751/833/810 788/867/810 789/870/810
f 737/831/811 776/871/811 738/834/811
f 751/833/812 790/872/812 752/835/812
f 738/834/813 777/873/813 739/799/813
f 726/837/814 2171/874/814 764/875/814
f 752/835/815 791/876/815 753/838/815
f 740/800/816 777/873/816 778/877/816
f 727/801/817 764/875/817 765/878/817
f 753/838/818 792/840/818 754/802/818
f 740/800/819 779/842/819 741/803/819
f 786/861/820 825/879/820 787/864/820
f 780/843/821 819/880/821 781/846/821
f 801/866/822 838/881/822 839/882/822
f 767/844/823 806/883/823 768/847/823
f 787/864/824 826/884/824 788/867/824
f 781/846/825 820/885/825 782/849/825
f 1866/886/826 801/866/826 839/882/826
f 769/850/827 806/883/827 807/887/827
f 789/870/828 826/884/828 827/888/828
f 770/853/829 807/887/829 808/889/829
f 789/870/830 828/890/830 790/872/830
f 770/853/831 809/891/831 771/856/831
f 790/872/832 829/892/832 791/876/832
f 772/859/833 809/891/833 810/893/833
f 791/876/834 830/894/834 792/840/834
f 772/859/835 811/895/835 773/862/835
f 793/841/836 830/894/836 831/896/836
f 773/862/837 812/897/837 774/865/837
f 793/841/838 832/898/838 794/845/838
f 775/868/839 812/897/839 813/899/839
f 795/848/840 832/898/840 833/900/840
f 776/871/841 813/899/841 814/901/841
f 795/848/842 834/902/842 796/851/842
f 782/849/843 821/903/843 783/852/843
f 776/871/844 815/904/844 777/873/844
f 796/851/845 835/905/845 797/854/845
f 764/875/846 2171/906/846 802/907/846
f 784/855/847 821/903/847 822/908/847
f 778/877/848 815/904/848 816/909/848
f 797/854/849 836/910/849 798/857/849
f 764/875/850 803/911/850 765/878/850
f 785/858/851 822/908/851 823/912/851
f 778/877/852 817/913/852 779/842/852
f 798/857/853 837/914/853 799/860/853
f 766/839/854 803/911/854 804/915/854
f 785/858/855 824/916/855 786/861/855
f 780/843/856 817/913/856 818/917/856
f 799/860/857 838/881/857 800/863/857
f 766/839/858 805/918/858 767/844/858
f 813/899/859 850/919/859 851/920/859
f 1866/921/860 839/882/860 877/922/860
f 827/888/861 864/923/861 865/924/861
f 814/901/862 851/920/862 852/925/862
f 827/888/863 866/926/863 828/890/863
f 814/901/864 853/927/864 815/904/864
f 802/907/865 2171/928/865 840/929/865
f 828/890/866 867/930/866 829/892/866
f 816/909/867 853/927/867 854/931/867
f 802/907/868 841/932/868 803/911/868
f 829/892/869 868/933/869 830/894/869
f 816/909/870 855/934/870 817/913/870
f 803/911/871 842/935/871 804/915/871
f 830/894/872 869/936/872 831/896/872
f 818/917/873 855/934/873 856/937/873
f 804/915/874 843/938/874 805/918/874
f 831/896/875 870/939/875 832/898/875
f 818/917/876 857/940/876 819/880/876
f 806/883/877 843/938/877 844/941/877
f 833/900/878 870/939/878 871/942/878
f 819/880/879 858/943/879 820/885/879
f 807/887/880 844/941/880 845/944/880
f 833/900/881 872/945/881 834/902/881
f 820/885/882 859/946/882 821/903/882
f 808/889/883 845/944/883 846/947/883
f 834/902/884 873/948/884 835/905/884
f 822/908/885 859/946/885 860/949/885
f 808/889/886 847/950/886 809/891/886
f 835/905/887 874/951/887 836/910/887
f 823/912/888 860/949/888 861/952/888
f 810/893/889 847/950/889 848/953/889
f 837/914/890 874/951/890 875/954/890
f 823/912/891 862/955/891 824/916/891
f 810/893/892 849/956/892 811/895/892
f 837/914/893 876/957/893 838/881/893
f 825/879/894 862/955/894 863/958/894
f 811/895/895 850/919/895 812/897/895
f 838/881/896 877/922/896 839/882/896
f 825/879/897 864/923/897 826/884/897
f 865/924/898 904/959/898 866/926/898
f 852/925/899 891/960/899 853/927/899
f 840/929/900 2171/961/900 878/962/900
f 866/926/901 905/963/901 867/930/901
f 854/931/902 891/960/902 892/964/902
f 840/929/903 879/965/903 841/932/903
f 867/930/904 906/966/904 868/933/904
f 854/931/905 893/967/905 855/934/905
f 841/932/906 880/968/906 842/935/906
f 869/936/907 906/966/907 907/969/907
f 856/937/908 893/967/908 894/970/908
f 843/938/909 880/968/909 881/971/909
f 869/936/910 908/972/910 870/939/910
f 856/937/911 895/973/911 857/940/911
f 844/941/912 881/971/912 882/974/912
f 871/942/913 908/972/913 909/975/913
f 857/940/914 896/976/914 858/943/914
f 845/944/915 882/974/915 883/977/915
f 871/942/916 910/978/916 872/945/916
f 858/943/917 897/979/917 859/946/917
f 846/947/918 883/977/918 884/980/918
f 872/945/919 911/981/919 873/948/919
f 860/949/920 897/979/920 898/982/920
f 846/947/921 885/983/921 847/950/921
f 873/948/922 912/984/922 874/951/922
f 861/952/923 898/982/923 899/985/923
f 848/953/924 885/983/924 886/986/924
f 874/951/925 913/987/925 875/954/925
f 861/952/926 900/988/926 862/955/926
f 848/953/927 887/989/927 849/956/927
f 875/954/928 914/990/928 876/957/928
f 863/958/929 900/988/929 901/991/929
f 849/956/930 888/992/930 850/919/930
f 876/957/931 915/993/931 877/922/931
f 863/958/932 902/994/932 864/923/932
f 851/920/933 888/992/933 889/995/933
f 1866/996/934 877/922/934 915/993/934
f 865/924/935 902/994/935 903/997/935
f 852/925/936 889/995/936 890/998/936
f 892/964/937 929/999/937 930/1000/937
f 878/962/938 917/1001/938 879/965/938
f 906/966/939 943/1002/939 944/1003/939
f 892/964/940 931/1004/940 893/967/940
f 880/968/941 917/1001/941 918/1005/941
f 907/969/942 944/1003/942 945/1006/942
f 894/970/943 931/1004/943 932/1007/943
f 881/971/944 918/1005/944 919/1008/944
f 907/969/945 946/1009/945 908/972/945
f 894/970/946 933/1010/946 895/973/946
f 882/974/947 919/1008/947 920/1011/947
f 909/975/948 946/1009/948 947/1012/948
f 895/973/949 934/1013/949 896/976/949
f 883/977/950 920/1011/950 921/1014/950
f 909/975/951 948/1015/951 910/978/951
f 896/976/952 935/1016/952 897/979/952
f 884/980/953 921/1014/953 922/1017/953
f 910/978/954 949/1018/954 911/981/954
f 898/982/955 935/1016/955 936/1019/955
f 884/980/956 923/1020/956 885/983/956
f 912/984/957 949/1018/957 950/1021/957
f 899/985/958 936/1019/958 937/1022/958
f 886/986/959 923/1020/959 924/1023/959
f 912/984/960 951/1024/960 913/987/960
f 899/985/961 938/1025/961 900/988/961
f 886/986/962 925/1026/962 887/989/962
f 913/987/963 952/1027/963 914/990/963
f 901/991/964 938/1025/964 939/1028/964
f 887/989/965 926/1029/965 888/992/965
f 915/993/966 952/1027/966 953/1030/966
f 901/991/967 940/1031/967 902/994/967
f 889/995/968 926/1029/968 927/1032/968
f 1866/1033/969 915/993/969 953/1030/969
f 903/997/970 940/1031/970 941/1034/970
f 889/995/971 928/1035/971 890/998/971
f 904/959/972 941/1034/972 942/1036/972
f 890/998/973 929/999/973 891/960/973
f 878/962/974 2171/1037/974 916/1038/974
f 904/959/975 943/1002/975 905/963/975
f 918/1005/976 955/1039/976 956/1040/976
f 945/1006/977 982/1041/977 983/1042/977
f 932/1007/978 969/1043/978 970/1044/978
f 918/1005/979 957/1045/979 919/1008/979
f 945/1006/980 984/1046/980 946/1009/980
f 932/1007/981 971/1047/981 933/1010/981
f 920/1011/982 957/1045/982 958/1048/982
f 947/1012/983 984/1046/983 985/1049/983
f 933/1010/984 972/1050/984 934/1013/984
f 921/1014/985 958/1048/985 959/1051/985
f 947/1012/986 986/1052/986 948/1015/986
f 934/1013/987 973/1053/987 935/1016/987
f 922/1017/988 959/1051/988 960/1054/988
f 948/1015/989 987/1055/989 949/1018/989
f 936/1019/990 973/1053/990 974/1056/990
f 922/1017/991 961/1057/991 923/1020/991
f 949/1018/992 988/1058/992 950/1021/992
f 937/1022/993 974/1056/993 975/1059/993
f 924/1023/994 961/1057/994 962/1060/994
f 950/1021/995 989/1061/995 951/1024/995
f 937/1022/996 976/1062/996 938/1025/996
f 925/1026/997 962/1060/997 963/1063/997
f 951/1024/998 990/1064/998 952/1027/998
f 939/1028/999 976/1062/999 977/1065/999
f 925/1026/1000 964/1066/1000 926/1029/1000
f 952/1027/1001 991/1067/1001 953/1030/1001
f 939/1028/1002 978/1068/1002 940/1031/1002
f 927/1032/1003 964/1066/1003 965/1069/1003
f 1866/1070/1004 953/1030/1004 991/1067/1004
f 941/1034/1005 978/1068/1005 979/1071/1005
f 927/1032/1006 966/1072/1006 928/1035/1006
f 942/1036/1007 979/1071/1007 980/1073/1007
f 928/1035/1008 967/1074/1008 929/999/1008
f 916/1038/1009 2171/1075/1009 954/1076/1009
f 942/1036/1010 981/1077/1010 943/1002/1010
f 930/1000/1011 967/1074/1011 968/1078/1011
f 916/1038/1012 955/1039/1012 917/1001/1012
f 943/1002/1013 982/1041/1013 944/1003/1013
f 930/1000/1014 969/1043/1014 931/1004/1014
f 983/1042/1015 1022/1079/1015 984/1046/1015
f 970/1044/1016 1009/1080/1016 971/1047/1016
f 957/1045/1017 996/1081/1017 958/1048/1017
f 985/1049/1018 1022/1079/1018 1023/1082/1018
f 971/1047/1019 1010/1083/1019 972/1050/1019
f 959/1051/1020 996/1081/1020 997/1084/1020
f 985/1049/1021 1024/1085/1021 986/1052/1021
f 972/1050/1022 1011/1086/1022 973/1053/1022
f 960/1054/1023 997/1084/1023 998/1087/1023
f 986/1052/1024 1025/1088/1024 987/1055/1024
f 974/1056/1025 1011/1086/1025 1012/1089/1025
f 960/1054/1026 999/1090/1026 961/1057/1026
f 987/1055/1027 1026/1091/1027 988/1058/1027
f 975/1059/1028 1012/1089/1028 1013/1092/1028
f 962/1060/1029 999/1090/1029 1000/1093/1029
f 989/1061/1030 1026/1091/1030 1027/1094/1030
f 975/1059/1031 1014/1095/1031 976/1062/1031
f 962/1060/1032 1001/1096/1032 963/1063/1032
f 989/1061/1033 1028/1097/1033 990/1064/1033
f 977/1065/1034 1014/1095/1034 1015/1098/1034
f 963/1063/1035 1002/1099/1035 964/1066/1035
f 990/1064/1036 1029/1100/1036 991/1067/1036
f 977/1065/1037 1016/1101/1037 978/1068/1037
f 965/1069/1038 1002/1099/1038 1003/1102/1038
f 1866/1103/1039 991/1067/1039 1029/1100/1039
f 979/1071/1040 1016/1101/1040 1017/1104/1040
f 965/1069/1041 1004/1105/1041 966/1072/1041
f 980/1073/1042 1017/1104/1042 1018/1106/1042
f 966/1072/1043 1005/1107/1043 967/1074/1043
f 954/1076/1044 2171/1108/1044 992/1109/1044
f 980/1073/1045 1019/1110/1045 981/1077/1045
f 968/1078/1046 1005/1107/1046 1006/1111/1046
f 955/1039/1047 992/1109/1047 993/1112/1047
f 982/1041/1048 1019/1110/1048 1020/1113/1048
f 968/1078/1049 1007/1114/1049 969/1043/1049
f 956/1040/1050 993/1112/1050 994/1115/1050
f 983/1042/1051 1020/1113/1051 1021/1116/1051
f 970/1044/1052 1007/1114/1052 1008/1117/1052
f 956/1040/1053 995/1118/1053 957/1045/1053
f 1009/1080/1054 1048/1119/1054 1010/1083/1054
f 996/1081/1055 1035/1120/1055 997/1084/1055
f 1023/1082/1056 1062/1121/1056 1024/1085/1056
f 1010/1083/1057 1049/1122/1057 1011/1086/1057
f 998/1087/1058 1035/1120/1058 1036/1123/1058
f 1024/1085/1059 1063/1124/1059 1025/1088/1059
f 1012/1089/1060 1049/1122/1060 1050/1125/1060
f 998/1087/1061 1037/1126/1061 999/1090/1061
f 1025/1088/1062 1064/1127/1062 1026/1091/1062
f 1013/1092/1063 1050/1125/1063 1051/1128/1063
f 1000/1093/1064 1037/1126/1064 1038/1129/1064
f 1026/1091/1065 1065/1130/1065 1027/1094/1065
f 1013/1092/1066 1052/1131/1066 1014/1095/1066
f 1000/1093/1067 1039/1132/1067 1001/1096/1067
f 1027/1094/1068 1066/1133/1068 1028/1097/1068
f 1015/1098/1069 1052/1131/1069 1053/1134/1069
f 1002/1099/1070 1039/1132/1070 1040/1135/1070
f 1028/1097/1071 1067/1136/1071 1029/1100/1071
f 1015/1098/1072 1054/1137/1072 1016/1101/1072
f 1003/1102/1073 1040/1135/1073 1041/1138/1073
f 1866/1139/1074 1029/1100/1074 1067/1136/1074
f 1017/1104/1075 1054/1137/1075 1055/1140/1075
f 1003/1102/1076 1042/1141/1076 1004/1105/1076
f 1017/1104/1077 1056/1142/1077 1018/1106/1077
f 1004/1105/1078 1043/1143/1078 1005/1107/1078
f 992/1109/1079 2171/1144/1079 1030/1145/1079
f 1018/1106/1080 1057/1146/1080 1019/1110/1080
f 1006/1111/1081 1043/1143/1081 1044/1147/1081
f 993/1112/1082 1030/1145/1082 1031/1148/1082
f 1019/1110/1083 1058/1149/1083 1020/1113/1083
f 1006/1111/1084 1045/1150/1084 1007/1114/1084
f 994/1115/1085 1031/1148/1085 1032/1151/1085
f 1021/1116/1086 1058/1149/1086 1059/1152/1086
f 1008/1117/1087 1045/1150/1087 1046/1153/1087
f 994/1115/1088 1033/1154/1088 995/1118/1088
f 1021/1116/1089 1060/1155/1089 1022/1079/1089
f 1008/1117/1090 1047/1156/1090 1009/1080/1090
f 996/1081/1091 1033/1154/1091 1034/1157/1091
f 1023/1082/1092 1060/1155/1092 1061/1158/1092
f 1036/1123/1093 1073/1159/1093 1074/1160/1093
f 1062/1121/1094 1101/1161/1094 1063/1124/1094
f 1050/1125/1095 1087/1162/1095 1088/1163/1095
f 1036/1123/1096 1075/1164/1096 1037/1126/1096
f 1063/1124/1097 1102/1165/1097 1064/1127/1097
f 1051/1128/1098 1088/1163/1098 1089/1166/1098
f 1038/1129/1099 1075/1164/1099 1076/1167/1099
f 1064/1127/1100 1103/1168/1100 1065/1130/1100
f 1051/1128/1101 1090/1169/1101 1052/1131/1101
f 1038/1129/1102 1077/1170/1102 1039/1132/1102
f 1065/1130/1103 1104/1171/1103 1066/1133/1103
f 1053/1134/1104 1090/1169/1104 1091/1172/1104
f 1040/1135/1105 1077/1170/1105 1078/1173/1105
f 1067/1136/1106 1104/1171/1106 1105/1174/1106
f 1053/1134/1107 1092/1175/1107 1054/1137/1107
f 1041/1138/1108 1078/1173/1108 1079/1176/1108
f 1866/1177/1109 1067/1136/1109 1105/1174/1109
f 1055/1140/1110 1092/1175/1110 1093/1178/1110
f 1041/1138/1111 1080/1179/1111 1042/1141/1111
f 1055/1140/1112 1094/1180/1112 1056/1142/1112
f 1042/1141/1113 1081/1181/1113 1043/1143/1113
f 1030/1145/1114 2171/1182/1114 1068/1183/1114
f 1056/1142/1115 1095/1184/1115 1057/1146/1115
f 1044/1147/1116 1081/1181/1116 1082/1185/1116
f 1030/1145/1117 1069/1186/1117 1031/1148/1117
f 1057/1146/1118 1096/1187/1118 1058/1149/1118
f 1044/1147/1119 1083/1188/1119 1045/1150/1119
f 1032/1151/1120 1069/1186/1120 1070/1189/1120
f 1059/1152/1121 1096/1187/1121 1097/1190/1121
f 1046/1153/1122 1083/1188/1122 1084/1191/1122
f 1033/1154/1123 1070/1189/1123 1071/1192/1123
f 1059/1152/1124 1098/1193/1124 1060/1155/1124
f 1046/1153/1125 1085/1194/1125 1047/1156/1125
f 1033/1154/1126 1072/1195/1126 1034/1157/1126
f 1061/1158/1127 1098/1193/1127 1099/1196/1127
f 1047/1156/1128 1086/1197/1128 1048/1119/1128
f 1035/1120/1129 1072/1195/1129 1073/1159/1129
f 1061/1158/1130 1100/1198/1130 1062/1121/1130
f 1048/1119/1131 1087/1162/1131 1049/1122/1131
f 1089/1166/1132 1126/1199/1132 1127/1200/1132
f 1076/1167/1133 1113/1201/1133 1114/1202/1133
f 1102/1165/1134 1141/1203/1134 1103/1168/1134
f 1089/1166/1135 1128/1204/1135 1090/1169/1135
f 1076/1167/1136 1115/1205/1136 1077/1170/1136
f 1103/1168/1137 1142/1206/1137 1104/1171/1137
f 1091/1172/1138 1128/1204/1138 1129/1207/1138
f 1078/1173/1139 1115/1205/1139 1116/1208/1139
f 1104/1171/1140 1143/1209/1140 1105/1174/1140
f 1091/1172/1141 1130/1210/1141 1092/1175/1141
f 1079/1176/1142 1116/1208/1142 1117/1211/1142
f 1866/1212/1143 1105/1174/1143 1143/1209/1143
f 1093/1178/1144 1130/1210/1144 1131/1213/1144
f 1079/1176/1145 1118/1214/1145 1080/1179/1145
f 1093/1178/1146 1132/1215/1146 1094/1180/1146
f 1080/1179/1147 1119/1216/1147 1081/1181/1147
f 1068/1183/1148 2171/1217/1148 1106/1218/1148
f 1094/1180/1149 1133/1219/1149 1095/1184/1149
f 1082/1185/1150 1119/1216/1150 1120/1220/1150
f 1068/1183/1151 1107/1221/1151 1069/1186/1151
f 1095/1184/1152 1134/1222/1152 1096/1187/1152
f 1082/1185/1153 1121/1223/1153 1083/1188/1153
f 1070/1189/1154 1107/1221/1154 1108/1224/1154
f 1097/1190/1155 1134/1222/1155 1135/1225/1155
f 1084/1191/1156 1121/1223/1156 1122/1226/1156
f 1070/1189/1157 1109/1227/1157 1071/1192/1157
f 1097/1190/1158 1136/1228/1158 1098/1193/1158
f 1084/1191/1159 1123/1229/1159 1085/1194/1159
f 1072/1195/1160 1109/1227/1160 1110/1230/1160
f 1099/1196/1161 1136/1228/1161 1137/1231/1161
f 1085/1194/1162 1124/1232/1162 1086/1197/1162
f 1073/1159/1163 1110/1230/1163 1111/1233/1163
f 1099/1196/1164 1138/1234/1164 1100/1198/1164
f 1086/1197/1165 1125/1235/1165 1087/1162/1165
f 1074/1160/1166 1111/1233/1166 1112/1236/1166
f 1100/1198/1167 1139/1237/1167 1101/1161/1167
f 1088/1163/1168 1125/1235/1168 1126/1199/1168
f 1074/1160/1169 1113/1201/1169 1075/1164/1169
f 1102/1165/1170 1139/1237/1170 1140/1238/1170
f 1114/1202/1171 1153/1239/1171 1115/1205/1171
f 1141/1203/1172 1180/1240/1172 1142/1206/1172
f 1129/1207/1173 1166/1241/1173 1167/1242/1173
f 1116/1208/1174 1153/1239/1174 1154/1243/1174
f 1142/1206/1175 1181/1244/1175 1143/1209/1175
f 1129/1207/1176 1168/1245/1176 1130/1210/1176
f 1117/1211/1177 1154/1243/1177 1155/1246/1177
f 1866/1247/1178 1143/1209/1178 1181/1244/1178
f 1131/1213/1179 1168/1245/1179 1169/1248/1179
f 1117/1211/1180 1156/1249/1180 1118/1214/1180
f 1132/1215/1181 1169/1248/1181 1170/1250/1181
f 1118/1214/1182 1157/1251/1182 1119/1216/1182
f 1106/1218/1183 2171/1252/1183 1144/1253/1183
f 1132/1215/1184 1171/1254/1184 1133/1219/1184
f 1120/1220/1185 1157/1251/1185 1158/1255/1185
f 1106/1218/1186 1145/1256/1186 1107/1221/1186
f 1133/1219/1187 1172/1257/1187 1134/1222/1187
f 1120/1220/1188 1159/1258/1188 1121/1223/1188
f 1108/1224/1189 1145/1256/1189 1146/1259/1189
f 1135/1225/1190 1172/1257/1190 1173/1260/1190
f 1122/1226/1191 1159/1258/1191 1160/1261/1191
f 1108/1224/1192 1147/1262/1192 1109/1227/1192
f 1135/1225/1193 1174/1263/1193 1136/1228/1193
f 1122/1226/1194 1161/1264/1194 1123/1229/1194
f 1109/1227/1195 1148/1265/1195 1110/1230/1195
f 1137/1231/1196 1174/1263/1196 1175/1266/1196
f 1123/1229/1197 1162/1267/1197 1124/1232/1197
f 1111/1233/1198 1148/1265/1198 1149/1268/1198
f 1137/1231/1199 1176/1269/1199 1138/1234/1199
f 1124/1232/1200 1163/1270/1200 1125/1235/1200
f 1112/1236/1201 1149/1268/1201 1150/1271/1201
f 1138/1234/1202 1177/1272/1202 1139/1237/1202
f 1126/1199/1203 1163/1270/1203 1164/1273/1203
f 1112/1236/1204 1151/1274/1204 1113/1201/1204
f 1139/1237/1205 1178/1275/1205 1140/1238/1205
f 1126/1199/1206 1165/1276/1206 1127/1200/1206
f 1114/1202/1207 1151/1274/1207 1152/1277/1207
f 1140/1238/1208 1179/1278/1208 1141/1203/1208
f 1127/1200/1209 1166/1241/1209 1128/1204/1209
f 1181/1244/1210 1218/1279/1210 1219/1280/1210
f 1167/1242/1211 1206/1281/1211 1168/1245/1211
f 1155/1246/1212 1192/1282/1212 1193/1283/1212
f 1866/1284/1213 1181/1244/1213 1219/1280/1213
f 1169/1248/1214 1206/1281/1214 1207/1285/1214
f 1155/1246/1215 1194/1286/1215 1156/1249/1215
f 1170/1250/1216 1207/1285/1216 1208/1287/1216
f 1156/1249/1217 1195/1288/1217 1157/1251/1217
f 1144/1253/1218 2171/1289/1218 1182/1290/1218
f 1170/1250/1219 1209/1291/1219 1171/1254/1219
f 1158/1255/1220 1195/1288/1220 1196/1292/1220
f 1144/1253/1221 1183/1293/1221 1145/1256/1221
f 1171/1254/1222 1210/1294/1222 1172/1257/1222
f 1158/1255/1223 1197/1295/1223 1159/1258/1223
f 1146/1259/1224 1183/1293/1224 1184/1296/1224
f 1173/1260/1225 1210/1294/1225 1211/1297/1225
f 1160/1261/1226 1197/1295/1226 1198/1298/1226
f 1147/1262/1227 1184/1296/1227 1185/1299/1227
f 1173/1260/1228 1212/1300/1228 1174/1263/1228
f 1160/1261/1229 1199/1301/1229 1161/1264/1229
f 1147/1262/1230 1186/1302/1230 1148/1265/1230
f 1175/1266/1231 1212/1300/1231 1213/1303/1231
f 1161/1264/1232 1200/1304/1232 1162/1267/1232
f 1149/1268/1233 1186/1302/1233 1187/1305/1233
f 1175/1266/1234 1214/1306/1234 1176/1269/1234
f 1162/1267/1235 1201/1307/1235 1163/1270/1235
f 1150/1271/1236 1187/1305/1236 1188/1308/1236
f 1176/1269/1237 1215/1309/1237 1177/1272/1237
f 1164/1273/1238 1201/1307/1238 1202/1310/1238
f 1150/1271/1239 1189/1311/1239 1151/1274/1239
f 1178/1275/1240 1215/1309/1240 1216/1312/1240
f 1165/1276/1241 1202/1310/1241 1203/1313/1241
f 1152/1277/1242 1189/1311/1242 1190/1314/1242
f 1178/1275/1243 1217/1315/1243 1179/1278/1243
f 1165/1276/1244 1204/1316/1244 1166/1241/1244
f 1152/1277/1245 1191/1317/1245 1153/1239/1245
f 1179/1278/1246 1218/1279/1246 1180/1240/1246
f 1167/1242/1247 1204/1316/1247 1205/1318/1247
f 1154/1243/1248 1191/1317/1248 1192/1282/1248
f 1207/1285/1249 1244/1319/1249 1245/1320/1249
f 1193/1283/1250 1232/1321/1250 1194/1286/1250
f 1208/1287/1251 1245/1320/1251 1246/1322/1251
f 1194/1286/1252 1233/1323/1252 1195/1288/1252
f 1182/1290/1253 2171/1324/1253 1220/1325/1253
f 1208/1287/1254 1247/1326/1254 1209/1291/1254
f 1196/1292/1255 1233/1323/1255 1234/1327/1255
f 1183/1293/1256 1220/1325/1256 1221/1328/1256
f 1209/1291/1257 1248/1329/1257 1210/1294/1257
f 1197/1295/1258 1234/1327/1258 1235/1330/1258
f 1184/1296/1259 1221/1328/1259 1222/1331/1259
f 1211/1297/1260 1248/1329/1260 1249/1332/1260
f 1197/1295/1261 1236/1333/1261 1198/1298/1261
f 1184/1296/1262 1223/1334/1262 1185/1299/1262
f 1211/1297/1263 1250/1335/1263 1212/1300/1263
f 1198/1298/1264 1237/1336/1264 1199/1301/1264
f 1185/1299/1265 1224/1337/1265 1186/1302/1265
f 1213/1303/1266 1250/1335/1266 1251/1338/1266
f 1199/1301/1267 1238/1339/1267 1200/1304/1267
f 1187/1305/1268 1224/1337/1268 1225/1340/1268
f 1213/1303/1269 1252/1341/1269 1214/1306/1269
f 1200/1304/1270 1239/1342/1270 1201/1307/1270
f 1188/1308/1271 1225/1340/1271 1226/1343/1271
f 1214/1306/1272 1253/1344/1272 1215/1309/1272
f 1202/1310/1273 1239/1342/1273 1240/1345/1273
f 1188/1308/1274 1227/1346/1274 1189/1311/1274
f 1215/1309/1275 1254/1347/1275 1216/1312/1275
f 1203/1313/1276 1240/1345/1276 1241/1348/1276
f 1190/1314/1277 1227/1346/1277 1228/1349/1277
f 1216/1312/1278 1255/1350/1278 1217/1315/1278
f 1203/1313/1279 1242/1351/1279 1204/1316/1279
f 1190/1314/1280 1229/1352/1280 1191/1317/1280
f 1217/1315/1281 1256/1353/1281 1218/1279/1281
f 1204/1316/1282 1243/1354/1282 1205/1318/1282
f 1192/1282/1283 1229/1352/1283 1230/1355/1283
f 1218/1279/1284 1257/1356/1284 1219/1280/1284
f 1205/1318/1285 1244/1319/1285 1206/1281/1285
f 1193/1283/1286 1230/1355/1286 1231/1357/1286
f 1866/1358/1287 1219/1280/1287 1257/1356/1287
f 1232/1321/1288 1271/1359/1288 1233/1323/1288
f 1220/1325/1289 2171/1360/1289 1258/1361/1289
f 1246/1322/1290 1285/1362/1290 1247/1326/1290
f 1234/1327/1291 1271/1359/1291 1272/1363/1291
f 1220/1325/1292 1259/1364/1292 1221/1328/1292
f 1247/1326/1293 1286/1365/1293 1248/1329/1293
f 1235/1330/1294 1272/1363/1294 1273/1366/1294
f 1221/1328/1295 1260/1367/1295 1222/1331/1295
f 1249/1332/1296 1286/1365/1296 1287/1368/1296
f 1235/1330/1297 1274/1369/1297 1236/1333/1297
f 1223/1334/1298 1260/1367/1298 1261/1370/1298
f 1249/1332/1299 1288/1371/1299 1250/1335/1299
f 1236/1333/1300 1275/1372/1300 1237/1336/1300
f 1224/1337/1301 1261/1370/1301 1262/1373/1301
f 1251/1338/1302 1288/1371/1302 1289/1374/1302
f 1237/1336/1303 1276/1375/1303 1238/1339/1303
f 1225/1340/1304 1262/1373/1304 1263/1376/1304
f 1251/1338/1305 1290/1377/1305 1252/1341/1305
f 1238/1339/1306 1277/1378/1306 1239/1342/1306
f 1226/1343/1307 1263/1376/1307 1264/1379/1307
f 1252/1341/1308 1291/1380/1308 1253/1344/1308
f 1240/1345/1309 1277/1378/1309 1278/1381/1309
f 1226/1343/1310 1265/1382/1310 1227/1346/1310
f 1254/1347/1311 1291/1380/1311 1292/1383/1311
f 1241/1348/1312 1278/1381/1312 1279/1384/1312
f 1228/1349/1313 1265/1382/1313 1266/1385/1313
f 1254/1347/1314 1293/1386/1314 1255/1350/1314
f 1242/1351/1315 1279/1384/1315 1280/1387/1315
f 1228/1349/1316 1267/1388/1316 1229/1352/1316
f 1256/1353/1317 1293/1386/1317 1294/1389/1317
f 1242/1351/1318 1281/1390/1318 1243/1354/1318
f 1230/1355/1319 1267/1388/1319 1268/1391/1319
f 1257/1356/1320 1294/1389/1320 1295/1392/1320
f 1243/1354/1321 1282/1393/1321 1244/1319/1321
f 1231/1357/1322 1268/1391/1322 1269/1394/1322
f 1866/1395/1323 1257/1356/1323 1295/1392/1323
f 1245/1320/1324 1282/1393/1324 1283/1396/1324
f 1231/1357/1325 1270/1397/1325 1232/1321/1325
f 1246/1322/1326 1283/1396/1326 1284/1398/1326
f 1258/1361/1327 1297/1399/1327 1259/1364/1327
f 1285/1362/1328 1324/1400/1328 1286/1365/1328
f 1273/1366/1329 1310/1401/1329 1311/1402/1329
f 1260/1367/1330 1297/1399/1330 1298/1403/1330
f 1287/1368/1331 1324/1400/1331 1325/1404/1331
f 1273/1366/1332 1312/1405/1332 1274/1369/1332
f 1261/1370/1333 1298/1403/1333 1299/1406/1333
f 1287/1368/1334 1326/1407/1334 1288/1371/1334
f 1275/1372/1335 1312/1405/1335 1313/1408/1335
f 1261/1370/1336 1300/1409/1336 1262/1373/1336
f 1289/1374/1337 1326/1407/1337 1327/1410/1337
f 1275/1372/1338 1314/1411/1338 1276/1375/1338
f 1263/1376/1339 1300/1409/1339 1301/1412/1339
f 1289/1374/1340 1328/1413/1340 1290/1377/1340
f 1276/1375/1341 1315/1414/1341 1277/1378/1341
f 1264/1379/1342 1301/1412/1342 1302/1415/1342
f 1290/1377/1343 1329/1416/1343 1291/1380/1343
f 1278/1381/1344 1315/1414/1344 1316/1417/1344
f 1264/1379/1345 1303/1418/1345 1265/1382/1345
f 1292/1383/1346 1329/1416/1346 1330/1419/1346
f 1279/1384/1347 1316/1417/1347 1317/1420/1347
f 1266/1385/1348 1303/1418/1348 1304/1421/1348
f 1293/1386/1349 1330/1419/1349 1331/1422/1349
f 1280/1387/1350 1317/1420/1350 1318/1423/1350
f 1266/1385/1351 1305/1424/1351 1267/1388/1351
f 1294/1389/1352 1331/1422/1352 1332/1425/1352
f 1280/1387/1353 1319/1426/1353 1281/1390/1353
f 1268/1391/1354 1305/1424/1354 1306/1427/1354
f 1294/1389/1355 1333/1428/1355 1295/1392/1355
f 1281/1390/1356 1320/1429/1356 1282/1393/1356
f 1269/1394/1357 1306/1427/1357 1307/1430/1357
f 1866/1431/1358 1295/1392/1358 1333/1428/1358
f 1283/1396/1359 1320/1429/1359 1321/1432/1359
f 1269/1394/1360 1308/1433/1360 1270/1397/1360
f 1284/1398/1361 1321/1432/1361 1322/1434/1361
f 1270/1397/1362 1309/1435/1362 1271/1359/1362
f 1258/1361/1363 2171/1436/1363 1296/1437/1363
f 1284/1398/1364 1323/1438/1364 1285/1362/1364
f 1272/1363/1365 1309/1435/1365 1310/1401/1365
f 1311/1402/1366 1350/1439/1366 1312/1405/1366
f 1299/1406/1367 1336/1440/1367 1337/1441/1367
f 1325/1404/1368 1364/1442/1368 1326/1407/1368
f 1312/1405/1369 1351/1443/1369 1313/1408/1369
f 1300/1409/1370 1337/1441/1370 1338/1444/1370
f 1327/1410/1371 1364/1442/1371 1365/1445/1371
f 1313/1408/1372 1352/1446/1372 1314/1411/1372
f 1301/1412/1373 1338/1444/1373 1339/1447/1373
f 1327/1410/1374 1366/1448/1374 1328/1413/1374
f 1314/1411/1375 1353/1449/1375 1315/1414/1375
f 1302/1415/1376 1339/1447/1376 1340/1450/1376
f 1328/1413/1377 1367/1451/1377 1329/1416/1377
f 1316/1417/1378 1353/1449/1378 1354/1452/1378
f 1302/1415/1379 1341/1453/1379 1303/1418/1379
f 1329/1416/1380 1368/1454/1380 1330/1419/1380
f 1317/1420/1381 1354/1452/1381 1355/1455/1381
f 1304/1421/1382 1341/1453/1382 1342/1456/1382
f 1330/1419/1383 1369/1457/1383 1331/1422/1383
f 1318/1423/1384 1355/1455/1384 1356/1458/1384
f 1304/1421/1385 1343/1459/1385 1305/1424/1385
f 1331/1422/1386 1370/1460/1386 1332/1425/1386
f 1318/1423/1387 1357/1461/1387 1319/1426/1387
f 1306/1427/1388 1343/1459/1388 1344/1462/1388
f 1332/1425/1389 1371/1463/1389 1333/1428/1389
f 1319/1426/1390 1358/1464/1390 1320/1429/1390
f 1307/1430/1391 1344/1462/1391 1345/1465/1391
f 1866/1466/1392 1333/1428/1392 1371/1463/1392
f 1321/1432/1393 1358/1464/1393 1359/1467/1393
f 1307/1430/1394 1346/1468/1394 1308/1433/1394
f 1322/1434/1395 1359/1467/1395 1360/1469/1395
f 1308/1433/1396 1347/1470/1396 1309/1435/1396
f 1296/1437/1397 2171/1471/1397 1334/1472/1397
f 1322/1434/1398 1361/1473/1398 1323/1438/1398
f 1310/1401/1399 1347/1470/1399 1348/1474/1399
f 1296/1437/1400 1335/1475/1400 1297/1399/1400
f 1323/1438/1401 1362/1476/1401 1324/1400/1401
f 1311/1402/1402 1348/1474/1402 1349/1477/1402
f 1298/1403/1403 1335/1475/1403 1336/1440/1403
f 1325/1404/1404 1362/1476/1404 1363/1478/1404
f 1338/1444/1405 1375/1479/1405 1376/1480/1405
f 1365/1445/1406 1402/1481/1406 1403/1482/1406
f 1351/1443/1407 1390/1483/1407 1352/1446/1407
f 1339/1447/1408 1376/1480/1408 1377/1484/1408
f 1365/1445/1409 1404/1485/1409 1366/1448/1409
f 1352/1446/1410 1391/1486/1410 1353/1449/1410
f 1340/1450/1411 1377/1484/1411 1378/1487/1411
f 1366/1448/1412 1405/1488/1412 1367/1451/1412
f 1353/1449/1413 1392/1489/1413 1354/1452/1413
f 1340/1450/1414 1379/1490/1414 1341/1453/1414
f 1367/1451/1415 1406/1491/1415 1368/1454/1415
f 1355/1455/1416 1392/1489/1416 1393/1492/1416
f 1342/1456/1417 1379/1490/1417 1380/1493/1417
f 1368/1454/1418 1407/1494/1418 1369/1457/1418
f 1356/1458/1419 1393/1492/1419 1394/1495/1419
f 1342/1456/1420 1381/1496/1420 1343/1459/1420
f 1370/1460/1421 1407/1494/1421 1408/1497/1421
f 1356/1458/1422 1395/1498/1422 1357/1461/1422
f 1344/1462/1423 1381/1496/1423 1382/1499/1423
f 1370/1460/1424 1409/1500/1424 1371/1463/1424
f 1357/1461/1425 1396/1501/1425 1358/1464/1425
f 1345/1465/1426 1382/1499/1426 1383/1502/1426
f 1866/1503/1427 1371/1463/1427 1409/1500/1427
f 1359/1467/1428 1396/1501/1428 1397/1504/1428
f 1345/1465/1429 1384/1505/1429 1346/1468/1429
f 1360/1469/1430 1397/1504/1430 1398/1506/1430
f 1346/1468/1431 1385/1507/1431 1347/1470/1431
f 1334/1472/1432 2171/1508/1432 1372/1509/1432
f 1360/1469/1433 1399/1510/1433 1361/1473/1433
f 1348/1474/1434 1385/1507/1434 1386/1511/1434
f 1334/1472/1435 1373/1512/1435 1335/1475/1435
f 1361/1473/1436 1400/1513/1436 1362/1476/1436
f 1349/1477/1437 1386/1511/1437 1387/1514/1437
f 1336/1440/1438 1373/1512/1438 1374/1515/1438
f 1363/1478/1439 1400/1513/1439 1401/1516/1439
f 1349/1477/1440 1388/1517/1440 1350/1439/1440
f 1337/1441/1441 1374/1515/1441 1375/1479/1441
f 1363/1478/1442 1402/1481/1442 1364/1442/1442
f 1350/1439/1443 1389/1518/1443 1351/1443/1443
f 1403/1482/1444 1442/1519/1444 1404/1485/1444
f 1390/1483/1445 1429/1520/1445 1391/1486/1445
f 1378/1487/1446 1415/1521/1446 1416/1522/1446
f 1404/1485/1447 1443/1523/1447 1405/1488/1447
f 1391/1486/1448 1430/1524/1448 1392/1489/1448
f 1378/1487/1449 1417/1525/1449 1379/1490/1449
f 1405/1488/1450 1444/1526/1450 1406/1491/1450
f 1392/1489/1451 1431/1527/1451 1393/1492/1451
f 1380/1493/1452 1417/1525/1452 1418/1528/1452
f 1406/1491/1453 1445/1529/1453 1407/1494/1453
f 1394/1495/1454 1431/1527/1454 1432/1530/1454
f 1380/1493/1455 1419/1531/1455 1381/1496/1455
f 1407/1494/1456 1446/1532/1456 1408/1497/1456
f 1394/1495/1457 1433/1533/1457 1395/1498/1457
f 1381/1496/1458 1420/1534/1458 1382/1499/1458
f 1408/1497/1459 1447/1535/1459 1409/1500/1459
f 1395/1498/1460 1434/1536/1460 1396/1501/1460
f 1383/1502/1461 1420/1534/1461 1421/1537/1461
f 1866/1538/1462 1409/1500/1462 1447/1535/1462
f 1397/1504/1463 1434/1536/1463 1435/1539/1463
f 1383/1502/1464 1422/1540/1464 1384/1505/1464
f 1398/1506/1465 1435/1539/1465 1436/1541/1465
f 1384/1505/1466 1423/1542/1466 1385/1507/1466
f 1372/1509/1467 2171/1543/1467 1410/1544/1467
f 1398/1506/1468 1437/1545/1468 1399/1510/1468
f 1386/1511/1469 1423/1542/1469 1424/1546/1469
f 1373/1512/1470 1410/1544/1470 1411/1547/1470
f 1399/1510/1471 1438/1548/1471 1400/1513/1471
f 1387/1514/1472 1424/1546/1472 1425/1549/1472
f 1373/1512/1473 1412/1550/1473 1374/1515/1473
f 1401/1516/1474 1438/1548/1474 1439/1551/1474
f 1387/1514/1475 1426/1552/1475 1388/1517/1475
f 1375/1479/1476 1412/1550/1476 1413/1553/1476
f 1401/1516/1477 1440/1554/1477 1402/1481/1477
f 1388/1517/1478 1427/1555/1478 1389/1518/1478
f 1376/1480/1479 1413/1553/1479 1414/1556/1479
f 1403/1482/1480 1440/1554/1480 1441/1557/1480
f 1389/1518/1481 1428/1558/1481 1390/1483/1481
f 1377/1484/1482 1414/1556/1482 1415/1521/1482
f 1430/1524/1483 1467/1559/1483 1468/1560/1483
f 1416/1522/1484 1455/1561/1484 1417/1525/1484
f 1443/1523/1485 1482/1562/1485 1444/1526/1485
f 1430/1524/1486 1469/1563/1486 1431/1527/1486
f 1418/1528/1487 1455/1561/1487 1456/1564/1487
f 1444/1526/1488 1483/1565/1488 1445/1529/1488
f 1432/1530/1489 1469/1563/1489 1470/1566/1489
f 1418/1528/1490 1457/1567/1490 1419/1531/1490
f 1445/1529/1491 1484/1568/1491 1446/1532/1491
f 1432/1530/1492 1471/1569/1492 1433/1533/1492
f 1420/1534/1493 1457/1567/1493 1458/1570/1493
f 1446/1532/1494 1485/1571/1494 1447/1535/1494
f 1433/1533/1495 1472/1572/1495 1434/1536/1495
f 1421/1537/1496 1458/1570/1496 1459/1573/1496
f 1866/1574/1497 1447/1535/1497 1485/1571/1497
f 1435/1539/1498 1472/1572/1498 1473/1575/1498
f 1421/1537/1499 1460/1576/1499 1422/1540/1499
f 1436/1541/1500 1473/1575/1500 1474/1577/1500
f 1422/1540/1501 1461/1578/1501 1423/1542/1501
f 1410/1544/1502 2171/1579/1502 1448/1580/1502
f 1436/1541/1503 1475/1581/1503 1437/1545/1503
f 1424/1546/1504 1461/1578/1504 1462/1582/1504
f 1410/1544/1505 1449/1583/1505 1411/1547/1505
f 1437/1545/1506 1476/1584/1506 1438/1548/1506
f 1424/1546/1507 1463/1585/1507 1425/1549/1507
f 1412/1550/1508 1449/1583/1508 1450/1586/1508
f 1439/1551/1509 1476/1584/1509 1477/1587/1509
f 1425/1549/1510 1464/1588/1510 1426/1552/1510
f 1412/1550/1511 1451/1589/1511 1413/1553/1511
f 1439/1551/1512 1478/1590/1512 1440/1554/1512
f 1426/1552/1513 1465/1591/1513 1427/1555/1513
f 1413/1553/1514 1452/1592/1514 1414/1556/1514
f 1441/1557/1515 1478/1590/1515 1479/1593/1515
f 1428/1558/1516 1465/1591/1516 1466/1594/1516
f 1415/1521/1517 1452/1592/1517 1453/1595/1517
f 1441/1557/1518 1480/1596/1518 1442/1519/1518
f 1428/1558/1519 1467/1559/1519 1429/1520/1519
f 1416/1522/1520 1453/1595/1520 1454/1597/1520
f 1442/1519/1521 1481/1598/1521 1443/1523/1521
f 1456/1564/1522 1493/1599/1522 1494/1600/1522
f 1482/1562/1523 1521/1601/1523 1483/1565/1523
f 1470/1566/1524 1507/1602/1524 1508/1603/1524
f 1456/1564/1525 1495/1604/1525 1457/1567/1525
f 1483/1565/1526 1522/1605/1526 1484/1568/1526
f 1470/1566/1527 1509/1606/1527 1471/1569/1527
f 1458/1570/1528 1495/1604/1528 1496/1607/1528
f 1484/1568/1529 1523/1608/1529 1485/1571/1529
f 1471/1569/1530 1510/1609/1530 1472/1572/1530
f 1459/1573/1531 1496/1607/1531 1497/1610/1531
f 1866/1611/1532 1485/1571/1532 1523/1608/1532
f 1473/1575/1533 1510/1609/1533 1511/1612/1533
f 1459/1573/1534 1498/1613/1534 1460/1576/1534
f 1473/1575/1535 1512/1614/1535 1474/1577/1535
f 1460/1576/1536 1499/1615/1536 1461/1578/1536
f 1448/1580/1537 2171/1616/1537 1486/1617/1537
f 1474/1577/1538 1513/1618/1538 1475/1581/1538
f 1462/1582/1539 1499/1615/1539 1500/1619/1539
f 1449/1583/1540 1486/1617/1540 1487/1620/1540
f 1475/1581/1541 1514/1621/1541 1476/1584/1541
f 1462/1582/1542 1501/1622/1542 1463/1585/1542
f 1449/1583/1543 1488/1623/1543 1450/1586/1543
f 1477/1587/1544 1514/1621/1544 1515/1624/1544
f 1463/1585/1545 1502/1625/1545 1464/1588/1545
f 1451/1589/1546 1488/1623/1546 1489/1626/1546
f 1477/1587/1547 1516/1627/1547 1478/1590/1547
f 1464/1588/1548 1503/1628/1548 1465/1591/1548
f 1451/1589/1549 1490/1629/1549 1452/1592/1549
f 1479/1593/1550 1516/1627/1550 1517/1630/1550
f 1465/1591/1551 1504/1631/1551 1466/1594/1551
f 1453/1595/1552 1490/1629/1552 1491/1632/1552
f 1479/1593/1553 1518/1633/1553 1480/1596/1553
f 1466/1594/1554 1505/1634/1554 1467/1559/1554
f 1454/1597/1555 1491/1632/1555 1492/1635/1555
f 1480/1596/1556 1519/1636/1556 1481/1598/1556
f 1467/1559/1557 1506/1637/1557 1468/1560/1557
f 1454/1597/1558 1493/1599/1558 1455/1561/1558
f 1482/1562/1559 1519/1636/1559 1520/1638/1559
f 1469/1563/1560 1506/1637/1560 1507/1602/1560
f 1508/1603/1561 1547/1639/1561 1509/1606/1561
f 1496/1607/1562 1533/1640/1562 1534/1641/1562
f 1522/1605/1563 1561/1642/1563 1523/1608/1563
f 1509/1606/1564 1548/1643/1564 1510/1609/1564
f 1497/1610/1565 1534/1641/1565 1535/1644/1565
f 1866/1645/1566 1523/1608/1566 1561/1642/1566
f 1511/1612/1567 1548/1643/1567 1549/1646/1567
f 1497/1610/1568 1536/1647/1568 1498/1613/1568
f 1512/1614/1569 1549/1646/1569 1550/1648/1569
f 1498/1613/1570 1537/1649/1570 1499/1615/1570
f 1486/1617/1571 2171/1650/1571 1524/1651/1571
f 1512/1614/1572 1551/1652/1572 1513/1618/1572
f 1500/1619/1573 1537/1649/1573 1538/1653/1573
f 1486/1617/1574 1525/1654/1574 1487/1620/1574
f 1513/1618/1575 1552/1655/1575 1514/1621/1575
f 1500/1619/1576 1539/1656/1576 1501/1622/1576
f 1488/1623/1577 1525/1654/1577 1526/1657/1577
f 1515/1624/1578 1552/1655/1578 1553/1658/1578
f 1501/1622/1579 1540/1659/1579 1502/1625/1579
f 1488/1623/1580 1527/1660/1580 1489/1626/1580
f 1515/1624/1581 1554/1661/1581 1516/1627/1581
f 1502/1625/1582 1541/1662/1582 1503/1628/1582
f 1489/1626/1583 1528/1663/1583 1490/1629/1583
f 1517/1630/1584 1554/1661/1584 1555/1664/1584
f 1504/1631/1585 1541/1662/1585 1542/1665/1585
f 1491/1632/1586 1528/1663/1586 1529/1666/1586
f 1517/1630/1587 1556/1667/1587 1518/1633/1587
f 1504/1631/1588 1543/1668/1588 1505/1634/1588
f 1492/1635/1589 1529/1666/1589 1530/1669/1589
f 1518/1633/1590 1557/1670/1590 1519/1636/1590
f 1505/1634/1591 1544/1671/1591 1506/1637/1591
f 1492/1635/1592 1531/1672/1592 1493/1599/1592
f 1520/1638/1593 1557/1670/1593 1558/1673/1593
f 1507/1602/1594 1544/1671/1594 1545/1674/1594
f 1494/1600/1595 1531/1672/1595 1532/1675/1595
f 1520/1638/1596 1559/1676/1596 1521/1601/1596
f 1508/1603/1597 1545/1674/1597 1546/1677/1597
f 1494/1600/1598 1533/1640/1598 1495/1604/1598
f 1521/1601/1599 1560/1678/1599 1522/1605/1599
f 1535/1644/1600 1572/1679/1600 1573/1680/1600
f 1866/1681/1601 1561/1642/1601 1599/1682/1601
f 1549/1646/1602 1586/1683/1602 1587/1684/1602
f 1535/1644/1603 1574/1685/1603 1536/1647/1603
f 1550/1648/1604 1587/1684/1604 1588/1686/1604
f 1536/1647/1605 1575/1687/1605 1537/1649/1605
f 1524/1651/1606 2171/1688/1606 1562/1689/1606
f 1550/1648/1607 1589/1690/1607 1551/1652/1607
f 1538/1653/1608 1575/1687/1608 1576/1691/1608
f 1525/1654/1609 1562/1689/1609 1563/1692/1609
f 1551/1652/1610 1590/1693/1610 1552/1655/1610
f 1538/1653/1611 1577/1694/1611 1539/1656/1611
f 1526/1657/1612 1563/1692/1612 1564/1695/1612
f 1553/1658/1613 1590/1693/1613 1591/1696/1613
f 1539/1656/1614 1578/1697/1614 1540/1659/1614
f 1526/1657/1615 1565/1698/1615 1527/1660/1615
f 1553/1658/1616 1592/1699/1616 1554/1661/1616
f 1540/1659/1617 1579/1700/1617 1541/1662/1617
f 1527/1660/1618 1566/1701/1618 1528/1663/1618
f 1555/1664/1619 1592/1699/1619 1593/1702/1619
f 1542/1665/1620 1579/1700/1620 1580/1703/1620
f 1529/1666/1621 1566/1701/1621 1567/1704/1621
f 1555/1664/1622 1594/1705/1622 1556/1667/1622
f 1542/1665/1623 1581/1706/1623 1543/1668/1623
f 1530/1669/1624 1567/1704/1624 1568/1707/1624
f 1556/1667/1625 1595/1708/1625 1557/1670/1625
f 1543/1668/1626 1582/1709/1626 1544/1671/1626
f 1530/1669/1627 1569/1710/1627 1531/1672/1627
f 1558/1673/1628 1595/1708/1628 1596/1711/1628
f 1545/1674/1629 1582/1709/1629 1583/1712/1629
f 1532/1675/1630 1569/1710/1630 1570/1713/1630
f 1558/1673/1631 1597/1714/1631 1559/1676/1631
f 1546/1677/1632 1583/1712/1632 1584/1715/1632
f 1532/1675/1633 1571/1716/1633 1533/1640/1633
f 1559/1676/1634 1598/1717/1634 1560/1678/1634
f 1546/1677/1635 1585/1718/1635 1547/1639/1635
f 1534/1641/1636 1571/1716/1636 1572/1679/1636
f 1560/1678/1637 1599/1682/1637 1561/1642/1637
f 1547/1639/1638 1586/1683/1638 1548/1643/1638
f 1581/1706/1639 1620/1719/1639 1582/1709/1639
f 1568/1707/1640 1607/1720/1640 1569/1710/1640
f 1595/1708/1641 1634/1721/1641 1596/1711/1641
f 1583/1712/1642 1620/1719/1642 1621/1722/1642
f 1570/1713/1643 1607/1720/1643 1608/1723/1643
f 1597/1714/1644 1634/1721/1644 1635/1724/1644
f 1584/1715/1645 1621/1722/1645 1622/1725/1645
f 1570/1713/1646 1609/1726/1646 1571/1716/1646
f 1597/1714/1647 1636/1727/1647 1598/1717/1647
f 1584/1715/1648 1623/1728/1648 1585/1718/1648
f 1572/1679/1649 1609/1726/1649 1610/1729/1649
f 1598/1717/1650 1637/1730/1650 1599/1682/1650
f 1585/1718/1651 1624/1731/1651 1586/1683/1651
f 1573/1680/1652 1610/1729/1652 1611/1732/1652
f 1866/1733/1653 1599/1682/1653 1637/1730/1653
f 1587/1684/1654 1624/1731/1654 1625/1734/1654
f 1573/1680/1655 1612/1735/1655 1574/1685/1655
f 1588/1686/1656 1625/1734/1656 1626/1736/1656
f 1574/1685/1657 1613/1737/1657 1575/1687/1657
f 1562/1689/1658 2171/1738/1658 1600/1739/1658
f 1588/1686/1659 1627/1740/1659 1589/1690/1659
f 1576/1691/1660 1613/1737/1660 1614/1741/1660
f 1563/1692/1661 1600/1739/1661 1601/1742/1661
f 1589/1690/1662 1628/1743/1662 1590/1693/1662
f 1576/1691/1663 1615/1744/1663 1577/1694/1663
f 1564/1695/1664 1601/1742/1664 1602/1745/1664
f 1591/1696/1665 1628/1743/1665 1629/1746/1665
f 1577/1694/1666 1616/1747/1666 1578/1697/1666
f 1564/1695/1667 1603/1748/1667 1565/1698/1667
f 1591/1696/1668 1630/1749/1668 1592/1699/1668
f 1578/1697/1669 1617/1750/1669 1579/1700/1669
f 1566/1701/1670 1603/1748/1670 1604/1751/1670
f 1593/1702/1671 1630/1749/1671 1631/1752/1671
f 1580/1703/1672 1617/1750/1672 1618/1753/1672
f 1567/1704/1673 1604/1751/1673 1605/1754/1673
f 1593/1702/1674 1632/1755/1674 1594/1705/1674
f 1580/1703/1675 1619/1756/1675 1581/1706/1675
f 1568/1707/1676 1605/1754/1676 1606/1757/1676
f 1594/1705/1677 1633/1758/1677 1595/1708/1677
f 1608/1723/1678 1645/1759/1678 1646/1760/1678
f 1635/1724/1679 1672/1761/1679 1673/1762/1679
f 1622/1725/1680 1659/1763/1680 1660/1764/1680
f 1608/1723/1681 1647/1765/1681 1609/1726/1681
f 1635/1724/1682 1674/1766/1682 1636/1727/1682
f 1623/1728/1683 1660/1764/1683 1661/1767/1683
f 1610/1729/1684 1647/1765/1684 1648/1768/1684
f 1637/1730/1685 1674/1766/1685 1675/1769/1685
f 1623/1728/1686 1662/1770/1686 1624/1731/1686
f 1611/1732/1687 1648/1768/1687 1649/1771/1687
f 1866/1772/1688 1637/1730/1688 1675/1769/1688
f 1625/1734/1689 1662/1770/1689 1663/1773/1689
f 1611/1732/1690 1650/1774/1690 1612/1735/1690
f 1626/1736/1691 1663/1773/1691 1664/1775/1691
f 1612/1735/1692 1651/1776/1692 1613/1737/1692
f 1600/1739/1693 2171/1777/1693 1638/1778/1693
f 1626/1736/1694 1665/1779/1694 1627/1740/1694
f 1614/1741/1695 1651/1776/1695 1652/1780/1695
f 1600/1739/1696 1639/1781/1696 1601/1742/1696
f 1627/1740/1697 1666/1782/1697 1628/1743/1697
f 1614/1741/1698 1653/1783/1698 1615/1744/1698
f 1602/1745/1699 1639/1781/1699 1640/1784/1699
f 1629/1746/1700 1666/1782/1700 1667/1785/1700
f 1615/1744/1701 1654/1786/1701 1616/1747/1701
f 1602/1745/1702 1641/1787/1702 1603/1748/1702
f 1629/1746/1703 1668/1788/1703 1630/1749/1703
f 1616/1747/1704 1655/1789/1704 1617/1750/1704
f 1603/1748/1705 1642/1790/1705 1604/1751/1705
f 1631/1752/1706 1668/1788/1706 1669/1791/1706
f 1618/1753/1707 1655/1789/1707 1656/1792/1707
f 1605/1754/1708 1642/1790/1708 1643/1793/1708
f 1631/1752/1709 1670/1794/1709 1632/1755/1709
f 1618/1753/1710 1657/1795/1710 1619/1756/1710
f 1606/1757/1711 1643/1793/1711 1644/1796/1711
f 1632/1755/1712 1671/1797/1712 1633/1758/1712
f 1619/1756/1713 1658/1798/1713 1620/1719/1713
f 1606/1757/1714 1645/1759/1714 1607/1720/1714
f 1634/1721/1715 1671/1797/1715 1672/1761/1715
f 1620/1719/1716 1659/1763/1716 1621/1722/1716
f 1673/1762/1717 1712/1799/1717 1674/1766/1717
f 1661/1767/1718 1698/1800/1718 1699/1801/1718
f 1648/1768/1719 1685/1802/1719 1686/1803/1719
f 1674/1766/1720 1713/1804/1720 1675/1769/1720
f 1661/1767/1721 1700/1805/1721 1662/1770/1721
f 1649/1771/1722 1686/1803/1722 1687/1806/1722
f 1866/1807/1723 1675/1769/1723 1713/1804/1723
f 1663/1773/1724 1700/1805/1724 1701/1808/1724
f 1649/1771/1725 1688/1809/1725 1650/1774/1725
f 1664/1775/1726 1701/1808/1726 1702/1810/1726
f 1650/1774/1727 1689/1811/1727 1651/1776/1727
f 1638/1778/1728 2171/1812/1728 1676/1813/1728
f 1664/1775/1729 1703/1814/1729 1665/1779/1729
f 1652/1780/1730 1689/1811/1730 1690/1815/1730
f 1638/1778/1731 1677/1816/1731 1639/1781/1731
f 1665/1779/1732 1704/1817/1732 1666/1782/1732
f 1652/1780/1733 1691/1818/1733 1653/1783/1733
f 1640/1784/1734 1677/1816/1734 1678/1819/1734
f 1667/1785/1735 1704/1817/1735 1705/1820/1735
f 1653/1783/1736 1692/1821/1736 1654/1786/1736
f 1640/1784/1737 1679/1822/1737 1641/1787/1737
f 1667/1785/1738 1706/1823/1738 1668/1788/1738
f 1655/1789/1739 1692/1821/1739 1693/1824/1739
f 1642/1790/1740 1679/1822/1740 1680/1825/1740
f 1669/1791/1741 1706/1823/1741 1707/1826/1741
f 1656/1792/1742 1693/1824/1742 1694/1827/1742
f 1643/1793/1743 1680/1825/1743 1681/1828/1743
f 1669/1791/1744 1708/1829/1744 1670/1794/1744
f 1656/1792/1745 1695/1830/1745 1657/1795/1745
f 1644/1796/1746 1681/1828/1746 1682/1831/1746
f 1670/1794/1747 1709/1832/1747 1671/1797/1747
f 1657/1795/1748 1696/1833/1748 1658/1798/1748
f 1644/1796/1749 1683/1834/1749 1645/1759/1749
f 1672/1761/1750 1709/1832/1750 1710/1835/1750
f 1658/1798/1751 1697/1836/1751 1659/1763/1751
f 1646/1760/1752 1683/1834/1752 1684/1837/1752
f 1672/1761/1753 1711/1838/1753 1673/1762/1753
f 1660/1764/1754 1697/1836/1754 1698/1800/1754
f 1646/1760/1755 1685/1802/1755 1647/1765/1755
f 1699/1801/1756 1738/1839/1756 1700/1805/1756
f 1687/1806/1757 1724/1840/1757 1725/1841/1757
f 1866/1842/1758 1713/1804/1758 1751/1843/1758
f 1701/1808/1759 1738/1839/1759 1739/1844/1759
f 1687/1806/1760 1726/1845/1760 1688/1809/1760
f 1702/1810/1761 1739/1844/1761 1740/1846/1761
f 1688/1809/1762 1727/1847/1762 1689/1811/1762
f 1676/1813/1763 2171/1848/1763 1714/1849/1763
f 1702/1810/1764 1741/1850/1764 1703/1814/1764
f 1690/1815/1765 1727/1847/1765 1728/1851/1765
f 1676/1813/1766 1715/1852/1766 1677/1816/1766
f 1703/1814/1767 1742/1853/1767 1704/1817/1767
f 1690/1815/1768 1729/1854/1768 1691/1818/1768
f 1678/1819/1769 1715/1852/1769 1716/1855/1769
f 1705/1820/1770 1742/1853/1770 1743/1856/1770
f 1691/1818/1771 1730/1857/1771 1692/1821/1771
f 1678/1819/1772 1717/1858/1772 1679/1822/1772
f 1705/1820/1773 1744/1859/1773 1706/1823/1773
f 1693/1824/1774 1730/1857/1774 1731/1860/1774
f 1680/1825/1775 1717/1858/1775 1718/1861/1775
f 1707/1826/1776 1744/1859/1776 1745/1862/1776
f 1693/1824/1777 1732/1863/1777 1694/1827/1777
f 1681/1828/1778 1718/1861/1778 1719/1864/1778
f 1707/1826/1779 1746/1865/1779 1708/1829/1779
f 1694/1827/1780 1733/1866/1780 1695/1830/1780
f 1682/1831/1781 1719/1864/1781 1720/1867/1781
f 1708/1829/1782 1747/1868/1782 1709/1832/1782
f 1695/1830/1783 1734/1869/1783 1696/1833/1783
f 1682/1831/1784 1721/1870/1784 1683/1834/1784
f 1709/1832/1785 1748/1871/1785 1710/1835/1785
f 1696/1833/1786 1735/1872/1786 1697/1836/1786
f 1684/1837/1787 1721/1870/1787 1722/1873/1787
f 1710/1835/1788 1749/1874/1788 1711/1838/1788
f 1698/1800/1789 1735/1872/1789 1736/1875/1789
f 1684/1837/1790 1723/1876/1790 1685/1802/1790
f 1711/1838/1791 1750/1877/1791 1712/1799/1791
f 1698/1800/1792 1737/1878/1792 1699/1801/1792
f 1686/1803/1793 1723/1876/1793 1724/1840/1793
f 1713/1804/1794 1750/1877/1794 1751/1843/1794
f 1725/1841/1795 1764/1879/1795 1726/1845/1795
f 1740/1846/1796 1777/1880/1796 1778/1881/1796
f 1726/1845/1797 1765/1882/1797 1727/1847/1797
f 1714/1849/1798 2171/1883/1798 1752/1884/1798
f 1740/1846/1799 1779/1885/1799 1741/1850/1799
f 1728/1851/1800 1765/1882/1800 1766/1886/1800
f 1714/1849/1801 1753/1887/1801 1715/1852/1801
f 1741/1850/1802 1780/1888/1802 1742/1853/1802
f 1729/1854/1803 1766/1886/1803 1767/1889/1803
f 1716/1855/1804 1753/1887/1804 1754/1890/1804
f 1743/1856/1805 1780/1888/1805 1781/1891/1805
f 1729/1854/1806 1768/1892/1806 1730/1857/1806
f 1716/1855/1807 1755/1893/1807 1717/1858/1807
f 1743/1856/1808 1782/1894/1808 1744/1859/1808
f 1730/1857/1809 1769/1895/1809 1731/1860/1809
f 1717/1858/1810 1756/1896/1810 1718/1861/1810
f 1745/1862/1811 1782/1894/1811 1783/1897/1811
f 1731/1860/1812 1770/1898/1812 1732/1863/1812
f 1719/1864/1813 1756/1896/1813 1757/1899/1813
f 1745/1862/1814 1784/1900/1814 1746/1865/1814
f 1732/1863/1815 1771/1901/1815 1733/1866/1815
f 1720/1867/1816 1757/1899/1816 1758/1902/1816
f 1746/1865/1817 1785/1903/1817 1747/1868/1817
f 1733/1866/1818 1772/1904/1818 1734/1869/1818
f 1720/1867/1819 1759/1905/1819 1721/1870/1819
f 1748/1871/1820 1785/1903/1820 1786/1906/1820
f 1734/1869/1821 1773/1907/1821 1735/1872/1821
f 1722/1873/1822 1759/1905/1822 1760/1908/1822
f 1748/1871/1823 1787/1909/1823 1749/1874/1823
f 1736/1875/1824 1773/1907/1824 1774/1910/1824
f 1722/1873/1825 1761/1911/1825 1723/1876/1825
f 1749/1874/1826 1788/1912/1826 1750/1877/1826
f 1736/1875/1827 1775/1913/1827 1737/1878/1827
f 1724/1840/1828 1761/1911/1828 1762/1914/1828
f 1750/1877/1829 1789/1915/1829 1751/1843/1829
f 1737/1878/1830 1776/1916/1830 1738/1839/1830
f 1725/1841/1831 1762/1914/1831 1763/1917/1831
f 1866/1918/1832 1751/1843/1832 1789/1915/1832
f 1739/1844/1833 1776/1916/1833 1777/1880/1833
f 1752/1884/1834 2171/1919/1834 1790/1920/1834
f 1778/1881/1835 1817/1921/1835 1779/1885/1835
f 1766/1886/1836 1803/1922/1836 1804/1923/1836
f 1752/1884/1837 1791/1924/1837 1753/1887/1837
f 1779/1885/1838 1818/1925/1838 1780/1888/1838
f 1767/1889/1839 1804/1923/1839 1805/1926/1839
f 1754/1890/1840 1791/1924/1840 1792/1927/1840
f 1781/1891/1841 1818/1925/1841 1819/1928/1841
f 1767/1889/1842 1806/1929/1842 1768/1892/1842
f 1755/1893/1843 1792/1927/1843 1793/1930/1843
f 1781/1891/1844 1820/1931/1844 1782/1894/1844
f 1768/1892/1845 1807/1932/1845 1769/1895/1845
f 1756/1896/1846 1793/1930/1846 1794/1933/1846
f 1783/1897/1847 1820/1931/1847 1821/1934/1847
f 1770/1898/1848 1807/1932/1848 1808/1935/1848
f 1757/1899/1849 1794/1933/1849 1795/1936/1849
f 1783/1897/1850 1822/1937/1850 1784/1900/1850
f 1770/1898/1851 1809/1938/1851 1771/1901/1851
f 1758/1902/1852 1795/1936/1852 1796/1939/1852
f 1784/1900/1853 1823/1940/1853 1785/1903/1853
f 1771/1901/1854 1810/1941/1854 1772/1904/1854
f 1758/1902/1855 1797/1942/1855 1759/1905/1855
f 1785/1903/1856 1824/1943/1856 1786/1906/1856
f 1773/1907/1857 1810/1941/1857 1811/1944/1857
f 1760/1908/1858 1797/1942/1858 1798/1945/1858
f 1786/1906/1859 1825/1946/1859 1787/1909/1859
f 1774/1910/1860 1811/1944/1860 1812/1947/1860
f 1760/1908/1861 1799/1948/1861 1761/1911/1861
f 1787/1909/1862 1826/1949/1862 1788/1912/1862
f 1774/1910/1863 1813/1950/1863 1775/1913/1863
f 1761/1911/1864 1800/1951/1864 1762/1914/1864
f 1789/1915/1865 1826/1949/1865 1827/1952/1865
f 1775/1913/1866 1814/1953/1866 1776/1916/1866
f 1763/1917/1867 1800/1951/1867 1801/1954/1867
f 1866/1955/1868 1789/1915/1868 1827/1952/1868
f 1777/1880/1869 1814/1953/1869 1815/1956/1869
f 1763/1917/1870 1802/1957/1870 1764/1879/1870
f 1778/1881/1871 1815/1956/1871 1816/1958/1871
f 1764/1879/1872 1803/1922/1872 1765/1882/1872
f 1804/1923/1873 1843/1959/1873 1805/1926/1873
f 1792/1927/1874 1829/1960/1874 1830/1961/1874
f 1819/1928/1875 1856/1962/1875 1857/1963/1875
f 1805/1926/1876 1844/1964/1876 1806/1929/1876
f 1793/1930/1877 1830/1961/1877 1831/1965/1877
f 1819/1928/1878 1858/1966/1878 1820/1931/1878
f 1807/1932/1879 1844/1964/1879 1845/1967/1879
f 1793/1930/1880 1832/1968/1880 1794/1933/1880
f 1821/1934/1881 1858/1966/1881 1859/1969/1881
f 1808/1935/1882 1845/1967/1882 1846/1970/1882
f 1795/1936/1883 1832/1968/1883 1833/1971/1883
f 1821/1934/1884 1860/1972/1884 1822/1937/1884
f 1808/1935/1885 1847/1973/1885 1809/1938/1885
f 1796/1939/1886 1833/1971/1886 1834/1974/1886
f 1822/1937/1887 1861/1975/1887 1823/1940/1887
f 1809/1938/1888 1848/1976/1888 1810/1941/1888
f 1796/1939/1889 1835/1977/1889 1797/1942/1889
f 1823/1940/1890 1862/1978/1890 1824/1943/1890
f 1810/1941/1891 1849/1979/1891 1811/1944/1891
f 1798/1945/1892 1835/1977/1892 1836/1980/1892
f 1824/1943/1893 1863/1981/1893 1825/1946/1893
f 1812/1947/1894 1849/1979/1894 1850/1982/1894
f 1798/1945/1895 1837/1983/1895 1799/1948/1895
f 1825/1946/1896 1864/1984/1896 1826/1949/1896
f 1812/1947/1897 1851/1985/1897 1813/1950/1897
f 1799/1948/1898 1838/1986/1898 1800/1951/1898
f 1826/1949/1899 1865/1987/1899 1827/1952/1899
f 1813/1950/1900 1852/1988/1900 1814/1953/1900
f 1801/1954/1901 1838/1986/1901 1839/1989/1901
f 1866/1990/1902 1827/1952/1902 1865/1987/1902
f 1815/1956/1903 1852/1988/1903 1853/1991/1903
f 1801/1954/1904 1840/1992/1904 1802/1957/1904
f 1816/1958/1905 1853/1991/1905 1854/1993/1905
f 1802/1957/1906 1841/1994/1906 1803/1922/1906
f 1790/1920/1907 2171/1995/1907 1828/1996/1907
f 1816/1958/1908 1855/1997/1908 1817/1921/1908
f 1804/1923/1909 1841/1994/1909 1842/1998/1909
f 1791/1924/1910 1828/1996/1910 1829/1960/1910
f 1817/1921/1911 1856/1962/1911 1818/1925/1911
f 1830/1961/1912 1870/1999/1912 1831/1965/1912
f 1857/1963/1913 1897/2000/1913 1858/1966/1913
f 1844/1964/1914 1884/2001/1914 1845/1967/1914
f 1831/1965/1915 1871/2002/1915 1832/1968/1915
f 1859/1969/1916 1897/2000/1916 1898/2003/1916
f 1845/1967/1917 1885/2004/1917 1846/1970/1917
f 1833/1971/1918 1871/2002/1918 1872/2005/1918
f 1859/1969/1919 1899/2006/1919 1860/1972/1919
f 1846/1970/1920 1886/2007/1920 1847/1973/1920
f 1834/1974/1921 1872/2005/1921 1873/2008/1921
f 1860/1972/1922 1900/2009/1922 1861/1975/1922
f 1847/1973/1923 1887/2010/1923 1848/1976/1923
f 1834/1974/1924 1874/2011/1924 1835/1977/1924
f 1862/1978/1925 1900/2009/1925 1901/2012/1925
f 1849/1979/1926 1887/2010/1926 1888/2013/1926
f 1836/1980/1927 1874/2011/1927 1875/2014/1927
f 1863/1981/1928 1901/2012/1928 1902/2015/1928
f 1850/1982/1929 1888/2013/1929 1889/2016/1929
f 1836/1980/1930 1876/2017/1930 1837/1983/1930
f 1863/1981/1931 1903/2018/1931 1864/1984/1931
f 1850/1982/1932 1890/2019/1932 1851/1985/1932
f 1837/1983/1933 1877/2020/1933 1838/1986/1933
f 1865/1987/1934 1903/2018/1934 1904/2021/1934
f 1851/1985/1935 1891/2022/1935 1852/1988/1935
f 1839/1989/1936 1877/2020/1936 1878/2023/1936
f 1866/2024/1937 1865/1987/1937 1904/2021/1937
f 1853/1991/1938 1891/2022/1938 1892/2025/1938
f 1839/1989/1939 1879/2026/1939 1840/1992/1939
f 1854/1993/1940 1892/2025/1940 1893/2027/1940
f 1840/1992/1941 1880/2028/1941 1841/1994/1941
f 1828/1996/1942 2171/2029/1942 1867/2030/1942
f 1854/1993/1943 1894/2031/1943 1855/1997/1943
f 1842/1998/1944 1880/2028/1944 1881/2032/1944
f 1828/1996/1945 1868/2033/1945 1829/1960/1945
f 1856/1962/1946 1894/2031/1946 1895/2034/1946
f 1843/1959/1947 1881/2032/1947 1882/2035/1947
f 1830/1961/1948 1868/2033/1948 1869/2036/1948
f 1857/1963/1949 1895/2034/1949 1896/2037/1949
f 1843/1959/1950 1883/2038/1950 1844/1964/1950
f 1898/2003/1951 1935/2039/1951 1936/2040/1951
f 1884/2001/1952 1923/2041/1952 1885/2004/1952
f 1871/2002/1953 1910/2042/1953 1872/2005/1953
f 1898/2003/1954 1937/2043/1954 1899/2006/1954
f 1885/2004/1955 1924/2044/1955 1886/2007/1955
f 1873/2008/1956 1910/2042/1956 1911/2045/1956
f 1900/2009/1957 1937/2043/1957 1938/2046/1957
f 1886/2007/1958 1925/2047/1958 1887/2010/1958
f 1873/2008/1959 1912/2048/1959 1874/2011/1959
f 1900/2009/1960 1939/2049/1960 1901/2012/1960
f 1887/2010/1961 1926/2050/1961 1888/2013/1961
f 1875/2014/1962 1912/2048/1962 1913/2051/1962
f 1901/2012/1963 1940/2052/1963 1902/2015/1963
f 1889/2016/1964 1926/2050/1964 1927/2053/1964
f 1875/2014/1965 1914/2054/1965 1876/2017/1965
f 1902/2015/1966 1941/2055/1966 1903/2018/1966
f 1890/2019/1967 1927/2053/1967 1928/2056/1967
f 1877/2020/1968 1914/2054/1968 1915/2057/1968
f 1903/2018/1969 1942/2058/1969 1904/2021/1969
f 1890/2019/1970 1929/2059/1970 1891/2022/1970
f 1878/2023/1971 1915/2057/1971 1916/2060/1971
f 1866/2061/1972 1904/2021/1972 1942/2058/1972
f 1892/2025/1973 1929/2059/1973 1930/2062/1973
f 1878/2023/1974 1917/2063/1974 1879/2026/1974
f 1893/2027/1975 1930/2062/1975 1931/2064/1975
f 1879/2026/1976 1918/2065/1976 1880/2028/1976
f 1867/2030/1977 2171/2066/1977 1905/2067/1977
f 1893/2027/1978 1932/2068/1978 1894/2031/1978
f 1881/2032/1979 1918/2065/1979 1919/2069/1979
f 1867/2030/1980 1906/2070/1980 1868/2033/1980
f 1894/2031/1981 1933/2071/1981 1895/2034/1981
f 1881/2032/1982 1920/2072/1982 1882/2035/1982
f 1869/2036/1983 1906/2070/1983 1907/2073/1983
f 1896/2037/1984 1933/2071/1984 1934/2074/1984
f 1882/2035/1985 1921/2075/1985 1883/2038/1985
f 1870/1999/1986 1907/2073/1986 1908/2076/1986
f 1896/2037/1987 1935/2039/1987 1897/2000/1987
f 1884/2001/1988 1921/2075/1988 1922/2077/1988
f 1870/1999/1989 1909/2078/1989 1871/2002/1989
f 1923/2041/1990 1962/2079/1990 1924/2044/1990
f 1911/2045/1991 1948/2080/1991 1949/2081/1991
f 1937/2043/1992 1976/2082/1992 1938/2046/1992
f 1924/2044/1993 1963/2083/1993 1925/2047/1993
f 1911/2045/1994 1950/2084/1994 1912/2048/1994
f 1938/2046/1995 1977/2085/1995 1939/2049/1995
f 1925/2047/1996 1964/2086/1996 1926/2050/1996
f 1913/2051/1997 1950/2084/1997 1951/2087/1997
f 1940/2052/1998 1977/2085/1998 1978/2088/1998
f 1927/2053/1999 1964/2086/1999 1965/2089/1999
f 1913/2051/2000 1952/2090/2000 1914/2054/2000
f 1940/2052/2001 1979/2091/2001 1941/2055/2001
f 1928/2056/2002 1965/2089/2002 1966/2092/2002
f 1915/2057/2003 1952/2090/2003 1953/2093/2003
f 1942/2058/2004 1979/2091/2004 1980/2094/2004
f 1928/2056/2005 1967/2095/2005 1929/2059/2005
f 1916/2060/2006 1953/2093/2006 1954/2096/2006
f 1866/2097/2007 1942/2058/2007 1980/2094/2007
f 1930/2062/2008 1967/2095/2008 1968/2098/2008
f 1916/2060/2009 1955/2099/2009 1917/2063/2009
f 1931/2064/2010 1968/2098/2010 1969/2100/2010
f 1917/2063/2011 1956/2101/2011 1918/2065/2011
f 1905/2067/2012 2171/2102/2012 1943/2103/2012
f 1931/2064/2013 1970/2104/2013 1932/2068/2013
f 1919/2069/2014 1956/2101/2014 1957/2105/2014
f 1905/2067/2015 1944/2106/2015 1906/2070/2015
f 1932/2068/2016 1971/2107/2016 1933/2071/2016
f 1919/2069/2017 1958/2108/2017 1920/2072/2017
f 1907/2073/2018 1944/2106/2018 1945/2109/2018
f 1934/2074/2019 1971/2107/2019 1972/2110/2019
f 1920/2072/2020 1959/2111/2020 1921/2075/2020
f 1907/2073/2021 1946/2112/2021 1908/2076/2021
f 1934/2074/2022 1973/2113/2022 1935/2039/2022
f 1922/2077/2023 1959/2111/2023 1960/2114/2023
f 1909/2078/2024 1946/2112/2024 1947/2115/2024
f 1936/2040/2025 1973/2113/2025 1974/2116/2025
f 1923/2041/2026 1960/2114/2026 1961/2117/2026
f 1910/2042/2027 1947/2115/2027 1948/2080/2027
f 1936/2040/2028 1975/2118/2028 1937/2043/2028
f 1949/2081/2029 1988/2119/2029 1950/2084/2029
f 1976/2082/2030 2015/2120/2030 1977/2085/2030
f 1964/2086/2031 2001/2121/2031 2002/2122/2031
f 1951/2087/2032 1988/2119/2032 1989/2123/2032
f 1977/2085/2033 2016/2124/2033 1978/2088/2033
f 1964/2086/2034 2003/2125/2034 1965/2089/2034
f 1951/2087/2035 1990/2126/2035 1952/2090/2035
f 1978/2088/2036 2017/2127/2036 1979/2091/2036
f 1966/2092/2037 2003/2125/2037 2004/2128/2037
f 1953/2093/2038 1990/2126/2038 1991/2129/2038
f 1979/2091/2039 2018/2130/2039 1980/2094/2039
f 1966/2092/2040 2005/2131/2040 1967/2095/2040
f 1954/2096/2041 1991/2129/2041 1992/2132/2041
f 1866/2133/2042 1980/2094/2042 2018/2130/2042
f 1968/2098/2043 2005/2131/2043 2006/2134/2043
f 1954/2096/2044 1993/2135/2044 1955/2099/2044
f 1969/2100/2045 2006/2134/2045 2007/2136/2045
f 1955/2099/2046 1994/2137/2046 1956/2101/2046
f 1943/2103/2047 2171/2138/2047 1981/2139/2047
f 1969/2100/2048 2008/2140/2048 1970/2104/2048
f 1957/2105/2049 1994/2137/2049 1995/2141/2049
f 1943/2103/2050 1982/2142/2050 1944/2106/2050
f 1970/2104/2051 2009/2143/2051 1971/2107/2051
f 1957/2105/2052 1996/2144/2052 1958/2108/2052
f 1944/2106/2053 1983/2145/2053 1945/2109/2053
f 1972/2110/2054 2009/2143/2054 2010/2146/2054
f 1958/2108/2055 1997/2147/2055 1959/2111/2055
f 1946/2112/2056 1983/2145/2056 1984/2148/2056
f 1972/2110/2057 2011/2149/2057 1973/2113/2057
f 1959/2111/2058 1998/2150/2058 1960/2114/2058
f 1947/2115/2059 1984/2148/2059 1985/2151/2059
f 1974/2116/2060 2011/2149/2060 2012/2152/2060
f 1960/2114/2061 1999/2153/2061 1961/2117/2061
f 1948/2080/2062 1985/2151/2062 1986/2154/2062
f 1974/2116/2063 2013/2155/2063 1975/2118/2063
f 1961/2117/2064 2000/2156/2064 1962/2079/2064
f 1949/2081/2065 1986/2154/2065 1987/2157/2065
f 1975/2118/2066 2014/2158/2066 1976/2082/2066
f 1962/2079/2067 2001/2121/2067 1963/2083/2067
f 2002/2122/2068 2041/2159/2068 2003/2125/2068
f 1989/2123/2069 2028/2160/2069 1990/2126/2069
f 2016/2124/2070 2055/2161/2070 2017/2127/2070
f 2004/2128/2071 2041/2159/2071 2042/2162/2071
f 1991/2129/2072 2028/2160/2072 2029/2163/2072
f 2017/2127/2073 2056/2164/2073 2018/2130/2073
f 2004/2128/2074 2043/2165/2074 2005/2131/2074
f 1992/2132/2075 2029/2163/2075 2030/2166/2075
f 1866/2167/2076 2018/2130/2076 2056/2164/2076
f 2006/2134/2077 2043/2165/2077 2044/2168/2077
f 1992/2132/2078 2031/2169/2078 1993/2135/2078
f 2007/2136/2079 2044/2168/2079 2045/2170/2079
f 1993/2135/2080 2032/2171/2080 1994/2137/2080
f 1981/2139/2081 2171/2172/2081 2019/2173/2081
f 2007/2136/2082 2046/2174/2082 2008/2140/2082
f 1995/2141/2083 2032/2171/2083 2033/2175/2083
f 1982/2142/2084 2019/2173/2084 2020/2176/2084
f 2008/2140/2085 2047/2177/2085 2009/2143/2085
f 1995/2141/2086 2034/2178/2086 1996/2144/2086
f 1983/2145/2087 2020/2176/2087 2021/2179/2087
f 2010/2146/2088 2047/2177/2088 2048/2180/2088
f 1996/2144/2089 2035/2181/2089 1997/2147/2089
f 1983/2145/2090 2022/2182/2090 1984/2148/2090
f 2010/2146/2091 2049/2183/2091 2011/2149/2091
f 1997/2147/2092 2036/2184/2092 1998/2150/2092
f 1984/2148/2093 2023/2185/2093 1985/2151/2093
f 2012/2152/2094 2049/2183/2094 2050/2186/2094
f 1999/2153/2095 2036/2184/2095 2037/2187/2095
f 1985/2151/2096 2024/2188/2096 1986/2154/2096
f 2012/2152/2097 2051/2189/2097 2013/2155/2097
f 1999/2153/2098 2038/2190/2098 2000/2156/2098
f 1987/2157/2099 2024/2188/2099 2025/2191/2099
f 2013/2155/2100 2052/2192/2100 2014/2158/2100
f 2000/2156/2101 2039/2193/2101 2001/2121/2101
f 1987/2157/2102 2026/2194/2102 1988/2119/2102
f 2014/2158/2103 2053/2195/2103 2015/2120/2103
f 2002/2122/2104 2039/2193/2104 2040/2196/2104
f 1989/2123/2105 2026/2194/2105 2027/2197/2105
f 2016/2124/2106 2053/2195/2106 2054/2198/2106
f 2029/2163/2107 2066/2199/2107 2067/2200/2107
f 2055/2161/2108 2094/2201/2108 2056/2164/2108
f 2042/2162/2109 2081/2202/2109 2043/2165/2109
f 2030/2166/2110 2067/2200/2110 2068/2203/2110
f 1866/2204/2111 2056/2164/2111 2094/2201/2111
f 2044/2168/2112 2081/2202/2112 2082/2205/2112
f 2030/2166/2113 2069/2206/2113 2031/2169/2113
f 2045/2170/2114 2082/2205/2114 2083/2207/2114
f 2031/2169/2115 2070/2208/2115 2032/2171/2115
f 2019/2173/2116 2171/2209/2116 2057/2210/2116
f 2045/2170/2117 2084/2211/2117 2046/2174/2117
f 2033/2175/2118 2070/2208/2118 2071/2212/2118
f 2020/2176/2119 2057/2210/2119 2058/2213/2119
f 2046/2174/2120 2085/2214/2120 2047/2177/2120
f 2033/2175/2121 2072/2215/2121 2034/2178/2121
f 2021/2179/2122 2058/2213/2122 2059/2216/2122
f 2048/2180/2123 2085/2214/2123 2086/2217/2123
f 2034/2178/2124 2073/2218/2124 2035/2181/2124
f 2021/2179/2125 2060/2219/2125 2022/2182/2125
f 2048/2180/2126 2087/2220/2126 2049/2183/2126
f 2035/2181/2127 2074/2221/2127 2036/2184/2127
f 2023/2185/2128 2060/2219/2128 2061/2222/2128
f 2050/2186/2129 2087/2220/2129 2088/2223/2129
f 2037/2187/2130 2074/2221/2130 2075/2224/2130
f 2024/2188/2131 2061/2222/2131 2062/2225/2131
f 2050/2186/2132 2089/2226/2132 2051/2189/2132
f 2037/2187/2133 2076/2227/2133 2038/2190/2133
f 2025/2191/2134 2062/2225/2134 2063/2228/2134
f 2051/2189/2135 2090/2229/2135 2052/2192/2135
f 2038/2190/2136 2077/2230/2136 2039/2193/2136
f 2025/2191/2137 2064/2231/2137 2026/2194/2137
f 2052/2192/2138 2091/2232/2138 2053/2195/2138
f 2040/2196/2139 2077/2230/2139 2078/2233/2139
f 2027/2197/2140 2064/2231/2140 2065/2234/2140
f 2054/2198/2141 2091/2232/2141 2092/2235/2141
f 2041/2159/2142 2078/2233/2142 2079/2236/2142
f 2027/2197/2143 2066/2199/2143 2028/2160/2143
f 2054/2198/2144 2093/2237/2144 2055/2161/2144
f 2042/2162/2145 2079/2236/2145 2080/2238/2145
f 1866/2239/2146 2094/2201/2146 2132/2240/2146
f 2082/2205/2147 2119/2241/2147 2120/2242/2147
f 2068/2203/2148 2107/2243/2148 2069/2206/2148
f 2083/2207/2149 2120/2242/2149 2121/2244/2149
f 2069/2206/2150 2108/2245/2150 2070/2208/2150
f 2057/2210/2151 2171/2246/2151 2095/2247/2151
f 2083/2207/2152 2122/2248/2152 2084/2211/2152
f 2071/2212/2153 2108/2245/2153 2109/2249/2153
f 2057/2210/2154 2096/2250/2154 2058/2213/2154
f 2084/2211/2155 2123/2251/2155 2085/2214/2155
f 2071/2212/2156 2110/2252/2156 2072/2215/2156
f 2059/2216/2157 2096/2250/2157 2097/2253/2157
f 2086/2217/2158 2123/2251/2158 2124/2254/2158
f 2072/2215/2159 2111/2255/2159 2073/2218/2159
f 2059/2216/2160 2098/2256/2160 2060/2219/2160
f 2086/2217/2161 2125/2257/2161 2087/2220/2161
f 2073/2218/2162 2112/2258/2162 2074/2221/2162
f 2060/2219/2163 2099/2259/2163 2061/2222/2163
f 2088/2223/2164 2125/2257/2164 2126/2260/2164
f 2074/2221/2165 2113/2261/2165 2075/2224/2165
f 2061/2222/2166 2100/2262/2166 2062/2225/2166
f 2088/2223/2167 2127/2263/2167 2089/2226/2167
f 2075/2224/2168 2114/2264/2168 2076/2227/2168
f 2063/2228/2169 2100/2262/2169 2101/2265/2169
f 2090/2229/2170 2127/2263/2170 2128/2266/2170
f 2076/2227/2171 2115/2267/2171 2077/2230/2171
f 2063/2228/2172 2102/2268/2172 2064/2231/2172
f 2091/2232/2173 2128/2266/2173 2129/2269/2173
f 2078/2233/2174 2115/2267/2174 2116/2270/2174
f 2065/2234/2175 2102/2268/2175 2103/2271/2175
f 2092/2235/2176 2129/2269/2176 2130/2272/2176
f 2079/2236/2177 2116/2270/2177 2117/2273/2177
f 2065/2234/2178 2104/2274/2178 2066/2199/2178
f 2092/2235/2179 2131/2275/2179 2093/2237/2179
f 2080/2238/2180 2117/2273/2180 2118/2276/2180
f 2067/2200/2181 2104/2274/2181 2105/2277/2181
f 2093/2237/2182 2132/2240/2182 2094/2201/2182
f 2080/2238/2183 2119/2241/2183 2081/2202/2183
f 2068/2203/2184 2105/2277/2184 2106/2278/2184
f 2121/2244/2185 2158/2279/2185 2159/2280/2185
f 2107/2243/2186 2146/2281/2186 2108/2245/2186
f 2095/2247/2187 2171/2282/2187 2133/2283/2187
f 2121/2244/2188 2160/2284/2188 2122/2248/2188
f 2109/2249/2189 2146/2281/2189 2147/2285/2189
f 2095/2247/2190 2134/2286/2190 2096/2250/2190
f 2122/2248/2191 2161/2287/2191 2123/2251/2191
f 2109/2249/2192 2148/2288/2192 2110/2252/2192
f 2096/2250/2193 2135/2289/2193 2097/2253/2193
f 2124/2254/2194 2161/2287/2194 2162/2290/2194
f 2110/2252/2195 2149/2291/2195 2111/2255/2195
f 2097/2253/2196 2136/2292/2196 2098/2256/2196
f 2124/2254/2197 2163/2293/2197 2125/2257/2197
f 2111/2255/2198 2150/2294/2198 2112/2258/2198
f 2099/2259/2199 2136/2292/2199 2137/2295/2199
f 2126/2260/2200 2163/2293/2200 2164/2296/2200
f 2113/2261/2201 2150/2294/2201 2151/2297/2201
f 2099/2259/2202 2138/2298/2202 2100/2262/2202
f 2126/2260/2203 2165/2299/2203 2127/2263/2203
f 2113/2261/2204 2152/2300/2204 2114/2264/2204
f 2101/2265/2205 2138/2298/2205 2139/2301/2205
f 2128/2266/2206 2165/2299/2206 2166/2302/2206
f 2114/2264/2207 2153/2303/2207 2115/2267/2207
f 2101/2265/2208 2140/2304/2208 2102/2268/2208
f 2128/2266/2209 2167/2305/2209 2129/2269/2209
f 2116/2270/2210 2153/2303/2210 2154/2306/2210
f 2103/2271/2211 2140/2304/2211 2141/2307/2211
f 2129/2269/2212 2168/2308/2212 2130/2272/2212
f 2117/2273/2213 2154/2306/2213 2155/2309/2213
f 2103/2271/2214 2142/2310/2214 2104/2274/2214
f 2130/2272/2215 2169/2311/2215 2131/2275/2215
f 2118/2276/2216 2155/2309/2216 2156/2312/2216
f 2105/2277/2217 2142/2310/2217 2143/2313/2217
f 2131/2275/2218 2170/2314/2218 2132/2240/2218
f 2118/2276/2219 2157/2315/2219 2119/2241/2219
f 2106/2278/2220 2143/2313/2220 2144/2316/2220
f 1866/2317/2221 2132/2240/2221 2170/2314/2221
f 2120/2242/2222 2157/2315/2222 2158/2279/2222
f 2106/2278/2223 2145/2318/2223 2107/2243/2223
f 2147/2285/2224 2185/2319/2224 2186/2320/2224
f 2133/2283/2225 2173/2321/2225 2134/2286/2225
f 2160/2284/2226 2200/2322/2226 2161/2287/2226
f 2147/2285/2227 2187/2323/2227 2148/2288/2227
f 2135/2289/2228 2173/2321/2228 2174/2324/2228
f 2162/2290/2229 2200/2322/2229 2201/2325/2229
f 2148/2288/2230 2188/2326/2230 2149/2291/2230
f 2135/2289/2231 2175/2327/2231 2136/2292/2231
f 2162/2290/2232 2202/2328/2232 2163/2293/2232
f 2149/2291/2233 2189/2329/2233 2150/2294/2233
f 2137/2295/2234 2175/2327/2234 2176/2330/2234
f 2164/2296/2235 2202/2328/2235 2203/2331/2235
f 2151/2297/2236 2189/2329/2236 2190/2332/2236
f 2138/2298/2237 2176/2330/2237 2177/2333/2237
f 2164/2296/2238 2204/2334/2238 2165/2299/2238
f 2151/2297/2239 2191/2335/2239 2152/2300/2239
f 2139/2301/2240 2177/2333/2240 2178/2336/2240
f 2165/2299/2241 2205/2337/2241 2166/2302/2241
f 2152/2300/2242 2192/2338/2242 2153/2303/2242
f 2139/2301/2243 2179/2339/2243 2140/2304/2243
f 2166/2302/2244 2206/2340/2244 2167/2305/2244
f 2154/2306/2245 2192/2338/2245 2193/2341/2245
f 2141/2307/2246 2179/2339/2246 2180/2342/2246
f 2168/2308/2247 2206/2340/2247 2207/2343/2247
f 2155/2309/2248 2193/2341/2248 2194/2344/2248
f 2141/2307/2249 2181/2345/2249 2142/2310/2249
f 2168/2308/2250 2208/2346/2250 2169/2311/2250
f 2156/2312/2251 2194/2344/2251 2195/2347/2251
f 2142/2310/2252 2182/2348/2252 2143/2313/2252
f 2170/2314/2253 2208/2346/2253 2209/2349/2253
f 2156/2312/2254 2196/2350/2254 2157/2315/2254
f 2144/2316/2255 2182/2348/2255 2183/2351/2255
f 1866/2352/2256 2170/2314/2256 2209/2349/2256
f 2158/2279/2257 2196/2350/2257 2197/2353/2257
f 2144/2316/2258 2184/2354/2258 2145/2318/2258
f 2159/2280/2259 2197/2353/2259 2198/2355/2259
f 2145/2318/2260 2185/2319/2260 2146/2281/2260
f 2133/2283/2261 2171/2356/2261 2172/2357/2261
f 2159/2280/2262 2199/2358/2262 2160/2284/2262
f 2174/2359/2263 2211/2360/2263 2212/2361/2263
f 2201/2362/2264 2238/2363/2264 2239/2364/2264
f 2187/2365/2265 2226/2366/2265 2188/2367/2265
f 2175/2368/2266 2212/2361/2266 2213/2369/2266
f 2201/2362/2267 2240/2370/2267 2202/2371/2267
f 2188/2367/2268 2227/2372/2268 2189/2373/2268
f 2176/2374/2269 2213/2369/2269 2214/2375/2269
f 2203/2376/2270 2240/2370/2270 2241/2377/2270
f 2190/2378/2271 2227/2372/2271 2228/2379/2271
f 2176/2374/2272 2215/2380/2272 2177/2381/2272
f 2203/2376/2273 2242/2382/2273 2204/2383/2273
f 2190/2378/2274 2229/2384/2274 2191/2385/2274
f 2178/2386/2275 2215/2380/2275 2216/2387/2275
f 2205/2388/2276 2242/2382/2276 2243/2389/2276
f 2191/2385/2277 2230/2390/2277 2192/2391/2277
f 2178/2386/2278 2217/2392/2278 2179/2393/2278
f 2205/2388/2279 2244/2394/2279 2206/2395/2279
f 2193/2396/2280 2230/2390/2280 2231/2397/2280
f 2180/2398/2281 2217/2392/2281 2218/2399/2281
f 2206/2395/2282 2245/2400/2282 2207/2401/2282
f 2194/2402/2283 2231/2397/2283 2232/2403/2283
f 2180/2398/2284 2219/2404/2284 2181/2405/2284
f 2207/2401/2285 2246/2406/2285 2208/2407/2285
f 2195/2408/2286 2232/2403/2286 2233/2409/2286
f 2182/2410/2287 2219/2404/2287 2220/2411/2287
f 2208/2407/2288 2247/2412/2288 2209/2413/2288
f 2195/2408/2289 2234/2414/2289 2196/2415/2289
f 2183/2416/2290 2220/2411/2290 2221/2417/2290
f 1866/2418/2291 2209/2413/2291 2247/2412/2291
f 2197/2419/2292 2234/2414/2292 2235/2420/2292
f 2183/2416/2293 2222/2421/2293 2184/2422/2293
f 2198/2423/2294 2235/2420/2294 2236/2424/2294
f 2184/2422/2295 2223/2425/2295 2185/2426/2295
f 2172/2427/2296 2171/2428/2296 2210/2429/2296
f 2198/2423/2297 2237/2430/2297 2199/2431/2297
f 2186/2432/2298 2223/2425/2298 2224/2433/2298
f 2173/2434/2299 2210/2429/2299 2211/2360/2299
f 2199/2431/2300 2238/2363/2300 2200/2435/2300
f 2186/2432/2301 2225/2436/2301 2187/2365/2301
f 2226/2366/2302 2265/2437/2302 2227/2372/2302
f 2213/2369/2303 2252/2438/2303 2214/2375/2303
f 2241/2377/2304 2278/2439/2304 2279/2440/2304
f 2228/2379/2305 2265/2437/2305 2266/2441/2305
f 2214/2375/2306 2253/2442/2306 2215/2380/2306
f 2241/2377/2307 2280/2443/2307 2242/2382/2307
f 2228/2379/2308 2267/2444/2308 2229/2384/2308
f 2216/2387/2309 2253/2442/2309 2254/2445/2309
f 2242/2382/2310 2281/2446/2310 2243/2389/2310
f 2229/2384/2311 2268/2447/2311 2230/2390/2311
f 2216/2387/2312 2255/2448/2312 2217/2392/2312
f 2244/2394/2313 2281/2446/2313 2282/2449/2313
f 2230/2390/2314 2269/2450/2314 2231/2397/2314
f 2218/2399/2315 2255/2448/2315 2256/2451/2315
f 2244/2394/2316 2283/2452/2316 2245/2400/2316
f 2232/2403/2317 2269/2450/2317 2270/2453/2317
f 2218/2399/2318 2257/2454/2318 2219/2404/2318
f 2245/2400/2319 2284/2455/2319 2246/2406/2319
f 2233/2409/2320 2270/2453/2320 2271/2456/2320
f 2220/2411/2321 2257/2454/2321 2258/2457/2321
f 2246/2406/2322 2285/2458/2322 2247/2412/2322
f 2233/2409/2323 2272/2459/2323 2234/2414/2323
f 2221/2417/2324 2258/2457/2324 2259/2460/2324
f 1866/2461/2325 2247/2412/2325 2285/2458/2325
f 2235/2420/2326 2272/2459/2326 2273/2462/2326
f 2221/2417/2327 2260/2463/2327 2222/2421/2327
f 2236/2424/2328 2273/2462/2328 2274/2464/2328
f 2222/2421/2329 2261/2465/2329 2223/2425/2329
f 2210/2429/2330 2171/2466/2330 2248/2467/2330
f 2236/2424/2331 2275/2468/2331 2237/2430/2331
f 2224/2433/2332 2261/2465/2332 2262/2469/2332
f 2210/2429/2333 2249/2470/2333 2211/2360/2333
f 2237/2430/2334 2276/2471/2334 2238/2363/2334
f 2224/2433/2335 2263/2472/2335 2225/2436/2335
f 2212/2361/2336 2249/2470/2336 2250/2473/2336
f 2239/2364/2337 2276/2471/2337 2277/2474/2337
f 2225/2436/2338 2264/2475/2338 2226/2366/2338
f 2213/2369/2339 2250/2473/2339 2251/2476/2339
f 2239/2364/2340 2278/2439/2340 2240/2370/2340
f 2252/2438/2341 2291/2477/2341 2253/2442/2341
f 2279/2440/2342 2318/2478/2342 2280/2443/2342
f 2266/2441/2343 2305/2479/2343 2267/2444/2343
f 2254/2445/2344 2291/2477/2344 2292/2480/2344
f 2280/2443/2345 2319/2481/2345 2281/2446/2345
f 2267/2444/2346 2306/2482/2346 2268/2447/2346
f 2254/2445/2347 2293/2483/2347 2255/2448/2347
f 2281/2446/2348 2320/2484/2348 2282/2449/2348
f 2269/2450/2349 2306/2482/2349 2307/2485/2349
f 2256/2451/2350 2293/2483/2350 2294/2486/2350
f 2282/2449/2351 2321/2487/2351 2283/2452/2351
f 2270/2453/2352 2307/2485/2352 2308/2488/2352
f 2256/2451/2353 2295/2489/2353 2257/2454/2353
f 2283/2452/2354 2322/2490/2354 2284/2455/2354
f 2271/2456/2355 2308/2488/2355 2309/2491/2355
f 2257/2454/2356 2296/2492/2356 2258/2457/2356
f 2284/2455/2357 2323/2493/2357 2285/2458/2357
f 2271/2456/2358 2310/2494/2358 2272/2459/2358
f 2259/2460/2359 2296/2492/2359 2297/2495/2359
f 1866/2496/2360 2285/2458/2360 2323/2493/2360
f 2273/2462/2361 2310/2494/2361 2311/2497/2361
f 2259/2460/2362 2298/2498/2362 2260/2463/2362
f 2274/2464/2363 2311/2497/2363 2312/2499/2363
f 2260/2463/2364 2299/2500/2364 2261/2465/2364
f 2248/2467/2365 2171/2501/2365 2286/2502/2365
f 2274/2464/2366 2313/2503/2366 2275/2468/2366
f 2262/2469/2367 2299/2500/2367 2300/2504/2367
f 2248/2467/2368 2287/2505/2368 2249/2470/2368
f 2275/2468/2369 2314/2506/2369 2276/2471/2369
f 2262/2469/2370 2301/2507/2370 2263/2472/2370
f 2250/2473/2371 2287/2505/2371 2288/2508/2371
f 2277/2474/2372 2314/2506/2372 2315/2509/2372
f 2263/2472/2373 2302/2510/2373 2264/2475/2373
f 2250/2473/2374 2289/2511/2374 2251/2476/2374
f 2277/2474/2375 2316/2512/2375 2278/2439/2375
f 2264/2475/2376 2303/2513/2376 2265/2437/2376
f 2252/2438/2377 2289/2511/2377 2290/2514/2377
f 2279/2440/2378 2316/2512/2378 2317/2515/2378
f 2265/2437/2379 2304/2516/2379 2266/2441/2379
f 2318/2478/2380 2357/2517/2380 2319/2481/2380
f 2306/2482/2381 2343/2518/2381 2344/2519/2381
f 2292/2480/2382 2331/2520/2382 2293/2483/2382
f 2319/2481/2383 2358/2521/2383 2320/2484/2383
f 2307/2485/2384 2344/2519/2384 2345/2522/2384
f 2294/2486/2385 2331/2520/2385 2332/2523/2385
f 2321/2487/2386 2358/2521/2386 2359/2524/2386
f 2308/2488/2387 2345/2522/2387 2346/2525/2387
f 2294/2486/2388 2333/2526/2388 2295/2489/2388
f 2321/2487/2389 2360/2527/2389 2322/2490/2389
f 2308/2488/2390 2347/2528/2390 2309/2491/2390
f 2296/2492/2391 2333/2526/2391 2334/2529/2391
f 2322/2490/2392 2361/2530/2392 2323/2493/2392
f 2309/2491/2393 2348/2531/2393 2310/2494/2393
f 2297/2495/2394 2334/2529/2394 2335/2532/2394
f 1866/2533/2395 2323/2493/2395 2361/2530/2395
f 2311/2497/2396 2348/2531/2396 2349/2534/2396
f 2297/2495/2397 2336/2535/2397 2298/2498/2397
f 2312/2499/2398 2349/2534/2398 2350/2536/2398
f 2298/2498/2399 2337/2537/2399 2299/2500/2399
f 2286/2502/2400 2171/2538/2400 2324/2539/2400
f 2312/2499/2401 2351/2540/2401 2313/2503/2401
f 2300/2504/2402 2337/2537/2402 2338/2541/2402
f 2286/2502/2403 2325/2542/2403 2287/2505/2403
f 2313/2503/2404 2352/2543/2404 2314/2506/2404
f 2300/2504/2405 2339/2544/2405 2301/2507/2405
f 2288/2508/2406 2325/2542/2406 2326/2545/2406
f 2315/2509/2407 2352/2543/2407 2353/2546/2407
f 2301/2507/2408 2340/2547/2408 2302/2510/2408
f 2288/2508/2409 2327/2548/2409 2289/2511/2409
f 2315/2509/2410 2354/2549/2410 2316/2512/2410
f 2302/2510/2411 2341/2550/2411 2303/2513/2411
f 2290/2514/2412 2327/2548/2412 2328/2551/2412
f 2317/2515/2413 2354/2549/2413 2355/2552/2413
f 2303/2513/2414 2342/2553/2414 2304/2516/2414
f 2291/2477/2415 2328/2551/2415 2329/2554/2415
f 2317/2515/2416 2356/2555/2416 2318/2478/2416
f 2304/2516/2417 2343/2518/2417 2305/2479/2417
f 2292/2480/2418 2329/2554/2418 2330/2556/2418
f 2345/2522/2419 2382/2557/2419 2383/2558/2419
f 2332/2523/2420 2369/2559/2420 2370/2560/2420
f 2359/2524/2421 2396/2561/2421 2397/2562/2421
f 2346/2525/2422 2383/2558/2422 2384/2563/2422
f 2332/2523/2423 2371/2564/2423 2333/2526/2423
f 2359/2524/2424 2398/2565/2424 2360/2527/2424
f 2347/2528/2425 2384/2563/2425 2385/2566/2425
f 2334/2529/2426 2371/2564/2426 2372/2567/2426
f 2360/2527/2427 2399/2568/2427 2361/2530/2427
f 2347/2528/2428 2386/2569/2428 2348/2531/2428
f 2335/2532/2429 2372/2567/2429 2373/2570/2429
f 1866/2571/2430 2361/2530/2430 2399/2568/2430
f 2349/2534/2431 2386/2569/2431 2387/2572/2431
f 2335/2532/2432 2374/2573/2432 2336/2535/2432
f 2350/2536/2433 2387/2572/2433 2388/2574/2433
f 2336/2535/2434 2375/2575/2434 2337/2537/2434
f 2324/2539/2435 2171/2576/2435 2362/2577/2435
f 2350/2536/2436 2389/2578/2436 2351/2540/2436
f 2338/2541/2437 2375/2575/2437 2376/2579/2437
f 2324/2539/2438 2363/2580/2438 2325/2542/2438
f 2351/2540/2439 2390/2581/2439 2352/2543/2439
f 2338/2541/2440 2377/2582/2440 2339/2544/2440
f 2326/2545/2441 2363/2580/2441 2364/2583/2441
f 2353/2546/2442 2390/2581/2442 2391/2584/2442
f 2339/2544/2443 2378/2585/2443 2340/2547/2443
f 2326/2545/2444 2365/2586/2444 2327/2548/2444
f 2353/2546/2445 2392/2587/2445 2354/2549/2445
f 2340/2547/2446 2379/2588/2446 2341/2550/2446
f 2327/2548/2447 2366/2589/2447 2328/2551/2447
f 2355/2552/2448 2392/2587/2448 2393/2590/2448
f 2341/2550/2449 2380/2591/2449 2342/2553/2449
f 2328/2551/2450 2367/2592/2450 2329/2554/2450
f 2355/2552/2451 2394/2593/2451 2356/2555/2451
f 2342/2553/2452 2381/2594/2452 2343/2518/2452
f 2330/2556/2453 2367/2592/2453 2368/2595/2453
f 2356/2555/2454 2395/2596/2454 2357/2517/2454
f 2343/2518/2455 2382/2557/2455 2344/2519/2455
f 2330/2556/2456 2369/2559/2456 2331/2520/2456
f 2357/2517/2457 2396/2561/2457 2358/2521/2457
f 2376/2579/2458 2415/2597/2458 2377/2582/2458
f 2364/2583/2459 2401/2598/2459 2402/2599/2459
f 2391/2584/2460 2428/2600/2460 2429/2601/2460
f 2377/2582/2461 2416/2602/2461 2378/2585/2461
f 2364/2583/2462 2403/2603/2462 2365/2586/2462
f 2391/2584/2463 2430/2604/2463 2392/2587/2463
f 2378/2585/2464 2417/2605/2464 2379/2588/2464
f 2365/2586/2465 2404/2606/2465 2366/2589/2465
f 2393/2590/2466 2430/2604/2466 2431/2607/2466
f 2379/2588/2467 2418/2608/2467 2380/2591/2467
f 2367/2592/2468 2404/2606/2468 2405/2609/2468
f 2393/2590/2469 2432/2610/2469 2394/2593/2469
f 2380/2591/2470 2419/2611/2470 2381/2594/2470
f 2368/2595/2471 2405/2609/2471 2406/2612/2471
f 2394/2593/2472 2433/2613/2472 2395/2596/2472
f 2381/2594/2473 2420/2614/2473 2382/2557/2473
f 2368/2595/2474 2407/2615/2474 2369/2559/2474
f 2395/2596/2475 2434/2616/2475 2396/2561/2475
f 2383/2558/2476 2420/2614/2476 2421/2617/2476
f 2370/2560/2477 2407/2615/2477 2408/2618/2477
f 2396/2561/2478 2435/2619/2478 2397/2562/2478
f 2383/2558/2479 2422/2620/2479 2384/2563/2479
f 2370/2560/2480 2409/2621/2480 2371/2564/2480
f 2397/2562/2481 2436/2622/2481 2398/2565/2481
f 2385/2566/2482 2422/2620/2482 2423/2623/2482
f 2372/2567/2483 2409/2621/2483 2410/2624/2483
f 2399/2568/2484 2436/2622/2484 2437/2625/2484
f 2385/2566/2485 2424/2626/2485 2386/2569/2485
f 2373/2570/2486 2410/2624/2486 2411/2627/2486
f 1866/2628/2487 2399/2568/2487 2437/2625/2487
f 2387/2572/2488 2424/2626/2488 2425/2629/2488
f 2373/2570/2489 2412/2630/2489 2374/2573/2489
f 2388/2574/2490 2425/2629/2490 2426/2631/2490
f 2374/2573/2491 2413/2632/2491 2375/2575/2491
f 2362/2577/2492 2171/2633/2492 2400/2634/2492
f 2388/2574/2493 2427/2635/2493 2389/2578/2493
f 2376/2579/2494 2413/2632/2494 2414/2636/2494
f 2362/2577/2495 2401/2598/2495 2363/2580/2495
f 2389/2578/2496 2428/2600/2496 2390/2581/2496
f 2402/2599/2497 2441/2637/2497 2403/2603/2497
f 2429/2601/2498 2468/2638/2498 2430/2604/2498
f 2416/2602/2499 2455/2639/2499 2417/2605/2499
f 2403/2603/2500 2442/2640/2500 2404/2606/2500
f 2431/2607/2501 2468/2638/2501 2469/2641/2501
f 2417/2605/2502 2456/2642/2502 2418/2608/2502
f 2404/2606/2503 2443/2643/2503 2405/2609/2503
f 2431/2607/2504 2470/2644/2504 2432/2610/2504
f 2418/2608/2505 2457/2645/2505 2419/2611/2505
f 2406/2612/2506 2443/2643/2506 2444/2646/2506
f 2433/2613/2507 2470/2644/2507 2471/2647/2507
f 2420/2614/2508 2457/2645/2508 2458/2648/2508
f 2406/2612/2509 2445/2649/2509 2407/2615/2509
f 2434/2616/2510 2471/2647/2510 2472/2650/2510
f 2421/2617/2511 2458/2648/2511 2459/2651/2511
f 2408/2618/2512 2445/2649/2512 2446/2652/2512
f 2435/2619/2513 2472/2650/2513 2473/2653/2513
f 2422/2620/2514 2459/2651/2514 2460/2654/2514
f 2408/2618/2515 2447/2655/2515 2409/2621/2515
f 2435/2619/2516 2474/2656/2516 2436/2622/2516
f 2423/2623/2517 2460/2654/2517 2461/2657/2517
f 2410/2624/2518 2447/2655/2518 2448/2658/2518
f 2436/2622/2519 2475/2659/2519 2437/2625/2519
f 2423/2623/2520 2462/2660/2520 2424/2626/2520
f 2411/2627/2521 2448/2658/2521 2449/2661/2521
f 1866/2662/2522 2437/2625/2522 2475/2659/2522
f 2425/2629/2523 2462/2660/2523 2463/2663/2523
f 2411/2627/2524 2450/2664/2524 2412/2630/2524
f 2426/2631/2525 2463/2663/2525 2464/2665/2525
f 2412/2630/2526 2451/2666/2526 2413/2632/2526
f 2400/2634/2527 2171/2667/2527 2438/2668/2527
f 2426/2631/2528 2465/2669/2528 2427/2635/2528
f 2414/2636/2529 2451/2666/2529 2452/2670/2529
f 2401/2598/2530 2438/2668/2530 2439/2671/2530
f 2427/2635/2531 2466/2672/2531 2428/2600/2531
f 2414/2636/2532 2453/2673/2532 2415/2597/2532
f 2402/2599/2533 2439/2671/2533 2440/2674/2533
f 2429/2601/2534 2466/2672/2534 2467/2675/2534
f 2415/2597/2535 2454/2676/2535 2416/2602/2535
f 2469/2641/2536 2506/2677/2536 2507/2678/2536
f 2455/2639/2537 2494/2679/2537 2456/2642/2537
f 2443/2643/2538 2480/2680/2538 2481/2681/2538
f 2469/2641/2539 2508/2682/2539 2470/2644/2539
f 2456/2642/2540 2495/2683/2540 2457/2645/2540
f 2444/2646/2541 2481/2681/2541 2482/2684/2541
f 2470/2644/2542 2509/2685/2542 2471/2647/2542
f 2457/2645/2543 2496/2686/2543 2458/2648/2543
f 2444/2646/2544 2483/2687/2544 2445/2649/2544
f 2471/2647/2545 2510/2688/2545 2472/2650/2545
f 2458/2648/2546 2497/2689/2546 2459/2651/2546
f 2446/2652/2547 2483/2687/2547 2484/2690/2547
f 2472/2650/2548 2511/2691/2548 2473/2653/2548
f 2459/2651/2549 2498/2692/2549 2460/2654/2549
f 2446/2652/2550 2485/2693/2550 2447/2655/2550
f 2473/2653/2551 2512/2694/2551 2474/2656/2551
f 2461/2657/2552 2498/2692/2552 2499/2695/2552
f 2448/2658/2553 2485/2693/2553 2486/2696/2553
f 2474/2656/2554 2513/2697/2554 2475/2659/2554
f 2461/2657/2555 2500/2698/2555 2462/2660/2555
f 2449/2661/2556 2486/2696/2556 2487/2699/2556
f 1866/2700/2557 2475/2659/2557 2513/2697/2557
f 2463/2663/2558 2500/2698/2558 2501/2701/2558
f 2449/2661/2559 2488/2702/2559 2450/2664/2559
f 2464/2665/2560 2501/2701/2560 2502/2703/2560
f 2450/2664/2561 2489/2704/2561 2451/2666/2561
f 2438/2668/2562 2171/2705/2562 2476/2706/2562
f 2464/2665/2563 2503/2707/2563 2465/2669/2563
f 2452/2670/2564 2489/2704/2564 2490/2708/2564
f 2438/2668/2565 2477/2709/2565 2439/2671/2565
f 2465/2669/2566 2504/2710/2566 2466/2672/2566
f 2452/2670/2567 2491/2711/2567 2453/2673/2567
f 2440/2674/2568 2477/2709/2568 2478/2712/2568
f 2467/2675/2569 2504/2710/2569 2505/2713/2569
f 2453/2673/2570 2492/2714/2570 2454/2676/2570
f 2440/2674/2571 2479/2715/2571 2441/2637/2571
f 2467/2675/2572 2506/2677/2572 2468/2638/2572
f 2454/2676/2573 2493/2716/2573 2455/2639/2573
f 2442/2640/2574 2479/2715/2574 2480/2680/2574
f 2494/2679/2575 2533/2717/2575 2495/2683/2575
f 2482/2684/2576 2519/2718/2576 2520/2719/2576
f 2508/2682/2577 2547/2720/2577 2509/2685/2577
f 2496/2686/2578 2533/2717/2578 2534/2721/2578
f 2482/2684/2579 2521/2722/2579 2483/2687/2579
f 2509/2685/2580 2548/2723/2580 2510/2688/2580
f 2496/2686/2581 2535/2724/2581 2497/2689/2581
f 2484/2690/2582 2521/2722/2582 2522/2725/2582
f 2511/2691/2583 2548/2723/2583 2549/2726/2583
f 2497/2689/2584 2536/2727/2584 2498/2692/2584
f 2484/2690/2585 2523/2728/2585 2485/2693/2585
f 2511/2691/2586 2550/2729/2586 2512/2694/2586
f 2499/2695/2587 2536/2727/2587 2537/2730/2587
f 2486/2696/2588 2523/2728/2588 2524/2731/2588
f 2512/2694/2589 2551/2732/2589 2513/2697/2589
f 2499/2695/2590 2538/2733/2590 2500/2698/2590
f 2487/2699/2591 2524/2731/2591 2525/2734/2591
f 1866/2735/2592 2513/2697/2592 2551/2732/2592
f 2501/2701/2593 2538/2733/2593 2539/2736/2593
f 2487/2699/2594 2526/2737/2594 2488/2702/2594
f 2502/2703/2595 2539/2736/2595 2540/2738/2595
f 2488/2702/2596 2527/2739/2596 2489/2704/2596
f 2476/2706/2597 2171/2740/2597 2514/2741/2597
f 2502/2703/2598 2541/2742/2598 2503/2707/2598
f 2490/2708/2599 2527/2739/2599 2528/2743/2599
f 2477/2709/2600 2514/2741/2600 2515/2744/2600
f 2503/2707/2601 2542/2745/2601 2504/2710/2601
f 2490/2708/2602 2529/2746/2602 2491/2711/2602
f 2478/2712/2603 2515/2744/2603 2516/2747/2603
f 2505/2713/2604 2542/2745/2604 2543/2748/2604
f 2491/2711/2605 2530/2749/2605 2492/2714/2605
f 2478/2712/2606 2517/2750/2606 2479/2715/2606
f 2505/2713/2607 2544/2751/2607 2506/2677/2607
f 2493/2716/2608 2530/2749/2608 2531/2752/2608
f 2480/2680/2609 2517/2750/2609 2518/2753/2609
f 2507/2678/2610 2544/2751/2610 2545/2754/2610
f 2493/2716/2611 2532/2755/2611 2494/2679/2611
f 2480/2680/2612 2519/2718/2612 2481/2681/2612
f 2507/2678/2613 2546/2756/2613 2508/2682/2613
f 2520/2719/2614 2559/2757/2614 2521/2722/2614
f 2547/2720/2615 2586/2758/2615 2548/2723/2615
f 2534/2721/2616 2573/2759/2616 2535/2724/2616
f 2522/2725/2617 2559/2757/2617 2560/2760/2617
f 2549/2726/2618 2586/2758/2618 2587/2761/2618
f 2536/2727/2619 2573/2759/2619 2574/2762/2619
f 2522/2725/2620 2561/2763/2620 2523/2728/2620
f 2549/2726/2621 2588/2764/2621 2550/2729/2621
f 2537/2730/2622 2574/2762/2622 2575/2765/2622
f 2524/2731/2623 2561/2763/2623 2562/2766/2623
f 2550/2729/2624 2589/2767/2624 2551/2732/2624
f 2537/2730/2625 2576/2768/2625 2538/2733/2625
f 2525/2734/2626 2562/2766/2626 2563/2769/2626
f 1866/2770/2627 2551/2732/2627 2589/2767/2627
f 2539/2736/2628 2576/2768/2628 2577/2771/2628
f 2525/2734/2629 2564/2772/2629 2526/2737/2629
f 2540/2738/2630 2577/2771/2630 2578/2773/2630
f 2526/2737/2631 2565/2774/2631 2527/2739/2631
f 2514/2741/2632 2171/2775/2632 2552/2776/2632
f 2540/2738/2633 2579/2777/2633 2541/2742/2633
f 2528/2743/2634 2565/2774/2634 2566/2778/2634
f 2514/2741/2635 2553/2779/2635 2515/2744/2635
f 2541/2742/2636 2580/2780/2636 2542/2745/2636
f 2528/2743/2637 2567/2781/2637 2529/2746/2637
f 2516/2747/2638 2553/2779/2638 2554/2782/2638
f 2543/2748/2639 2580/2780/2639 2581/2783/2639
f 2529/2746/2640 2568/2784/2640 2530/2749/2640
f 2516/2747/2641 2555/2785/2641 2517/2750/2641
f 2543/2748/2642 2582/2786/2642 2544/2751/2642
f 2531/2752/2643 2568/2784/2643 2569/2787/2643
f 2518/2753/2644 2555/2785/2644 2556/2788/2644
f 2545/2754/2645 2582/2786/2645 2583/2789/2645
f 2531/2752/2646 2570/2790/2646 2532/2755/2646
f 2519/2718/2647 2556/2788/2647 2557/2791/2647
f 2545/2754/2648 2584/2792/2648 2546/2756/2648
f 2532/2755/2649 2571/2793/2649 2533/2717/2649
f 2520/2719/2650 2557/2791/2650 2558/2794/2650
f 2546/2756/2651 2585/2795/2651 2547/2720/2651
f 2533/2717/2652 2572/2796/2652 2534/2721/2652
f 2574/2762/2653 2611/2797/2653 2612/2798/2653
f 2560/2760/2654 2599/2799/2654 2561/2763/2654
f 2587/2761/2655 2626/2800/2655 2588/2764/2655
f 2575/2765/2656 2612/2798/2656 2613/2801/2656
f 2562/2766/2657 2599/2799/2657 2600/2802/2657
f 2588/2764/2658 2627/2803/2658 2589/2767/2658
f 2575/2765/2659 2614/2804/2659 2576/2768/2659
f 2563/2769/2660 2600/2802/2660 2601/2805/2660
f 1866/2806/2661 2589/2767/2661 2627/2803/2661
f 2577/2771/2662 2614/2804/2662 2615/2807/2662
f 2563/2769/2663 2602/2808/2663 2564/2772/2663
f 2578/2773/2664 2615/2807/2664 2616/2809/2664
f 2564/2772/2665 2603/2810/2665 2565/2774/2665
f 2552/2776/2666 2171/2811/2666 2590/2812/2666
f 2578/2773/2667 2617/2813/2667 2579/2777/2667
f 2566/2778/2668 2603/2810/2668 2604/2814/2668
f 2552/2776/2669 2591/2815/2669 2553/2779/2669
f 2579/2777/2670 2618/2816/2670 2580/2780/2670
f 2566/2778/2671 2605/2817/2671 2567/2781/2671
f 2554/2782/2672 2591/2815/2672 2592/2818/2672
f 2581/2783/2673 2618/2816/2673 2619/2819/2673
f 2567/2781/2674 2606/2820/2674 2568/2784/2674
f 2554/2782/2675 2593/2821/2675 2555/2785/2675
f 2581/2783/2676 2620/2822/2676 2582/2786/2676
f 2569/2787/2677 2606/2820/2677 2607/2823/2677
f 2555/2785/2678 2594/2824/2678 2556/2788/2678
f 2583/2789/2679 2620/2822/2679 2621/2825/2679
f 2569/2787/2680 2608/2826/2680 2570/2790/2680
f 2557/2791/2681 2594/2824/2681 2595/2827/2681
f 2583/2789/2682 2622/2828/2682 2584/2792/2682
f 2570/2790/2683 2609/2829/2683 2571/2793/2683
f 2558/2794/2684 2595/2827/2684 2596/2830/2684
f 2584/2792/2685 2623/2831/2685 2585/2795/2685
f 2571/2793/2686 2610/2832/2686 2572/2796/2686
f 2558/2794/2687 2597/2833/2687 2559/2757/2687
f 2586/2758/2688 2623/2831/2688 2624/2834/2688
f 2572/2796/2689 2611/2797/2689 2573/2759/2689
f 2560/2760/2690 2597/2833/2690 2598/2835/2690
f 2587/2761/2691 2624/2834/2691 2625/2836/2691
f 2600/2802/2692 2637/2837/2692 2638/2838/2692
f 2626/2800/2693 2665/2839/2693 2627/2803/2693
f 2613/2801/2694 2652/2840/2694 2614/2804/2694
f 2601/2805/2695 2638/2838/2695 2639/2841/2695
f 1866/2842/2696 2627/2803/2696 2665/2839/2696
f 2615/2807/2697 2652/2840/2697 2653/2843/2697
f 2601/2805/2698 2640/2844/2698 2602/2808/2698
f 2616/2809/2699 2653/2843/2699 2654/2845/2699
f 2602/2808/2700 2641/2846/2700 2603/2810/2700
f 2590/2812/2701 2171/2847/2701 2628/2848/2701
f 2616/2809/2702 2655/2849/2702 2617/2813/2702
f 2604/2814/2703 2641/2846/2703 2642/2850/2703
f 2591/2815/2704 2628/2848/2704 2629/2851/2704
f 2617/2813/2705 2656/2852/2705 2618/2816/2705
f 2604/2814/2706 2643/2853/2706 2605/2817/2706
f 2592/2818/2707 2629/2851/2707 2630/2854/2707
f 2619/2819/2708 2656/2852/2708 2657/2855/2708
f 2605/2817/2709 2644/2856/2709 2606/2820/2709
f 2592/2818/2710 2631/2857/2710 2593/2821/2710
f 2619/2819/2711 2658/2858/2711 2620/2822/2711
f 2607/2823/2712 2644/2856/2712 2645/2859/2712
f 2594/2824/2713 2631/2857/2713 2632/2860/2713
f 2621/2825/2714 2658/2858/2714 2659/2861/2714
f 2608/2826/2715 2645/2859/2715 2646/2862/2715
f 2595/2827/2716 2632/2860/2716 2633/2863/2716
f 2621/2825/2717 2660/2864/2717 2622/2828/2717
f 2608/2826/2718 2647/2865/2718 2609/2829/2718
f 2596/2830/2719 2633/2863/2719 2634/2866/2719
f 2622/2828/2720 2661/2867/2720 2623/2831/2720
f 2609/2829/2721 2648/2868/2721 2610/2832/2721
f 2596/2830/2722 2635/2869/2722 2597/2833/2722
f 2623/2831/2723 2662/2870/2723 2624/2834/2723
f 2610/2832/2724 2649/2871/2724 2611/2797/2724
f 2598/2835/2725 2635/2869/2725 2636/2872/2725
f 2625/2836/2726 2662/2870/2726 2663/2873/2726
f 2612/2798/2727 2649/2871/2727 2650/2874/2727
f 2598/2835/2728 2637/2837/2728 2599/2799/2728
f 2625/2836/2729 2664/2875/2729 2626/2800/2729
f 2612/2798/2730 2651/2876/2730 2613/2801/2730
f 1866/2877/2731 2665/2839/2731 2703/2878/2731
f 2653/2843/2732 2690/2879/2732 2691/2880/2732
f 2639/2841/2733 2678/2881/2733 2640/2844/2733
f 2654/2845/2734 2691/2880/2734 2692/2882/2734
f 2640/2844/2735 2679/2883/2735 2641/2846/2735
f 2628/2848/2736 2171/2884/2736 2666/2885/2736
f 2654/2845/2737 2693/2886/2737 2655/2849/2737
f 2642/2850/2738 2679/2883/2738 2680/2887/2738
f 2629/2851/2739 2666/2885/2739 2667/2888/2739
f 2655/2849/2740 2694/2889/2740 2656/2852/2740
f 2642/2850/2741 2681/2890/2741 2643/2853/2741
f 2630/2854/2742 2667/2888/2742 2668/2891/2742
f 2657/2855/2743 2694/2889/2743 2695/2892/2743
f 2643/2853/2744 2682/2893/2744 2644/2856/2744
f 2630/2854/2745 2669/2894/2745 2631/2857/2745
f 2657/2855/2746 2696/2895/2746 2658/2858/2746
f 2645/2859/2747 2682/2893/2747 2683/2896/2747
f 2632/2860/2748 2669/2894/2748 2670/2897/2748
f 2659/2861/2749 2696/2895/2749 2697/2898/2749
f 2645/2859/2750 2684/2899/2750 2646/2862/2750
f 2633/2863/2751 2670/2897/2751 2671/2900/2751
f 2659/2861/2752 2698/2901/2752 2660/2864/2752
f 2646/2862/2753 2685/2902/2753 2647/2865/2753
f 2634/2866/2754 2671/2900/2754 2672/2903/2754
f 2660/2864/2755 2699/2904/2755 2661/2867/2755
f 2648/2868/2756 2685/2902/2756 2686/2905/2756
f 2634/2866/2757 2673/2906/2757 2635/2869/2757
f 2661/2867/2758 2700/2907/2758 2662/2870/2758
f 2648/2868/2759 2687/2908/2759 2649/2871/2759
f 2636/2872/2760 2673/2906/2760 2674/2909/2760
f 2662/2870/2761 2701/2910/2761 2663/2873/2761
f 2650/2874/2762 2687/2908/2762 2688/2911/2762
f 2636/2872/2763 2675/2912/2763 2637/2837/2763
f 2663/2873/2764 2702/2913/2764 2664/2875/2764
f 2651/2876/2765 2688/2911/2765 2689/2914/2765
f 2638/2838/2766 2675/2912/2766 2676/2915/2766
f 2664/2875/2767 2703/2878/2767 2665/2839/2767
f 2651/2876/2768 2690/2879/2768 2652/2840/2768
f 2639/2841/2769 2676/2915/2769 2677/2916/2769
f 2692/2882/2770 2729/2917/2770 2730/2918/2770
f 2678/2881/2771 2717/2919/2771 2679/2883/2771
f 2666/2885/2772 2171/2920/2772 2704/2921/2772
f 2692/2882/2773 2731/2922/2773 2693/2886/2773
f 2680/2887/2774 2717/2919/2774 2718/2923/2774
f 2667/2888/2775 2704/2921/2775 2705/2924/2775
f 2693/2886/2776 2732/2925/2776 2694/2889/2776
f 2680/2887/2777 2719/2926/2777 2681/2890/2777
f 2668/2891/2778 2705/2924/2778 2706/2927/2778
f 2695/2892/2779 2732/2925/2779 2733/2928/2779
f 2681/2890/2780 2720/2929/2780 2682/2893/2780
f 2669/2894/2781 2706/2927/2781 2707/2930/2781
f 2695/2892/2782 2734/2931/2782 2696/2895/2782
f 2683/2896/2783 2720/2929/2783 2721/2932/2783
f 2670/2897/2784 2707/2930/2784 2708/2933/2784
f 2697/2898/2785 2734/2931/2785 2735/2934/2785
f 2683/2896/2786 2722/2935/2786 2684/2899/2786
f 2670/2897/2787 2709/2936/2787 2671/2900/2787
f 2697/2898/2788 2736/2937/2788 2698/2901/2788
f 2684/2899/2789 2723/2938/2789 2685/2902/2789
f 2672/2903/2790 2709/2936/2790 2710/2939/2790
f 2698/2901/2791 2737/2940/2791 2699/2904/2791
f 2685/2902/2792 2724/2941/2792 2686/2905/2792
f 2672/2903/2793 2711/2942/2793 2673/2906/2793
f 2699/2904/2794 2738/2943/2794 2700/2907/2794
f 2686/2905/2795 2725/2944/2795 2687/2908/2795
f 2674/2909/2796 2711/2942/2796 2712/2945/2796
f 2701/2910/2797 2738/2943/2797 2739/2946/2797
f 2688/2911/2798 2725/2944/2798 2726/2947/2798
f 2674/2909/2799 2713/2948/2799 2675/2912/2799
f 2701/2910/2800 2740/2949/2800 2702/2913/2800
f 2689/2914/2801 2726/2947/2801 2727/2950/2801
f 2676/2915/2802 2713/2948/2802 2714/2951/2802
f 2703/2878/2803 2740/2949/2803 2741/2952/2803
f 2689/2914/2804 2728/2953/2804 2690/2879/2804
f 2677/2916/2805 2714/2951/2805 2715/2954/2805
f 1866/2955/2806 2703/2878/2806 2741/2952/2806
f 2691/2880/2807 2728/2953/2807 2729/2917/2807
f 2677/2916/2808 2716/2956/2808 2678/2881/2808
f 2718/2923/2809 2755/2957/2809 2756/2958/2809
f 2704/2921/2810 2743/2959/2810 2705/2924/2810
f 2731/2922/2811 2770/2960/2811 2732/2925/2811
f 2718/2923/2812 2757/2961/2812 2719/2926/2812
f 2705/2924/2813 2744/2962/2813 2706/2927/2813
f 2733/2928/2814 2770/2960/2814 2771/2963/2814
f 2719/2926/2815 2758/2964/2815 2720/2929/2815
f 2706/2927/2816 2745/2965/2816 2707/2930/2816
f 2733/2928/2817 2772/2966/2817 2734/2931/2817
f 2721/2932/2818 2758/2964/2818 2759/2967/2818
f 2707/2930/2819 2746/2968/2819 2708/2933/2819
f 2735/2934/2820 2772/2966/2820 2773/2969/2820
f 2721/2932/2821 2760/2970/2821 2722/2935/2821
f 2709/2936/2822 2746/2968/2822 2747/2971/2822
f 2735/2934/2823 2774/2972/2823 2736/2937/2823
f 2722/2935/2824 2761/2973/2824 2723/2938/2824
f 2710/2939/2825 2747/2971/2825 2748/2974/2825
f 2736/2937/2826 2775/2975/2826 2737/2940/2826
f 2723/2938/2827 2762/2976/2827 2724/2941/2827
f 2710/2939/2828 2749/2977/2828 2711/2942/2828
f 2737/2940/2829 2776/2978/2829 2738/2943/2829
f 2724/2941/2830 2763/2979/2830 2725/2944/2830
f 2712/2945/2831 2749/2977/2831 2750/2980/2831
f 2739/2946/2832 2776/2978/2832 2777/2981/2832
f 2725/2944/2833 2764/2982/2833 2726/2947/2833
f 2712/2945/2834 2751/2983/2834 2713/2948/2834
f 2739/2946/2835 2778/2984/2835 2740/2949/2835
f 2727/2950/2836 2764/2982/2836 2765/2985/2836
f 2714/2951/2837 2751/2983/2837 2752/2986/2837
f 2740/2949/2838 2779/2987/2838 2741/2952/2838
f 2727/2950/2839 2766/2988/2839 2728/2953/2839
f 2715/2954/2840 2752/2986/2840 2753/2989/2840
f 1866/2990/2841 2741/2952/2841 2779/2987/2841
f 2729/2917/2842 2766/2988/2842 2767/2991/2842
f 2715/2954/2843 2754/2992/2843 2716/2956/2843
f 2730/2918/2844 2767/2991/2844 2768/2993/2844
f 2716/2956/2845 2755/2957/2845 2717/2919/2845
f 2704/2921/2846 2171/2994/2846 2742/2995/2846
f 2730/2918/2847 2769/2996/2847 2731/2922/2847
f 2744/2962/2848 2781/2997/2848 2782/2998/2848
f 2771/2963/2849 2808/2999/2849 2809/3000/2849
f 2758/2964/2850 2795/3001/2850 2796/3002/2850
f 2744/2962/2851 2783/3003/2851 2745/2965/2851
f 2771/2963/2852 2810/3004/2852 2772/2966/2852
f 2759/2967/2853 2796/3002/2853 2797/3005/2853
f 2745/2965/2854 2784/3006/2854 2746/2968/2854
f 2773/2969/2855 2810/3004/2855 2811/3007/2855
f 2759/2967/2856 2798/3008/2856 2760/2970/2856
f 2746/2968/2857 2785/3009/2857 2747/2971/2857
f 2773/2969/2858 2812/3010/2858 2774/2972/2858
f 2760/2970/2859 2799/3011/2859 2761/2973/2859
f 2748/2974/2860 2785/3009/2860 2786/3012/2860
f 2774/2972/2861 2813/3013/2861 2775/2975/2861
f 2761/2973/2862 2800/3014/2862 2762/2976/2862
f 2748/2974/2863 2787/3015/2863 2749/2977/2863
f 2776/2978/2864 2813/3013/2864 2814/3016/2864
f 2762/2976/2865 2801/3017/2865 2763/2979/2865
f 2750/2980/2866 2787/3015/2866 2788/3018/2866
f 2777/2981/2867 2814/3016/2867 2815/3019/2867
f 2763/2979/2868 2802/3020/2868 2764/2982/2868
f 2750/2980/2869 2789/3021/2869 2751/2983/2869
f 2777/2981/2870 2816/3022/2870 2778/2984/2870
f 2765/2985/2871 2802/3020/2871 2803/3023/2871
f 2752/2986/2872 2789/3021/2872 2790/3024/2872
f 2778/2984/2873 2817/3025/2873 2779/2987/2873
f 2765/2985/2874 2804/3026/2874 2766/2988/2874
f 2753/2989/2875 2790/3024/2875 2791/3027/2875
f 1866/3028/2876 2779/2987/2876 2817/3025/2876
f 2767/2991/2877 2804/3026/2877 2805/3029/2877
f 2753/2989/2878 2792/3030/2878 2754/2992/2878
f 2768/2993/2879 2805/3029/2879 2806/3031/2879
f 2754/2992/2880 2793/3032/2880 2755/2957/2880
f 2742/2995/2881 2171/3033/2881 2780/3034/2881
f 2768/2993/2882 2807/3035/2882 2769/2996/2882
f 2756/2958/2883 2793/3032/2883 2794/3036/2883
f 2742/2995/2884 2781/2997/2884 2743/2959/2884
f 2769/2996/2885 2808/2999/2885 2770/2960/2885
f 2756/2958/2886 2795/3001/2886 2757/2961/2886
f 2797/3005/2887 2834/3037/2887 2835/3038/2887
f 2783/3003/2888 2822/3039/2888 2784/3006/2888
f 2811/3007/2889 2848/3040/2889 2849/3041/2889
f 2797/3005/2890 2836/3042/2890 2798/3008/2890
f 2784/3006/2891 2823/3043/2891 2785/3009/2891
f 2811/3007/2892 2850/3044/2892 2812/3010/2892
f 2798/3008/2893 2837/3045/2893 2799/3011/2893
f 2786/3012/2894 2823/3043/2894 2824/3046/2894
f 2813/3013/2895 2850/3044/2895 2851/3047/2895
f 2800/3014/2896 2837/3045/2896 2838/3048/2896
f 2786/3012/2897 2825/3049/2897 2787/3015/2897
f 2813/3013/2898 2852/3050/2898 2814/3016/2898
f 2800/3014/2899 2839/3051/2899 2801/3017/2899
f 2788/3018/2900 2825/3049/2900 2826/3052/2900
f 2815/3019/2901 2852/3050/2901 2853/3053/2901
f 2801/3017/2902 2840/3054/2902 2802/3020/2902
f 2788/3018/2903 2827/3055/2903 2789/3021/2903
f 2815/3019/2904 2854/3056/2904 2816/3022/2904
f 2803/3023/2905 2840/3054/2905 2841/3057/2905
f 2790/3024/2906 2827/3055/2906 2828/3058/2906
f 2816/3022/2907 2855/3059/2907 2817/3025/2907
f 2803/3023/2908 2842/3060/2908 2804/3026/2908
f 2791/3027/2909 2828/3058/2909 2829/3061/2909
f 1866/3062/2910 2817/3025/2910 2855/3059/2910
f 2805/3029/2911 2842/3060/2911 2843/3063/2911
f 2791/3027/2912 2830/3064/2912 2792/3030/2912
f 2806/3031/2913 2843/3063/2913 2844/3065/2913
f 2792/3030/2914 2831/3066/2914 2793/3032/2914
f 2780/3034/2915 2171/3067/2915 2818/3068/2915
f 2806/3031/2916 2845/3069/2916 2807/3035/2916
f 2794/3036/2917 2831/3066/2917 2832/3070/2917
f 2780/3034/2918 2819/3071/2918 2781/2997/2918
f 2807/3035/2919 2846/3072/2919 2808/2999/2919
f 2794/3036/2920 2833/3073/2920 2795/3001/2920
f 2781/2997/2921 2820/3074/2921 2782/2998/2921
f 2809/3000/2922 2846/3072/2922 2847/3075/2922
f 2796/3002/2923 2833/3073/2923 2834/3037/2923
f 2783/3003/2924 2820/3074/2924 2821/3076/2924
f 2809/3000/2925 2848/3040/2925 2810/3004/2925
f 2823/3043/2926 2860/3077/2926 2861/3078/2926
f 2849/3041/2927 2888/3079/2927 2850/3044/2927
f 2836/3042/2928 2875/3080/2928 2837/3045/2928
f 2824/3046/2929 2861/3078/2929 2862/3081/2929
f 2850/3044/2930 2889/3082/2930 2851/3047/2930
f 2838/3048/2931 2875/3080/2931 2876/3083/2931
f 2824/3046/2932 2863/3084/2932 2825/3049/2932
f 2851/3047/2933 2890/3085/2933 2852/3050/2933
f 2838/3048/2934 2877/3086/2934 2839/3051/2934
f 2826/3052/2935 2863/3084/2935 2864/3087/2935
f 2853/3053/2936 2890/3085/2936 2891/3088/2936
f 2839/3051/2937 2878/3089/2937 2840/3054/2937
f 2826/3052/2938 2865/3090/2938 2827/3055/2938
f 2853/3053/2939 2892/3091/2939 2854/3056/2939
f 2841/3057/2940 2878/3089/2940 2879/3092/2940
f 2828/3058/2941 2865/3090/2941 2866/3093/2941
f 2854/3056/2942 2893/3094/2942 2855/3059/2942
f 2841/3057/2943 2880/3095/2943 2842/3060/2943
f 2829/3061/2944 2866/3093/2944 2867/3096/2944
f 1866/3097/2945 2855/3059/2945 2893/3094/2945
f 2843/3063/2946 2880/3095/2946 2881/3098/2946
f 2829/3061/2947 2868/3099/2947 2830/3064/2947
f 2844/3065/2948 2881/3098/2948 2882/3100/2948
f 2830/3064/2949 2869/3101/2949 2831/3066/2949
f 2818/3068/2950 2171/3102/2950 2856/3103/2950
f 2844/3065/2951 2883/3104/2951 2845/3069/2951
f 2832/3070/2952 2869/3101/2952 2870/3105/2952
f 2819/3071/2953 2856/3103/2953 2857/3106/2953
f 2845/3069/2954 2884/3107/2954 2846/3072/2954
f 2832/3070/2955 2871/3108/2955 2833/3073/2955
f 2820/3074/2956 2857/3106/2956 2858/3109/2956
f 2847/3075/2957 2884/3107/2957 2885/3110/2957
f 2834/3037/2958 2871/3108/2958 2872/3111/2958
f 2820/3074/2959 2859/3112/2959 2821/3076/2959
f 2847/3075/2960 2886/3113/2960 2848/3040/2960
f 2834/3037/2961 2873/3114/2961 2835/3038/2961
f 2822/3039/2962 2859/3112/2962 2860/3077/2962
f 2849/3041/2963 2886/3113/2963 2887/3115/2963
f 2835/3038/2964 2874/3116/2964 2836/3042/2964
f 2888/3079/2965 2927/3117/2965 2889/3082/2965
f 2875/3080/2966 2914/3118/2966 2876/3083/2966
f 2862/3081/2967 2901/3119/2967 2863/3084/2967
f 2889/3082/2968 2928/3120/2968 2890/3085/2968
f 2876/3083/2969 2915/3121/2969 2877/3086/2969
f 2864/3087/2970 2901/3119/2970 2902/3122/2970
f 2891/3088/2971 2928/3120/2971 2929/3123/2971
f 2877/3086/2972 2916/3124/2972 2878/3089/2972
f 2864/3087/2973 2903/3125/2973 2865/3090/2973
f 2891/3088/2974 2930/3126/2974 2892/3091/2974
f 2879/3092/2975 2916/3124/2975 2917/3127/2975
f 2866/3093/2976 2903/3125/2976 2904/3128/2976
f 2892/3091/2977 2931/3129/2977 2893/3094/2977
f 2879/3092/2978 2918/3130/2978 2880/3095/2978
f 2867/3096/2979 2904/3128/2979 2905/3131/2979
f 1866/3132/2980 2893/3094/2980 2931/3129/2980
f 2881/3098/2981 2918/3130/2981 2919/3133/2981
f 2867/3096/2982 2906/3134/2982 2868/3099/2982
f 2882/3100/2983 2919/3133/2983 2920/3135/2983
f 2868/3099/2984 2907/3136/2984 2869/3101/2984
f 2856/3103/2985 2171/3137/2985 2894/3138/2985
f 2882/3100/2986 2921/3139/2986 2883/3104/2986
f 2870/3105/2987 2907/3136/2987 2908/3140/2987
f 2856/3103/2988 2895/3141/2988 2857/3106/2988
f 2883/3104/2989 2922/3142/2989 2884/3107/2989
f 2870/3105/2990 2909/3143/2990 2871/3108/2990
f 2858/3109/2991 2895/3141/2991 2896/3144/2991
f 2885/3110/2992 2922/3142/2992 2923/3145/2992
f 2872/3111/2993 2909/3143/2993 2910/3146/2993
f 2858/3109/2994 2897/3147/2994 2859/3112/2994
f 2885/3110/2995 2924/3148/2995 2886/3113/2995
f 2873/3114/2996 2910/3146/2996 2911/3149/2996
f 2859/3112/2997 2898/3150/2997 2860/3077/2997
f 2887/3115/2998 2924/3148/2998 2925/3151/2998
f 2873/3114/2999 2912/3152/2999 2874/3116/2999
f 2861/3078/3000 2898/3150/3000 2899/3153/3000
f 2887/3115/3001 2926/3154/3001 2888/3079/3001
f 2874/3116/3002 2913/3155/3002 2875/3080/3002
f 2862/3081/3003 2899/3153/3003 2900/3156/3003
f 2914/3118/3004 2952/44/3004 2915/3121/3004
f 2902/3122/3005 2938/41/3005 2939/47/3005
f 2929/3123/3006 2963/42/3006 2964/48/3006
f 2915/3121/3007 2953/50/3007 2916/3124/3007
f 2902/3122/3008 2940/53/3008 2903/3125/3008
f 2929/3123/3009 2965/54/3009 2930/3126/3009
f 2917/3127/3010 2953/50/3010 2954/56/3010
f 2904/3128/3011 2940/53/3011 2941/59/3011
f 2930/3126/3012 2966/60/3012 2931/3129/3012
f 2917/3127/3013 2955/62/3013 2918/3130/3013
f 2905/3131/3014 2941/59/3014 2942/65/3014
f 1866/3157/3015 2931/3129/3015 2966/60/3015
f 2919/3133/3016 2955/62/3016 2956/67/3016
f 2905/3131/3017 2943/70/3017 2906/3134/3017
f 2920/3135/3018 2956/67/3018 2/71/3018
f 2906/3134/3019 2944/74/3019 2907/3136/3019
f 2894/3138/3020 2171/3158/3020 2932/1/3020
f 2921/3139/3021 2/71/3021 2957/77/3021
f 2908/3140/3022 2944/74/3022 2945/7/3022
f 2894/3138/3023 2933/3/3023 2895/3141/3023
f 2921/3139/3024 2958/4/3024 2922/3142/3024
f 2908/3140/3025 2946/9/3025 2909/3143/3025
f 2895/3141/3026 2934/11/3026 2896/3144/3026
f 2923/3145/3027 2958/4/3027 2959/12/3027
f 2910/3146/3028 2946/9/3028 2947/15/3028
f 2896/3144/3029 2935/17/3029 2897/3147/3029
f 2923/3145/3030 2960/18/3030 2924/3148/3030
f 2911/3149/3031 2947/15/3031 2948/21/3031
f 2897/3147/3032 2936/23/3032 2898/3150/3032
f 2925/3151/3033 2960/18/3033 3/24/3033
f 2911/3149/3034 2949/27/3034 2912/3152/3034
f 2898/3150/3035 2937/29/3035 2899/3153/3035
f 2926/3154/3036 3/24/3036 2961/30/3036
f 2912/3152/3037 2950/33/3037 2913/3155/3037
f 2899/3153/3038 1/35/3038 2900/3156/3038
f 2926/3154/3039 2962/36/3039 2927/3117/3039
f 2913/3155/3040 2951/38/3040 2914/3118/3040
f 2900/3156/3041 2938/41/3041 2901/3119/3041
f 2927/3117/3042 2963/42/3042 2928/3120/3042
f 2932/1/1 4/76/1 5/2/1
f 2958/4/2 2957/77/2 31/5/2
f 2945/7/3 18/78/3 19/8/3
f 2933/3/4 5/2/4 6/10/4
f 2959/12/3043 2958/4/3043 32/6/3043
f 2946/9/6 19/8/6 20/14/6
f 2934/11/7 6/10/7 7/16/7
f 2960/18/8 2959/12/8 33/13/8
f 2947/15/9 20/14/9 21/20/9
f 2935/17/10 7/16/10 8/22/10
f 3/24/11 2960/18/11 34/19/11
f 2948/21/12 21/20/12 22/26/12
f 2936/23/13 8/22/13 9/28/13
f 2961/30/3044 3/24/3044 35/25/3044
f 2949/27/15 22/26/15 23/32/15
f 2937/29/3045 9/28/3045 10/34/3045
f 2962/36/17 2961/30/17 36/31/17
f 2951/38/18 2950/33/18 23/32/18
f 1/35/19 10/34/19 11/40/19
f 2963/42/20 2962/36/20 37/37/20
f 2952/44/21 2951/38/21 24/39/21
f 2938/41/22 11/40/22 12/46/22
f 2964/48/23 2963/42/23 38/43/23
f 2953/50/24 2952/44/24 25/45/24
f 2939/47/3046 12/46/3046 13/52/3046
f 2965/54/26 2964/48/26 39/49/26
f 2954/56/27 2953/50/27 26/51/27
f 2940/53/28 13/52/28 14/58/28
f 2966/60/29 2965/54/29 40/55/29
f 2955/62/30 2954/56/30 27/57/30
f 2941/59/31 14/58/31 15/64/31
f 2956/67/33 2955/62/33 28/63/33
f 2942/65/34 15/64/34 16/69/34
f 2/71/3047 2956/67/3047 29/68/3047
f 2943/70/36 16/69/36 17/73/36
f 2957/77/38 2/71/38 30/72/38
f 2944/74/39 17/73/39 18/78/39
f 6/10/40 5/2/40 43/79/40
f 32/6/41 70/118/41 71/81/41
f 20/14/42 19/8/42 57/82/42
f 6/10/43 44/80/43 45/84/43
f 33/13/44 71/81/44 72/85/44
f 20/14/45 58/83/45 59/86/45
f 8/22/46 7/16/46 45/84/46
f 34/19/47 72/85/47 73/88/47
f 21/20/48 59/86/48 60/89/48
f 9/28/49 8/22/49 46/87/49
f 35/25/50 73/88/50 74/91/50
f 22/26/51 60/89/51 61/92/51
f 10/34/52 9/28/52 47/90/52
f 37/37/53 36/31/53 74/91/53
f 24/39/54 23/32/54 61/92/54
f 11/40/55 10/34/55 48/93/55
f 37/37/56 75/94/56 76/97/56
f 24/39/57 62/95/57 63/98/57
f 12/46/58 11/40/58 49/96/58
f 38/43/59 76/97/59 77/100/59
f 25/45/60 63/98/60 64/101/60
f 12/46/61 50/99/61 51/102/61
f 39/49/62 77/100/62 78/103/62
f 27/57/63 26/51/63 64/101/63
f 14/58/64 13/52/64 51/102/64
f 41/61/65 40/55/65 78/103/65
f 28/63/66 27/57/66 65/104/66
f 14/58/67 52/105/67 53/108/67
f 29/68/69 28/63/69 66/107/69
f 15/64/70 53/108/70 54/111/70
f 30/72/71 29/68/71 67/110/71
f 16/69/72 54/111/72 55/113/72
f 31/5/74 30/72/74 68/112/74
f 17/73/75 55/113/75 56/117/75
f 5/2/76 4/76/76 42/115/76
f 31/5/77 69/116/77 70/118/77
f 18/78/78 56/117/78 57/82/78
f 58/83/79 96/158/79 97/119/79
f 46/87/80 45/84/80 83/120/80
f 73/88/81 72/85/81 110/122/81
f 60/89/82 59/86/82 97/119/82
f 47/90/83 46/87/83 84/121/83
f 74/91/84 73/88/84 111/123/84
f 60/89/85 98/124/85 99/127/85
f 47/90/86 85/125/86 86/128/86
f 74/91/87 112/126/87 113/129/87
f 61/92/88 99/127/88 100/130/88
f 49/96/89 48/93/89 86/128/89
f 75/94/90 113/129/90 114/132/90
f 62/95/91 100/130/91 101/133/91
f 50/99/92 49/96/92 87/131/92
f 77/100/93 76/97/93 114/132/93
f 63/98/94 101/133/94 102/136/94
f 50/99/95 88/134/95 89/137/95
f 77/100/96 115/135/96 116/138/96
f 64/101/97 102/136/97 103/139/97
f 51/102/98 89/137/98 90/140/98
f 78/103/99 116/138/99 117/141/99
f 65/104/100 103/139/100 104/142/100
f 53/108/101 52/105/101 90/140/101
f 67/110/103 66/107/103 104/142/103
f 54/111/104 53/108/104 91/143/104
f 67/110/105 105/145/105 106/147/105
f 54/111/106 92/146/106 93/148/106
f 68/112/108 106/147/108 107/151/108
f 55/113/109 93/148/109 94/152/109
f 42/115/110 80/150/110 81/153/110
f 69/116/111 107/151/111 108/154/111
f 56/117/112 94/152/112 95/155/112
f 43/79/3048 81/153/3048 82/156/3048
f 70/118/114 108/154/114 109/157/114
f 58/83/115 57/82/115 95/155/115
f 45/84/116 44/80/116 82/156/116
f 71/81/117 109/157/117 110/122/117
f 85/125/118 84/121/118 122/159/118
f 111/123/3049 149/197/3049 150/161/3049
f 98/124/120 136/198/120 137/162/120
f 86/128/3050 85/125/3050 123/160/3050
f 112/126/122 150/161/122 151/164/122
f 99/127/123 137/162/123 138/165/123
f 86/128/124 124/163/124 125/166/124
f 113/129/125 151/164/125 152/167/125
f 100/130/126 138/165/126 139/168/126
f 88/134/127 87/131/127 125/166/127
f 115/135/128 114/132/128 152/167/128
f 101/133/129 139/168/129 140/171/129
f 88/134/130 126/169/130 127/172/130
f 115/135/131 153/170/131 154/173/131
f 103/139/132 102/136/132 140/171/132
f 90/140/133 89/137/133 127/172/133
f 117/141/3051 116/138/3051 154/173/3051
f 103/139/135 141/174/135 142/177/135
f 91/143/136 90/140/136 128/175/136
f 104/142/138 142/177/138 143/180/138
f 92/146/139 91/143/139 129/178/139
f 105/145/140 143/180/140 144/182/140
f 93/148/141 92/146/141 130/181/141
f 106/147/143 144/182/143 145/186/143
f 93/148/144 131/183/144 132/187/144
f 80/150/3052 118/185/3052 119/188/3052
f 107/151/146 145/186/146 146/189/146
f 94/152/147 132/187/147 133/190/147
f 82/156/148 81/153/148 119/188/148
f 109/157/149 108/154/149 146/189/149
f 95/155/150 133/190/150 134/193/150
f 82/156/151 120/191/151 121/194/151
f 109/157/152 147/192/152 148/195/152
f 96/158/153 134/193/153 135/196/153
f 83/120/154 121/194/154 122/159/154
f 111/123/155 110/122/155 148/195/155
f 97/119/156 135/196/156 136/198/156
f 150/161/157 188/237/157 189/199/157
f 138/165/158 137/162/158 175/200/158
f 124/163/159 162/238/159 163/202/159
f 151/164/160 189/199/160 190/203/160
f 139/168/161 138/165/161 176/201/161
f 126/169/162 125/166/162 163/202/162
f 152/167/163 190/203/163 191/206/163
f 140/171/164 139/168/164 177/204/164
f 127/172/165 126/169/165 164/205/165
f 153/170/166 191/206/166 192/209/166
f 140/171/167 178/207/167 179/210/167
f 128/175/168 127/172/168 165/208/168
f 154/173/169 192/209/169 193/212/169
f 141/174/170 179/210/170 180/213/170
f 129/178/171 128/175/171 166/211/171
f 142/177/173 180/213/173 181/216/173
f 129/178/3053 167/214/3053 168/217/3053
f 143/180/175 181/216/175 182/218/175
f 130/181/176 168/217/176 169/219/176
f 144/182/178 182/218/178 183/222/178
f 132/187/179 131/183/179 169/219/179
f 119/188/180 118/185/180 156/221/180
f 145/186/181 183/222/181 184/225/181
f 132/187/182 170/223/182 171/226/182
f 120/191/183 119/188/183 157/224/183
f 146/189/184 184/225/184 185/228/184
f 133/190/185 171/226/185 172/229/185
f 120/191/186 158/227/186 159/230/186
f 147/192/187 185/228/187 186/231/187
f 135/196/188 134/193/188 172/229/188
f 121/194/189 159/230/189 160/233/189
f 148/195/3054 186/231/3054 187/234/3054
f 135/196/191 173/232/191 174/235/191
f 123/160/192 122/159/192 160/233/192
f 149/197/193 187/234/193 188/237/193
f 136/198/194 174/235/194 175/200/194
f 124/163/195 123/160/195 161/236/195
f 177/204/196 176/201/196 214/239/196
f 163/202/197 201/277/197 202/241/197
f 190/203/198 228/278/198 229/242/198
f 177/204/199 215/240/199 216/243/199
f 164/205/200 202/241/200 203/244/200
f 192/209/201 191/206/201 229/242/201
f 178/207/202 216/243/202 217/246/202
f 165/208/203 203/244/203 204/247/203
f 192/209/204 230/245/204 231/248/204
f 179/210/205 217/246/205 218/249/205
f 166/211/206 204/247/206 205/250/206
f 180/213/208 218/249/208 219/252/208
f 167/214/209 205/250/209 206/253/209
f 182/218/210 181/216/210 219/252/210
f 168/217/211 206/253/211 207/255/211
f 182/218/213 220/254/213 221/258/213
f 170/223/214 169/219/214 207/255/214
f 157/224/215 156/221/215 194/257/215
f 183/222/216 221/258/216 222/261/216
f 171/226/217 170/223/217 208/259/217
f 158/227/218 157/224/218 195/260/218
f 184/225/219 222/261/219 223/264/219
f 171/226/220 209/262/220 210/265/220
f 159/230/221 158/227/221 196/263/221
f 185/228/222 223/264/222 224/267/222
f 172/229/223 210/265/223 211/268/223
f 159/230/224 197/266/224 198/269/224
f 187/234/225 186/231/225 224/267/225
f 173/232/226 211/268/226 212/271/226
f 161/236/227 160/233/227 198/269/227
f 187/234/228 225/270/228 226/273/228
f 174/235/229 212/271/229 213/274/229
f 162/238/230 161/236/230 199/272/230
f 188/237/231 226/273/231 227/276/231
f 175/200/232 213/274/232 214/239/232
f 162/238/233 200/275/233 201/277/233
f 189/199/234 227/276/234 228/278/234
f 202/241/235 240/317/235 241/279/235
f 230/245/236 229/242/236 267/280/236
f 216/243/237 254/318/237 255/282/237
f 204/247/238 203/244/238 241/279/238
f 230/245/239 268/281/239 269/284/239
f 217/246/240 255/282/240 256/285/240
f 205/250/241 204/247/241 242/283/241
f 219/252/243 218/249/243 256/285/243
f 206/253/244 205/250/244 243/286/244
f 219/252/245 257/288/245 258/290/245
f 206/253/246 244/289/246 245/291/246
f 220/254/248 258/290/248 259/294/248
f 207/255/249 245/291/249 246/295/249
f 194/257/250 232/293/250 233/296/250
f 221/258/251 259/294/251 260/297/251
f 209/262/252 208/259/252 246/295/252
f 195/260/253 233/296/253 234/299/253
f 222/261/254 260/297/254 261/300/254
f 209/262/255 247/298/255 248/301/255
f 197/266/256 196/263/256 234/299/256
f 223/264/257 261/300/257 262/303/257
f 210/265/258 248/301/258 249/304/258
f 197/266/259 235/302/259 236/305/259
f 225/270/260 224/267/260 262/303/260
f 211/268/261 249/304/261 250/307/261
f 198/269/262 236/305/262 237/308/262
f 225/270/3055 263/306/3055 264/309/3055
f 212/271/264 250/307/264 251/310/264
f 200/275/3056 199/272/3056 237/308/3056
f 227/276/266 226/273/266 264/309/266
f 214/239/267 213/274/267 251/310/267
f 200/275/268 238/311/268 239/314/268
f 228/278/269 227/276/269 265/312/269
f 215/240/270 214/239/270 252/313/270
f 201/277/271 239/314/271 240/317/271
f 229/242/272 228/278/272 266/315/272
f 216/243/273 215/240/273 253/316/273
f 255/282/274 293/358/274 294/319/274
f 243/286/275 242/283/275 280/320/275
f 257/288/277 256/285/277 294/319/277
f 243/286/278 281/321/278 282/325/278
f 258/290/279 257/288/279 295/324/279
f 244/289/280 282/325/280 283/327/280
f 258/290/282 296/326/282 297/330/282
f 246/295/283 245/291/283 283/327/283
f 233/296/284 232/293/284 270/329/284
f 259/294/285 297/330/285 298/333/285
f 247/298/286 246/295/286 284/331/286
f 233/296/287 271/332/287 272/335/287
f 260/297/288 298/333/288 299/336/288
f 247/298/289 285/334/289 286/337/289
f 235/302/290 234/299/290 272/335/290
f 261/300/291 299/336/291 300/339/291
f 248/301/292 286/337/292 287/340/292
f 236/305/293 235/302/293 273/338/293
f 262/303/294 300/339/294 301/342/294
f 249/304/295 287/340/295 288/343/295
f 236/305/296 274/341/296 275/344/296
f 263/306/297 301/342/297 302/345/297
f 250/307/298 288/343/298 289/346/298
f 238/311/299 237/308/299 275/344/299
f 264/309/300 302/345/300 303/348/300
f 252/313/301 251/310/301 289/346/301
f 238/311/302 276/347/302 277/350/302
f 265/312/303 303/348/303 304/351/303
f 253/316/304 252/313/304 290/349/304
f 240/317/305 239/314/305 277/350/305
f 266/315/306 304/351/306 305/354/306
f 253/316/307 291/352/307 292/355/307
f 240/317/308 278/353/308 279/356/308
f 267/280/309 305/354/309 306/357/309
f 254/318/310 292/355/310 293/358/310
f 242/283/311 241/279/311 279/356/311
f 268/281/312 306/357/312 307/323/312
f 282/325/313 281/321/313 319/359/313
f 295/324/314 333/398/314 334/361/314
f 282/325/315 320/360/315 321/362/315
f 296/326/317 334/361/317 335/365/317
f 284/331/318 283/327/318 321/362/318
f 271/332/319 270/329/319 308/364/319
f 297/330/320 335/365/320 336/368/320
f 285/334/321 284/331/321 322/366/321
f 272/335/322 271/332/322 309/367/322
f 299/336/323 298/333/323 336/368/323
f 286/337/324 285/334/324 323/369/324
f 273/338/325 272/335/325 310/370/325
f 300/339/326 299/336/326 337/371/326
f 286/337/327 324/372/327 325/375/327
f 273/338/328 311/373/328 312/376/328
f 300/339/329 338/374/329 339/377/329
f 287/340/330 325/375/330 326/378/330
f 275/344/331 274/341/331 312/376/331
f 301/342/332 339/377/332 340/380/332
f 288/343/333 326/378/333 327/381/333
f 276/347/334 275/344/334 313/379/334
f 302/345/335 340/380/335 341/383/335
f 289/346/336 327/381/336 328/384/336
f 276/347/337 314/382/337 315/385/337
f 303/348/338 341/383/338 342/386/338
f 291/352/339 290/349/339 328/384/339
f 277/350/340 315/385/340 316/388/340
f 304/351/341 342/386/341 343/389/341
f 291/352/342 329/387/342 330/390/342
f 278/353/343 316/388/343 317/391/343
f 305/354/344 343/389/344 344/392/344
f 292/355/345 330/390/345 331/393/345
f 280/320/346 279/356/346 317/391/346
f 306/357/347 344/392/347 345/395/347
f 293/358/348 331/393/348 332/396/348
f 281/321/349 280/320/349 318/394/349
f 295/324/351 294/319/351 332/396/351
f 334/361/353 372/438/353 373/401/353
f 322/366/354 321/362/354 359/402/354
f 309/367/355 308/364/355 346/400/355
f 335/365/356 373/401/356 374/405/356
f 322/366/357 360/403/357 361/406/357
f 310/370/358 309/367/358 347/404/358
f 336/368/359 374/405/359 375/408/359
f 324/372/360 323/369/360 361/406/360
f 311/373/361 310/370/361 348/407/361
f 337/371/362 375/408/362 376/411/362
f 324/372/363 362/409/363 363/412/363
f 312/376/364 311/373/364 349/410/364
f 338/374/365 376/411/365 377/414/365
f 325/375/366 363/412/366 364/415/366
f 313/379/367 312/376/367 350/413/367
f 339/377/368 377/414/368 378/417/368
f 326/378/369 364/415/369 365/418/369
f 314/382/370 313/379/370 351/416/370
f 340/380/371 378/417/371 379/420/371
f 328/384/372 327/381/372 365/418/372
f 314/382/373 352/419/373 353/422/373
f 341/383/374 379/420/374 380/423/374
f 329/387/375 328/384/375 366/421/375
f 316/388/376 315/385/376 353/422/376
f 342/386/377 380/423/377 381/426/377
f 329/387/378 367/424/378 368/427/378
f 316/388/379 354/425/379 355/428/379
f 343/389/380 381/426/380 382/429/380
f 330/390/381 368/427/381 369/430/381
f 318/394/382 317/391/382 355/428/382
f 344/392/383 382/429/383 383/432/383
f 331/393/384 369/430/384 370/433/384
f 319/359/385 318/394/385 356/431/385
f 333/398/387 332/396/387 370/433/387
f 319/359/388 357/434/388 358/437/388
f 334/361/389 333/398/389 371/436/389
f 320/360/390 358/437/390 359/402/390
f 373/401/391 411/477/391 412/439/391
f 361/406/392 360/403/392 398/440/392
f 347/404/393 385/478/393 386/442/393
f 375/408/394 374/405/394 412/439/394
f 362/409/395 361/406/395 399/441/395
f 348/407/396 386/442/396 387/445/396
f 375/408/397 413/443/397 414/446/397
f 362/409/398 400/444/398 401/447/398
f 350/413/399 349/410/399 387/445/399
f 377/414/400 376/411/400 414/446/400
f 363/412/401 401/447/401 402/450/401
f 350/413/402 388/448/402 389/451/402
f 377/414/403 415/449/403 416/452/403
f 364/415/404 402/450/404 403/453/404
f 352/419/405 351/416/405 389/451/405
f 378/417/406 416/452/406 417/455/406
f 366/421/407 365/418/407 403/453/407
f 352/419/408 390/454/408 391/457/408
f 379/420/409 417/455/409 418/458/409
f 367/424/410 366/421/410 404/456/410
f 354/425/411 353/422/411 391/457/411
f 380/423/412 418/458/412 419/461/412
f 367/424/413 405/459/413 406/462/413
f 354/425/414 392/460/414 393/463/414
f 381/426/415 419/461/415 420/464/415
f 368/427/416 406/462/416 407/465/416
f 355/428/417 393/463/417 394/466/417
f 382/429/418 420/464/418 421/467/418
f 369/430/419 407/465/419 408/468/419
f 357/434/420 356/431/420 394/466/420
f 371/436/422 370/433/422 408/468/422
f 358/437/423 357/434/423 395/469/423
f 371/436/424 409/471/424 410/473/424
f 358/437/425 396/472/425 397/474/425
f 372/438/427 410/473/427 411/477/427
f 359/402/428 397/474/428 398/440/428
f 346/400/429 384/476/429 385/478/429
f 400/444/430 399/441/430 437/479/430
f 386/442/431 424/518/431 425/481/431
f 414/446/3057 413/443/3057 451/482/3057
f 400/444/433 438/480/433 439/484/433
f 387/445/434 425/481/434 426/485/434
f 415/449/435 414/446/435 452/483/435
f 401/447/436 439/484/436 440/487/436
f 389/451/437 388/448/437 426/485/437
f 415/449/438 453/486/438 454/489/438
f 402/450/439 440/487/439 441/490/439
f 390/454/440 389/451/440 427/488/440
f 416/452/441 454/489/441 455/492/441
f 404/456/442 403/453/442 441/490/442
f 390/454/443 428/491/443 429/494/443
f 417/455/444 455/492/444 456/495/444
f 405/459/445 404/456/445 442/493/445
f 392/460/3058 391/457/3058 429/494/3058
f 419/461/447 418/458/447 456/495/447
f 405/459/448 443/496/448 444/499/448
f 392/460/449 430/497/449 431/500/449
f 419/461/450 457/498/450 458/501/450
f 407/465/451 406/462/451 444/499/451
f 393/463/452 431/500/452 432/503/452
f 420/464/453 458/501/453 459/504/453
f 408/468/454 407/465/454 445/502/454
f 395/469/455 394/466/455 432/503/455
f 409/471/457 408/468/457 446/505/457
f 396/472/458 395/469/458 433/506/458
f 409/471/459 447/508/459 448/510/459
f 396/472/460 434/509/460 435/511/460
f 410/473/462 448/510/462 449/514/462
f 397/474/463 435/511/463 436/515/463
f 384/476/464 422/513/464 423/516/464
f 412/439/465 411/477/465 449/514/465
f 398/440/466 436/515/466 437/479/466
f 386/442/467 385/478/467 423/516/467
f 413/443/468 412/439/468 450/517/468
f 426/485/469 425/481/469 463/519/469
f 453/486/470 452/483/470 490/521/470
f 439/484/471 477/558/471 478/523/471
f 427/488/472 426/485/472 464/520/472
f 453/486/3059 491/522/3059 492/525/3059
f 440/487/474 478/523/474 479/526/474
f 428/491/3060 427/488/3060 465/524/3060
f 454/489/476 492/525/476 493/528/476
f 442/493/477 441/490/477 479/526/477
f 428/491/478 466/527/478 467/530/478
f 455/492/479 493/528/479 494/531/479
f 443/496/480 442/493/480 480/529/480
f 430/497/481 429/494/481 467/530/481
f 457/498/482 456/495/482 494/531/482
f 443/496/483 481/532/483 482/535/483
f 431/500/484 430/497/484 468/533/484
f 457/498/485 495/534/485 496/537/485
f 445/502/486 444/499/486 482/535/486
f 432/503/487 431/500/487 469/536/487
f 458/501/488 496/537/488 497/540/488
f 446/505/489 445/502/489 483/538/489
f 433/506/490 432/503/490 470/539/490
f 446/505/492 484/541/492 485/544/492
f 434/509/493 433/506/493 471/542/493
f 447/508/494 485/544/494 486/546/494
f 434/509/495 472/545/495 473/547/495
f 448/510/497 486/546/497 487/550/497
f 435/511/498 473/547/498 474/551/498
f 422/513/499 460/549/499 461/552/499
f 449/514/500 487/550/500 488/553/500
f 436/515/501 474/551/501 475/554/501
f 424/518/502 423/516/502 461/552/502
f 451/482/503 450/517/503 488/553/503
f 438/480/504 437/479/504 475/554/504
f 424/518/505 462/555/505 463/519/505
f 451/482/506 489/556/506 490/521/506
f 438/480/507 476/557/507 477/558/507
f 478/523/508 516/597/508 517/559/508
f 466/527/3061 465/524/3061 503/560/3061
f 492/525/510 530/598/510 531/562/510
f 480/529/511 479/526/511 517/559/511
f 466/527/512 504/561/512 505/564/512
f 493/528/513 531/562/513 532/565/513
f 481/532/514 480/529/514 518/563/514
f 467/530/515 505/564/515 506/567/515
f 494/531/516 532/565/516 533/568/516
f 481/532/517 519/566/517 520/569/517
f 468/533/518 506/567/518 507/570/518
f 495/534/3062 533/568/3062 534/571/3062
f 483/538/520 482/535/520 520/569/520
f 469/536/521 507/570/521 508/573/521
f 497/540/522 496/537/522 534/571/522
f 484/541/523 483/538/523 521/572/523
f 471/542/524 470/539/524 508/573/524
f 485/544/526 484/541/526 522/575/526
f 472/545/527 471/542/527 509/576/527
f 485/544/528 523/578/528 524/580/528
f 472/545/529 510/579/529 511/581/529
f 486/546/531 524/580/531 525/584/531
f 473/547/532 511/581/532 512/585/532
f 460/549/533 498/583/533 499/586/533
f 488/553/534 487/550/534 525/584/534
f 474/551/535 512/585/535 513/588/535
f 461/552/536 499/586/536 500/589/536
f 489/556/537 488/553/537 526/587/537
f 476/557/538 475/554/538 513/588/538
f 462/555/539 500/589/539 501/592/539
f 489/556/540 527/590/540 528/593/540
f 476/557/541 514/591/541 515/594/541
f 463/519/542 501/592/542 502/595/542
f 491/522/543 490/521/543 528/593/543
f 477/558/544 515/594/544 516/597/544
f 464/520/545 502/595/545 503/560/545
f 491/522/3063 529/596/3063 530/598/3063
f 504/561/547 542/638/547 543/599/547
f 532/565/548 531/562/548 569/600/548
f 519/566/549 518/563/549 556/602/549
f 506/567/550 505/564/550 543/599/550
f 532/565/551 570/601/551 571/605/551
f 519/566/552 557/603/552 558/606/552
f 507/570/553 506/567/553 544/604/553
f 533/568/554 571/605/554 572/608/554
f 521/572/555 520/569/555 558/606/555
f 507/570/556 545/607/556 546/610/556
f 534/571/557 572/608/557 573/611/557
f 521/572/558 559/609/558 560/612/558
f 509/576/559 508/573/559 546/610/559
f 523/578/561 522/575/561 560/612/561
f 509/576/562 547/613/562 548/616/562
f 524/580/563 523/578/563 561/615/563
f 510/579/564 548/616/564 549/618/564
f 524/580/566 562/617/566 563/621/566
f 512/585/567 511/581/567 549/618/567
f 498/583/568 536/620/568 537/623/568
f 526/587/569 525/584/569 563/621/569
f 512/585/570 550/622/570 551/625/570
f 500/589/571 499/586/571 537/623/571
f 526/587/572 564/624/572 565/627/572
f 514/591/573 513/588/573 551/625/573
f 500/589/574 538/626/574 539/629/574
f 527/590/575 565/627/575 566/630/575
f 514/591/576 552/628/576 553/631/576
f 501/592/577 539/629/577 540/632/577
f 529/596/578 528/593/578 566/630/578
f 515/594/579 553/631/579 554/634/579
f 503/560/580 502/595/580 540/632/580
f 529/596/581 567/633/581 568/636/581
f 516/597/582 554/634/582 555/637/582
f 504/561/583 503/560/583 541/635/583
f 530/598/584 568/636/584 569/600/584
f 518/563/585 517/559/585 555/637/585
f 571/605/586 570/601/586 608/639/586
f 557/603/587 595/677/587 596/641/587
f 544/604/3064 582/678/3064 583/642/3064
f 571/605/589 609/640/589 610/643/589
f 559/609/590 558/606/590 596/641/590
f 545/607/591 583/642/591 584/645/591
f 572/608/592 610/643/592 611/646/592
f 559/609/593 597/644/593 598/647/593
f 547/613/594 546/610/594 584/645/594
f 561/615/596 560/612/596 598/647/596
f 547/613/597 585/648/597 586/651/597
f 561/615/598 599/650/598 600/652/598
f 548/616/599 586/651/599 587/653/599
f 562/617/601 600/652/601 601/656/601
f 550/622/602 549/618/602 587/653/602
f 537/623/603 536/620/603 574/655/603
f 564/624/604 563/621/604 601/656/604
f 550/622/605 588/657/605 589/660/605
f 538/626/606 537/623/606 575/658/606
f 565/627/3065 564/624/3065 602/659/3065
f 552/628/608 551/625/608 589/660/608
f 538/626/609 576/661/609 577/664/609
f 565/627/610 603/662/610 604/665/610
f 552/628/611 590/663/611 591/666/611
f 540/632/612 539/629/612 577/664/612
f 567/633/613 566/630/613 604/665/613
f 554/634/614 553/631/614 591/666/614
f 541/635/615 540/632/615 578/667/615
f 567/633/3066 605/668/3066 606/671/3066
f 554/634/617 592/669/617 593/672/617
f 542/638/618 541/635/618 579/670/618
f 569/600/619 568/636/619 606/671/619
f 555/637/620 593/672/620 594/675/620
f 542/638/621 580/673/621 581/676/621
f 569/600/622 607/674/622 608/639/622
f 557/603/623 556/602/623 594/675/623
f 544/604/624 543/599/624 581/676/624
f 597/644/625 596/641/625 634/679/625
f 584/645/626 583/642/626 621/681/626
f 610/643/627 648/718/627 649/683/627
f 597/644/628 635/680/628 636/684/628
f 585/648/629 584/645/629 622/682/629
f 598/647/631 636/684/631 637/687/631
f 586/651/632 585/648/632 623/685/632
f 599/650/633 637/687/633 638/689/633
f 587/653/634 586/651/634 624/688/634
f 600/652/636 638/689/636 639/693/636
f 588/657/637 587/653/637 625/690/637
f 574/655/638 612/692/638 613/695/638
f 601/656/639 639/693/639 640/696/639
f 588/657/640 626/694/640 627/697/640
f 576/661/641 575/658/641 613/695/641
f 603/662/3067 602/659/3067 640/696/3067
f 590/663/643 589/660/643 627/697/643
f 577/664/644 576/661/644 614/698/644
f 603/662/645 641/699/645 642/702/645
f 590/663/646 628/700/646 629/703/646
f 578/667/647 577/664/647 615/701/647
f 605/668/648 604/665/648 642/702/648
f 591/666/649 629/703/649 630/706/649
f 579/670/650 578/667/650 616/704/650
f 605/668/3068 643/705/3068 644/708/3068
f 592/669/652 630/706/652 631/709/652
f 580/673/3069 579/670/3069 617/707/3069
f 606/671/654 644/708/654 645/711/654
f 593/672/655 631/709/655 632/712/655
f 580/673/656 618/710/656 619/713/656
f 607/674/657 645/711/657 646/714/657
f 595/677/658 594/675/658 632/712/658
f 582/678/659 581/676/659 619/713/659
f 608/639/660 646/714/660 647/717/660
f 595/677/661 633/715/661 634/679/661
f 582/678/3070 620/716/3070 621/681/3070
f 609/640/663 647/717/663 648/718/663
f 623/685/664 622/682/664 660/719/664
f 637/687/666 636/684/666 674/723/666
f 624/688/667 623/685/667 661/720/667
f 637/687/668 675/724/668 676/726/668
f 624/688/669 662/725/669 663/727/669
f 638/689/671 676/726/671 677/730/671
f 626/694/672 625/690/672 663/727/672
f 612/692/673 650/729/673 651/732/673
f 639/693/674 677/730/674 678/733/674
f 626/694/675 664/731/675 665/734/675
f 613/695/676 651/732/676 652/735/676
f 640/696/677 678/733/677 679/736/677
f 628/700/678 627/697/678 665/734/678
f 614/698/679 652/735/679 653/738/679
f 641/699/680 679/736/680 680/739/680
f 628/700/681 666/737/681 667/740/681
f 616/704/682 615/701/682 653/738/682
f 643/705/683 642/702/683 680/739/683
f 629/703/684 667/740/684 668/743/684
f 617/707/685 616/704/685 654/741/685
f 643/705/686 681/742/686 682/745/686
f 630/706/687 668/743/687 669/746/687
f 618/710/688 617/707/688 655/744/688
f 644/708/689 682/745/689 683/748/689
f 632/712/690 631/709/690 669/746/690
f 618/710/691 656/747/691 657/750/691
f 645/711/692 683/748/692 684/751/692
f 633/715/693 632/712/693 670/749/693
f 620/716/694 619/713/694 657/750/694
f 647/717/695 646/714/695 684/751/695
f 633/715/696 671/752/696 672/755/696
f 620/716/697 658/753/697 659/756/697
f 647/717/698 685/754/698 686/757/698
f 635/680/699 634/679/699 672/755/699
f 621/681/700 659/756/700 660/719/700
f 648/718/701 686/757/701 687/722/701
f 635/680/702 673/758/702 674/723/702
f 675/724/703 713/797/703 714/759/703
f 662/725/704 700/798/704 701/760/704
f 676/726/706 714/759/706 715/763/706
f 664/731/707 663/727/707 701/760/707
f 650/729/708 688/762/708 689/765/708
f 677/730/709 715/763/709 716/766/709
f 664/731/710 702/764/710 703/767/710
f 652/735/711 651/732/711 689/765/711
f 678/733/712 716/766/712 717/769/712
f 666/737/713 665/734/713 703/767/713
f 653/738/714 652/735/714 690/768/714
f 679/736/715 717/769/715 718/772/715
f 666/737/716 704/770/716 705/773/716
f 654/741/717 653/738/717 691/771/717
f 681/742/718 680/739/718 718/772/718
f 667/740/719 705/773/719 706/776/719
f 655/744/720 654/741/720 692/774/720
f 681/742/721 719/775/721 720/778/721
f 668/743/722 706/776/722 707/779/722
f 656/747/723 655/744/723 693/777/723
f 682/745/724 720/778/724 721/781/724
f 670/749/725 669/746/725 707/779/725
f 656/747/726 694/780/726 695/783/726
f 683/748/727 721/781/727 722/784/727
f 671/752/728 670/749/728 708/782/728
f 658/753/729 657/750/729 695/783/729
f 684/751/730 722/784/730 723/787/730
f 671/752/731 709/785/731 710/788/731
f 658/753/732 696/786/732 697/789/732
f 685/754/733 723/787/733 724/790/733
f 673/758/734 672/755/734 710/788/734
f 659/756/3071 697/789/3071 698/792/3071
f 686/757/736 724/790/736 725/793/736
f 673/758/737 711/791/737 712/794/737
f 661/720/738 660/719/738 698/792/738
f 675/724/740 674/723/740 712/794/740
f 661/720/741 699/795/741 700/798/741
f 702/764/742 701/760/742 739/799/742
f 688/762/743 726/837/743 727/801/743
f 715/763/744 753/838/744 754/802/744
f 702/764/745 740/800/745 741/803/745
f 689/765/746 727/801/746 728/804/746
f 716/766/747 754/802/747 755/805/747
f 704/770/748 703/767/748 741/803/748
f 691/771/749 690/768/749 728/804/749
f 717/769/750 755/805/750 756/808/750
f 704/770/751 742/806/751 743/809/751
f 692/774/752 691/771/752 729/807/752
f 719/775/753 718/772/753 756/808/753
f 705/773/754 743/809/754 744/812/754
f 692/774/755 730/810/755 731/813/755
f 719/775/3072 757/811/3072 758/814/3072
f 706/776/757 744/812/757 745/815/757
f 694/780/3073 693/777/3073 731/813/3073
f 720/778/759 758/814/759 759/817/759
f 708/782/760 707/779/760 745/815/760
f 694/780/761 732/816/761 733/819/761
f 721/781/762 759/817/762 760/820/762
f 709/785/763 708/782/763 746/818/763
f 696/786/764 695/783/764 733/819/764
f 722/784/765 760/820/765 761/823/765
f 709/785/766 747/821/766 748/824/766
f 696/786/767 734/822/767 735/825/767
f 723/787/768 761/823/768 762/826/768
f 710/788/769 748/824/769 749/827/769
f 697/789/770 735/825/770 736/828/770
f 725/793/771 724/790/771 762/826/771
f 711/791/772 749/827/772 750/830/772
f 699/795/773 698/792/773 736/828/773
f 713/797/775 712/794/775 750/830/775
f 700/798/776 699/795/776 737/831/776
f 713/797/777 751/833/777 752/835/777
f 700/798/778 738/834/778 739/799/778
f 714/759/780 752/835/780 753/838/780
f 727/801/781 765/878/781 766/839/781
f 755/805/782 754/802/782 792/840/782
f 742/806/783 741/803/783 779/842/783
f 729/807/784 728/804/784 766/839/784
f 755/805/785 793/841/785 794/845/785
f 742/806/786 780/843/786 781/846/786
f 730/810/787 729/807/787 767/844/787
f 757/811/788 756/808/788 794/845/788
f 743/809/789 781/846/789 782/849/789
f 730/810/790 768/847/790 769/850/790
f 757/811/3074 795/848/3074 796/851/3074
f 744/812/792 782/849/792 783/852/792
f 732/816/3075 731/813/3075 769/850/3075
f 759/817/794 758/814/794 796/851/794
f 746/818/795 745/815/795 783/852/795
f 732/816/796 770/853/796 771/856/796
f 760/820/797 759/817/797 797/854/797
f 747/821/798 746/818/798 784/855/798
f 733/819/799 771/856/799 772/859/799
f 760/820/800 798/857/800 799/860/800
f 747/821/801 785/858/801 786/861/801
f 734/822/802 772/859/802 773/862/802
f 761/823/803 799/860/803 800/863/803
f 749/827/804 748/824/804 786/861/804
f 735/825/805 773/862/805 774/865/805
f 762/826/806 800/863/806 801/866/806
f 749/827/807 787/864/807 788/867/807
f 737/831/808 736/828/808 774/865/808
f 751/833/810 750/830/810 788/867/810
f 737/831/811 775/868/811 776/871/811
f 751/833/812 789/870/812 790/872/812
f 738/834/813 776/871/813 777/873/813
f 752/835/815 790/872/815 791/876/815
f 740/800/816 739/799/816 777/873/816
f 727/801/817 726/837/817 764/875/817
f 753/838/3076 791/876/3076 792/840/3076
f 740/800/819 778/877/819 779/842/819
f 786/861/820 824/916/820 825/879/820
f 780/843/821 818/917/821 819/880/821
f 801/866/822 800/863/822 838/881/822
f 767/844/823 805/918/823 806/883/823
f 787/864/824 825/879/824 826/884/824
f 781/846/825 819/880/825 820/885/825
f 769/850/827 768/847/827 806/883/827
f 789/870/828 788/867/828 826/884/828
f 770/853/829 769/850/829 807/887/829
f 789/870/830 827/888/830 828/890/830
f 770/853/831 808/889/831 809/891/831
f 790/872/832 828/890/832 829/892/832
f 772/859/833 771/856/833 809/891/833
f 791/876/834 829/892/834 830/894/834
f 772/859/835 810/893/835 811/895/835
f 793/841/836 792/840/836 830/894/836
f 773/862/837 811/895/837 812/897/837
f 793/841/838 831/896/838 832/898/838
f 775/868/839 774/865/839 812/897/839
f 795/848/840 794/845/840 832/898/840
f 776/871/841 775/868/841 813/899/841
f 795/848/842 833/900/842 834/902/842
f 782/849/843 820/885/843 821/903/843
f 776/871/844 814/901/844 815/904/844
f 796/851/845 834/902/845 835/905/845
f 784/855/847 783/852/847 821/903/847
f 778/877/848 777/873/848 815/904/848
f 797/854/849 835/905/849 836/910/849
f 764/875/850 802/907/850 803/911/850
f 785/858/851 784/855/851 822/908/851
f 778/877/852 816/909/852 817/913/852
f 798/857/853 836/910/853 837/914/853
f 766/839/854 765/878/854 803/911/854
f 785/858/855 823/912/855 824/916/855
f 780/843/856 779/842/856 817/913/856
f 799/860/857 837/914/857 838/881/857
f 766/839/858 804/915/858 805/918/858
f 813/899/859 812/897/859 850/919/859
f 827/888/861 826/884/861 864/923/861
f 814/901/862 813/899/862 851/920/862
f 827/888/863 865/924/863 866/926/863
f 814/901/864 852/925/864 853/927/864
f 828/890/866 866/926/866 867/930/866
f 816/909/867 815/904/867 853/927/867
f 802/907/868 840/929/868 841/932/868
f 829/892/869 867/930/869 868/933/869
f 816/909/870 854/931/870 855/934/870
f 803/911/871 841/932/871 842/935/871
f 830/894/3077 868/933/3077 869/936/3077
f 818/917/873 817/913/873 855/934/873
f 804/915/874 842/935/874 843/938/874
f 831/896/875 869/936/875 870/939/875
f 818/917/876 856/937/876 857/940/876
f 806/883/877 805/918/877 843/938/877
f 833/900/878 832/898/878 870/939/878
f 819/880/879 857/940/879 858/943/879
f 807/887/880 806/883/880 844/941/880
f 833/900/3078 871/942/3078 872/945/3078
f 820/885/882 858/943/882 859/946/882
f 808/889/3079 807/887/3079 845/944/3079
f 834/902/884 872/945/884 873/948/884
f 822/908/885 821/903/885 859/946/885
f 808/889/886 846/947/886 847/950/886
f 835/905/887 873/948/887 874/951/887
f 823/912/888 822/908/888 860/949/888
f 810/893/889 809/891/889 847/950/889
f 837/914/890 836/910/890 874/951/890
f 823/912/891 861/952/891 862/955/891
f 810/893/3080 848/953/3080 849/956/3080
f 837/914/893 875/954/893 876/957/893
f 825/879/894 824/916/894 862/955/894
f 811/895/895 849/956/895 850/919/895
f 838/881/896 876/957/896 877/922/896
f 825/879/897 863/958/897 864/923/897
f 865/924/898 903/997/898 904/959/898
f 852/925/899 890/998/899 891/960/899
f 866/926/901 904/959/901 905/963/901
f 854/931/902 853/927/902 891/960/902
f 840/929/903 878/962/903 879/965/903
f 867/930/904 905/963/904 906/966/904
f 854/931/905 892/964/905 893/967/905
f 841/932/906 879/965/906 880/968/906
f 869/936/907 868/933/907 906/966/907
f 856/937/908 855/934/908 893/967/908
f 843/938/909 842/935/909 880/968/909
f 869/936/910 907/969/910 908/972/910
f 856/937/911 894/970/911 895/973/911
f 844/941/912 843/938/912 881/971/912
f 871/942/913 870/939/913 908/972/913
f 857/940/914 895/973/914 896/976/914
f 845/944/915 844/941/915 882/974/915
f 871/942/916 909/975/916 910/978/916
f 858/943/917 896/976/917 897/979/917
f 846/947/918 845/944/918 883/977/918
f 872/945/919 910/978/919 911/981/919
f 860/949/920 859/946/920 897/979/920
f 846/947/921 884/980/921 885/983/921
f 873/948/922 911/981/922 912/984/922
f 861/952/923 860/949/923 898/982/923
f 848/953/924 847/950/924 885/983/924
f 874/951/925 912/984/925 913/987/925
f 861/952/926 899/985/926 900/988/926
f 848/953/927 886/986/927 887/989/927
f 875/954/928 913/987/928 914/990/928
f 863/958/929 862/955/929 900/988/929
f 849/956/930 887/989/930 888/992/930
f 876/957/931 914/990/931 915/993/931
f 863/958/932 901/991/932 902/994/932
f 851/920/933 850/919/933 888/992/933
f 865/924/935 864/923/935 902/994/935
f 852/925/936 851/920/936 889/995/936
f 892/964/937 891/960/937 929/999/937
f 878/962/938 916/1038/938 917/1001/938
f 906/966/939 905/963/939 943/1002/939
f 892/964/940 930/1000/940 931/1004/940
f 880/968/941 879/965/941 917/1001/941
f 907/969/942 906/966/942 944/1003/942
f 894/970/943 893/967/943 931/1004/943
f 881/971/944 880/968/944 918/1005/944
f 907/969/945 945/1006/945 946/1009/945
f 894/970/946 932/1007/946 933/1010/946
f 882/974/947 881/971/947 919/1008/947
f 909/975/948 908/972/948 946/1009/948
f 895/973/949 933/1010/949 934/1013/949
f 883/977/950 882/974/950 920/1011/950
f 909/975/951 947/1012/951 948/1015/951
f 896/976/952 934/1013/952 935/1016/952
f 884/980/953 883/977/953 921/1014/953
f 910/978/954 948/1015/954 949/1018/954
f 898/982/955 897/979/955 935/1016/955
f 884/980/956 922/1017/956 923/1020/956
f 912/984/957 911/981/957 949/1018/957
f 899/985/958 898/982/958 936/1019/958
f 886/986/959 885/983/959 923/1020/959
f 912/984/960 950/1021/960 951/1024/960
f 899/985/961 937/1022/961 938/1025/961
f 886/986/962 924/1023/962 925/1026/962
f 913/987/963 951/1024/963 952/1027/963
f 901/991/964 900/988/964 938/1025/964
f 887/989/965 925/1026/965 926/1029/965
f 915/993/966 914/990/966 952/1027/966
f 901/991/967 939/1028/967 940/1031/967
f 889/995/968 888/992/968 926/1029/968
f 903/997/970 902/994/970 940/1031/970
f 889/995/971 927/1032/971 928/1035/971
f 904/959/972 903/997/972 941/1034/972
f 890/998/973 928/1035/973 929/999/973
f 904/959/975 942/1036/975 943/1002/975
f 918/1005/3081 917/1001/3081 955/1039/3081
f 945/1006/977 944/1003/977 982/1041/977
f 932/1007/978 931/1004/978 969/1043/978
f 918/1005/979 956/1040/979 957/1045/979
f 945/1006/980 983/1042/980 984/1046/980
f 932/1007/981 970/1044/981 971/1047/981
f 920/1011/982 919/1008/982 957/1045/982
f 947/1012/983 946/1009/983 984/1046/983
f 933/1010/984 971/1047/984 972/1050/984
f 921/1014/985 920/1011/985 958/1048/985
f 947/1012/986 985/1049/986 986/1052/986
f 934/1013/987 972/1050/987 973/1053/987
f 922/1017/988 921/1014/988 959/1051/988
f 948/1015/989 986/1052/989 987/1055/989
f 936/1019/990 935/1016/990 973/1053/990
f 922/1017/991 960/1054/991 961/1057/991
f 949/1018/992 987/1055/992 988/1058/992
f 937/1022/993 936/1019/993 974/1056/993
f 924/1023/994 923/1020/994 961/1057/994
f 950/1021/995 988/1058/995 989/1061/995
f 937/1022/996 975/1059/996 976/1062/996
f 925/1026/997 924/1023/997 962/1060/997
f 951/1024/3082 989/1061/3082 990/1064/3082
f 939/1028/999 938/1025/999 976/1062/999
f 925/1026/1000 963/1063/1000 964/1066/1000
f 952/1027/1001 990/1064/1001 991/1067/1001
f 939/1028/1002 977/1065/1002 978/1068/1002
f 927/1032/1003 926/1029/1003 964/1066/1003
f 941/1034/1005 940/1031/1005 978/1068/1005
f 927/1032/1006 965/1069/1006 966/1072/1006
f 942/1036/1007 941/1034/1007 979/1071/1007
f 928/1035/1008 966/1072/1008 967/1074/1008
f 942/1036/1010 980/1073/1010 981/1077/1010
f 930/1000/1011 929/999/1011 967/1074/1011
f 916/1038/1012 954/1076/1012 955/1039/1012
f 943/1002/1013 981/1077/1013 982/1041/1013
f 930/1000/1014 968/1078/1014 969/1043/1014
f 983/1042/1015 1021/1116/1015 1022/1079/1015
f 970/1044/1016 1008/1117/1016 1009/1080/1016
f 957/1045/1017 995/1118/1017 996/1081/1017
f 985/1049/1018 984/1046/1018 1022/1079/1018
f 971/1047/1019 1009/1080/1019 1010/1083/1019
f 959/1051/1020 958/1048/1020 996/1081/1020
f 985/1049/3083 1023/1082/3083 1024/1085/3083
f 972/1050/1022 1010/1083/1022 1011/1086/1022
f 960/1054/3084 959/1051/3084 997/1084/3084
f 986/1052/1024 1024/1085/1024 1025/1088/1024
f 974/1056/1025 973/1053/1025 1011/1086/1025
f 960/1054/1026 998/1087/1026 999/1090/1026
f 987/1055/1027 1025/1088/1027 1026/1091/1027
f 975/1059/1028 974/1056/1028 1012/1089/1028
f 962/1060/1029 961/1057/1029 999/1090/1029
f 989/1061/1030 988/1058/1030 1026/1091/1030
f 975/1059/1031 1013/1092/1031 1014/1095/1031
f 962/1060/1032 1000/1093/1032 1001/1096/1032
f 989/1061/1033 1027/1094/1033 1028/1097/1033
f 977/1065/1034 976/1062/1034 1014/1095/1034
f 963/1063/1035 1001/1096/1035 1002/1099/1035
f 990/1064/1036 1028/1097/1036 1029/1100/1036
f 977/1065/1037 1015/1098/1037 1016/1101/1037
f 965/1069/1038 964/1066/1038 1002/1099/1038
f 979/1071/1040 978/1068/1040 1016/1101/1040
f 965/1069/1041 1003/1102/1041 1004/1105/1041
f 980/1073/1042 979/1071/1042 1017/1104/1042
f 966/1072/1043 1004/1105/1043 1005/1107/1043
f 980/1073/1045 1018/1106/1045 1019/1110/1045
f 968/1078/1046 967/1074/1046 1005/1107/1046
f 955/1039/1047 954/1076/1047 992/1109/1047
f 982/1041/1048 981/1077/1048 1019/1110/1048
f 968/1078/1049 1006/1111/1049 1007/1114/1049
f 956/1040/1050 955/1039/1050 993/1112/1050
f 983/1042/1051 982/1041/1051 1020/1113/1051
f 970/1044/1052 969/1043/1052 1007/1114/1052
f 956/1040/1053 994/1115/1053 995/1118/1053
f 1009/1080/1054 1047/1156/1054 1048/1119/1054
f 996/1081/1055 1034/1157/1055 1035/1120/1055
f 1023/1082/3085 1061/1158/3085 1062/1121/3085
f 1010/1083/1057 1048/1119/1057 1049/1122/1057
f 998/1087/3086 997/1084/3086 1035/1120/3086
f 1024/1085/1059 1062/1121/1059 1063/1124/1059
f 1012/1089/1060 1011/1086/1060 1049/1122/1060
f 998/1087/1061 1036/1123/1061 1037/1126/1061
f 1025/1088/1062 1063/1124/1062 1064/1127/1062
f 1013/1092/1063 1012/1089/1063 1050/1125/1063
f 1000/1093/1064 999/1090/1064 1037/1126/1064
f 1026/1091/1065 1064/1127/1065 1065/1130/1065
f 1013/1092/1066 1051/1128/1066 1052/1131/1066
f 1000/1093/1067 1038/1129/1067 1039/1132/1067
f 1027/1094/1068 1065/1130/1068 1066/1133/1068
f 1015/1098/1069 1014/1095/1069 1052/1131/1069
f 1002/1099/1070 1001/1096/1070 1039/1132/1070
f 1028/1097/1071 1066/1133/1071 1067/1136/1071
f 1015/1098/1072 1053/1134/1072 1054/1137/1072
f 1003/1102/1073 1002/1099/1073 1040/1135/1073
f 1017/1104/1075 1016/1101/1075 1054/1137/1075
f 1003/1102/1076 1041/1138/1076 1042/1141/1076
f 1017/1104/1077 1055/1140/1077 1056/1142/1077
f 1004/1105/1078 1042/1141/1078 1043/1143/1078
f 1018/1106/1080 1056/1142/1080 1057/1146/1080
f 1006/1111/1081 1005/1107/1081 1043/1143/1081
f 993/1112/1082 992/1109/1082 1030/1145/1082
f 1019/1110/1083 1057/1146/1083 1058/1149/1083
f 1006/1111/1084 1044/1147/1084 1045/1150/1084
f 994/1115/1085 993/1112/1085 1031/1148/1085
f 1021/1116/1086 1020/1113/1086 1058/1149/1086
f 1008/1117/1087 1007/1114/1087 1045/1150/1087
f 994/1115/1088 1032/1151/1088 1033/1154/1088
f 1021/1116/1089 1059/1152/1089 1060/1155/1089
f 1008/1117/1090 1046/1153/1090 1047/1156/1090
f 996/1081/1091 995/1118/1091 1033/1154/1091
f 1023/1082/1092 1022/1079/1092 1060/1155/1092
f 1036/1123/1093 1035/1120/1093 1073/1159/1093
f 1062/1121/1094 1100/1198/1094 1101/1161/1094
f 1050/1125/1095 1049/1122/1095 1087/1162/1095
f 1036/1123/1096 1074/1160/1096 1075/1164/1096
f 1063/1124/1097 1101/1161/1097 1102/1165/1097
f 1051/1128/1098 1050/1125/1098 1088/1163/1098
f 1038/1129/1099 1037/1126/1099 1075/1164/1099
f 1064/1127/1100 1102/1165/1100 1103/1168/1100
f 1051/1128/1101 1089/1166/1101 1090/1169/1101
f 1038/1129/1102 1076/1167/1102 1077/1170/1102
f 1065/1130/1103 1103/1168/1103 1104/1171/1103
f 1053/1134/1104 1052/1131/1104 1090/1169/1104
f 1040/1135/1105 1039/1132/1105 1077/1170/1105
f 1067/1136/1106 1066/1133/1106 1104/1171/1106
f 1053/1134/1107 1091/1172/1107 1092/1175/1107
f 1041/1138/1108 1040/1135/1108 1078/1173/1108
f 1055/1140/1110 1054/1137/1110 1092/1175/1110
f 1041/1138/1111 1079/1176/1111 1080/1179/1111
f 1055/1140/1112 1093/1178/1112 1094/1180/1112
f 1042/1141/1113 1080/1179/1113 1081/1181/1113
f 1056/1142/1115 1094/1180/1115 1095/1184/1115
f 1044/1147/1116 1043/1143/1116 1081/1181/1116
f 1030/1145/1117 1068/1183/1117 1069/1186/1117
f 1057/1146/1118 1095/1184/1118 1096/1187/1118
f 1044/1147/1119 1082/1185/1119 1083/1188/1119
f 1032/1151/1120 1031/1148/1120 1069/1186/1120
f 1059/1152/1121 1058/1149/1121 1096/1187/1121
f 1046/1153/1122 1045/1150/1122 1083/1188/1122
f 1033/1154/1123 1032/1151/1123 1070/1189/1123
f 1059/1152/1124 1097/1190/1124 1098/1193/1124
f 1046/1153/1125 1084/1191/1125 1085/1194/1125
f 1033/1154/1126 1071/1192/1126 1072/1195/1126
f 1061/1158/1127 1060/1155/1127 1098/1193/1127
f 1047/1156/1128 1085/1194/1128 1086/1197/1128
f 1035/1120/1129 1034/1157/1129 1072/1195/1129
f 1061/1158/1130 1099/1196/1130 1100/1198/1130
f 1048/1119/1131 1086/1197/1131 1087/1162/1131
f 1089/1166/1132 1088/1163/1132 1126/1199/1132
f 1076/1167/1133 1075/1164/1133 1113/1201/1133
f 1102/1165/1134 1140/1238/1134 1141/1203/1134
f 1089/1166/1135 1127/1200/1135 1128/1204/1135
f 1076/1167/1136 1114/1202/1136 1115/1205/1136
f 1103/1168/1137 1141/1203/1137 1142/1206/1137
f 1091/1172/1138 1090/1169/1138 1128/1204/1138
f 1078/1173/1139 1077/1170/1139 1115/1205/1139
f 1104/1171/1140 1142/1206/1140 1143/1209/1140
f 1091/1172/1141 1129/1207/1141 1130/1210/1141
f 1079/1176/1142 1078/1173/1142 1116/1208/1142
f 1093/1178/1144 1092/1175/1144 1130/1210/1144
f 1079/1176/1145 1117/1211/1145 1118/1214/1145
f 1093/1178/1146 1131/1213/1146 1132/1215/1146
f 1080/1179/1147 1118/1214/1147 1119/1216/1147
f 1094/1180/1149 1132/1215/1149 1133/1219/1149
f 1082/1185/1150 1081/1181/1150 1119/1216/1150
f 1068/1183/1151 1106/1218/1151 1107/1221/1151
f 1095/1184/1152 1133/1219/1152 1134/1222/1152
f 1082/1185/1153 1120/1220/1153 1121/1223/1153
f 1070/1189/1154 1069/1186/1154 1107/1221/1154
f 1097/1190/1155 1096/1187/1155 1134/1222/1155
f 1084/1191/1156 1083/1188/1156 1121/1223/1156
f 1070/1189/1157 1108/1224/1157 1109/1227/1157
f 1097/1190/1158 1135/1225/1158 1136/1228/1158
f 1084/1191/1159 1122/1226/1159 1123/1229/1159
f 1072/1195/1160 1071/1192/1160 1109/1227/1160
f 1099/1196/1161 1098/1193/1161 1136/1228/1161
f 1085/1194/1162 1123/1229/1162 1124/1232/1162
f 1073/1159/1163 1072/1195/1163 1110/1230/1163
f 1099/1196/1164 1137/1231/1164 1138/1234/1164
f 1086/1197/1165 1124/1232/1165 1125/1235/1165
f 1074/1160/1166 1073/1159/1166 1111/1233/1166
f 1100/1198/1167 1138/1234/1167 1139/1237/1167
f 1088/1163/1168 1087/1162/1168 1125/1235/1168
f 1074/1160/1169 1112/1236/1169 1113/1201/1169
f 1102/1165/1170 1101/1161/1170 1139/1237/1170
f 1114/1202/1171 1152/1277/1171 1153/1239/1171
f 1141/1203/1172 1179/1278/1172 1180/1240/1172
f 1129/1207/1173 1128/1204/1173 1166/1241/1173
f 1116/1208/1174 1115/1205/1174 1153/1239/1174
f 1142/1206/1175 1180/1240/1175 1181/1244/1175
f 1129/1207/1176 1167/1242/1176 1168/1245/1176
f 1117/1211/1177 1116/1208/1177 1154/1243/1177
f 1131/1213/1179 1130/1210/1179 1168/1245/1179
f 1117/1211/1180 1155/1246/1180 1156/1249/1180
f 1132/1215/1181 1131/1213/1181 1169/1248/1181
f 1118/1214/1182 1156/1249/1182 1157/1251/1182
f 1132/1215/1184 1170/1250/1184 1171/1254/1184
f 1120/1220/1185 1119/1216/1185 1157/1251/1185
f 1106/1218/1186 1144/1253/1186 1145/1256/1186
f 1133/1219/1187 1171/1254/1187 1172/1257/1187
f 1120/1220/1188 1158/1255/1188 1159/1258/1188
f 1108/1224/1189 1107/1221/1189 1145/1256/1189
f 1135/1225/1190 1134/1222/1190 1172/1257/1190
f 1122/1226/1191 1121/1223/1191 1159/1258/1191
f 1108/1224/1192 1146/1259/1192 1147/1262/1192
f 1135/1225/1193 1173/1260/1193 1174/1263/1193
f 1122/1226/1194 1160/1261/1194 1161/1264/1194
f 1109/1227/1195 1147/1262/1195 1148/1265/1195
f 1137/1231/1196 1136/1228/1196 1174/1263/1196
f 1123/1229/1197 1161/1264/1197 1162/1267/1197
f 1111/1233/1198 1110/1230/1198 1148/1265/1198
f 1137/1231/1199 1175/1266/1199 1176/1269/1199
f 1124/1232/1200 1162/1267/1200 1163/1270/1200
f 1112/1236/1201 1111/1233/1201 1149/1268/1201
f 1138/1234/1202 1176/1269/1202 1177/1272/1202
f 1126/1199/1203 1125/1235/1203 1163/1270/1203
f 1112/1236/1204 1150/1271/1204 1151/1274/1204
f 1139/1237/1205 1177/1272/1205 1178/1275/1205
f 1126/1199/1206 1164/1273/1206 1165/1276/1206
f 1114/1202/1207 1113/1201/1207 1151/1274/1207
f 1140/1238/1208 1178/1275/1208 1179/1278/1208
f 1127/1200/1209 1165/1276/1209 1166/1241/1209
f 1181/1244/1210 1180/1240/1210 1218/1279/1210
f 1167/1242/1211 1205/1318/1211 1206/1281/1211
f 1155/1246/1212 1154/1243/1212 1192/1282/1212
f 1169/1248/1214 1168/1245/1214 1206/1281/1214
f 1155/1246/1215 1193/1283/1215 1194/1286/1215
f 1170/1250/1216 1169/1248/1216 1207/1285/1216
f 1156/1249/1217 1194/1286/1217 1195/1288/1217
f 1170/1250/1219 1208/1287/1219 1209/1291/1219
f 1158/1255/1220 1157/1251/1220 1195/1288/1220
f 1144/1253/1221 1182/1290/1221 1183/1293/1221
f 1171/1254/1222 1209/1291/1222 1210/1294/1222
f 1158/1255/1223 1196/1292/1223 1197/1295/1223
f 1146/1259/1224 1145/1256/1224 1183/1293/1224
f 1173/1260/1225 1172/1257/1225 1210/1294/1225
f 1160/1261/1226 1159/1258/1226 1197/1295/1226
f 1147/1262/1227 1146/1259/1227 1184/1296/1227
f 1173/1260/1228 1211/1297/1228 1212/1300/1228
f 1160/1261/1229 1198/1298/1229 1199/1301/1229
f 1147/1262/1230 1185/1299/1230 1186/1302/1230
f 1175/1266/1231 1174/1263/1231 1212/1300/1231
f 1161/1264/1232 1199/1301/1232 1200/1304/1232
f 1149/1268/1233 1148/1265/1233 1186/1302/1233
f 1175/1266/3087 1213/1303/3087 1214/1306/3087
f 1162/1267/1235 1200/1304/1235 1201/1307/1235
f 1150/1271/3088 1149/1268/3088 1187/1305/3088
f 1176/1269/1237 1214/1306/1237 1215/1309/1237
f 1164/1273/1238 1163/1270/1238 1201/1307/1238
f 1150/1271/1239 1188/1308/1239 1189/1311/1239
f 1178/1275/1240 1177/1272/1240 1215/1309/1240
f 1165/1276/1241 1164/1273/1241 1202/1310/1241
f 1152/1277/1242 1151/1274/1242 1189/1311/1242
f 1178/1275/1243 1216/1312/1243 1217/1315/1243
f 1165/1276/1244 1203/1313/1244 1204/1316/1244
f 1152/1277/1245 1190/1314/1245 1191/1317/1245
f 1179/1278/1246 1217/1315/1246 1218/1279/1246
f 1167/1242/1247 1166/1241/1247 1204/1316/1247
f 1154/1243/1248 1153/1239/1248 1191/1317/1248
f 1207/1285/1249 1206/1281/1249 1244/1319/1249
f 1193/1283/1250 1231/1357/1250 1232/1321/1250
f 1208/1287/1251 1207/1285/1251 1245/1320/1251
f 1194/1286/1252 1232/1321/1252 1233/1323/1252
f 1208/1287/1254 1246/1322/1254 1247/1326/1254
f 1196/1292/1255 1195/1288/1255 1233/1323/1255
f 1183/1293/1256 1182/1290/1256 1220/1325/1256
f 1209/1291/1257 1247/1326/1257 1248/1329/1257
f 1197/1295/1258 1196/1292/1258 1234/1327/1258
f 1184/1296/1259 1183/1293/1259 1221/1328/1259
f 1211/1297/1260 1210/1294/1260 1248/1329/1260
f 1197/1295/1261 1235/1330/1261 1236/1333/1261
f 1184/1296/1262 1222/1331/1262 1223/1334/1262
f 1211/1297/1263 1249/1332/1263 1250/1335/1263
f 1198/1298/1264 1236/1333/1264 1237/1336/1264
f 1185/1299/1265 1223/1334/1265 1224/1337/1265
f 1213/1303/1266 1212/1300/1266 1250/1335/1266
f 1199/1301/1267 1237/1336/1267 1238/1339/1267
f 1187/1305/1268 1186/1302/1268 1224/1337/1268
f 1213/1303/3089 1251/1338/3089 1252/1341/3089
f 1200/1304/1270 1238/1339/1270 1239/1342/1270
f 1188/1308/3090 1187/1305/3090 1225/1340/3090
f 1214/1306/1272 1252/1341/1272 1253/1344/1272
f 1202/1310/1273 1201/1307/1273 1239/1342/1273
f 1188/1308/1274 1226/1343/1274 1227/1346/1274
f 1215/1309/1275 1253/1344/1275 1254/1347/1275
f 1203/1313/1276 1202/1310/1276 1240/1345/1276
f 1190/1314/1277 1189/1311/1277 1227/1346/1277
f 1216/1312/1278 1254/1347/1278 1255/1350/1278
f 1203/1313/1279 1241/1348/1279 1242/1351/1279
f 1190/1314/1280 1228/1349/1280 1229/1352/1280
f 1217/1315/1281 1255/1350/1281 1256/1353/1281
f 1204/1316/1282 1242/1351/1282 1243/1354/1282
f 1192/1282/1283 1191/1317/1283 1229/1352/1283
f 1218/1279/1284 1256/1353/1284 1257/1356/1284
f 1205/1318/1285 1243/1354/1285 1244/1319/1285
f 1193/1283/1286 1192/1282/1286 1230/1355/1286
f 1232/1321/1288 1270/1397/1288 1271/1359/1288
f 1246/1322/1290 1284/1398/1290 1285/1362/1290
f 1234/1327/1291 1233/1323/1291 1271/1359/1291
f 1220/1325/1292 1258/1361/1292 1259/1364/1292
f 1247/1326/1293 1285/1362/1293 1286/1365/1293
f 1235/1330/1294 1234/1327/1294 1272/1363/1294
f 1221/1328/1295 1259/1364/1295 1260/1367/1295
f 1249/1332/1296 1248/1329/1296 1286/1365/1296
f 1235/1330/1297 1273/1366/1297 1274/1369/1297
f 1223/1334/1298 1222/1331/1298 1260/1367/1298
f 1249/1332/1299 1287/1368/1299 1288/1371/1299
f 1236/1333/1300 1274/1369/1300 1275/1372/1300
f 1224/1337/1301 1223/1334/1301 1261/1370/1301
f 1251/1338/1302 1250/1335/1302 1288/1371/1302
f 1237/1336/1303 1275/1372/1303 1276/1375/1303
f 1225/1340/1304 1224/1337/1304 1262/1373/1304
f 1251/1338/3091 1289/1374/3091 1290/1377/3091
f 1238/1339/1306 1276/1375/1306 1277/1378/1306
f 1226/1343/3092 1225/1340/3092 1263/1376/3092
f 1252/1341/1308 1290/1377/1308 1291/1380/1308
f 1240/1345/1309 1239/1342/1309 1277/1378/1309
f 1226/1343/1310 1264/1379/1310 1265/1382/1310
f 1254/1347/1311 1253/1344/1311 1291/1380/1311
f 1241/1348/1312 1240/1345/1312 1278/1381/1312
f 1228/1349/1313 1227/1346/1313 1265/1382/1313
f 1254/1347/1314 1292/1383/1314 1293/1386/1314
f 1242/1351/1315 1241/1348/1315 1279/1384/1315
f 1228/1349/1316 1266/1385/1316 1267/1388/1316
f 1256/1353/1317 1255/1350/1317 1293/1386/1317
f 1242/1351/1318 1280/1387/1318 1281/1390/1318
f 1230/1355/1319 1229/1352/1319 1267/1388/1319
f 1257/1356/1320 1256/1353/1320 1294/1389/1320
f 1243/1354/1321 1281/1390/1321 1282/1393/1321
f 1231/1357/1322 1230/1355/1322 1268/1391/1322
f 1245/1320/1324 1244/1319/1324 1282/1393/1324
f 1231/1357/1325 1269/1394/1325 1270/1397/1325
f 1246/1322/1326 1245/1320/1326 1283/1396/1326
f 1258/1361/1327 1296/1437/1327 1297/1399/1327
f 1285/1362/1328 1323/1438/1328 1324/1400/1328
f 1273/1366/1329 1272/1363/1329 1310/1401/1329
f 1260/1367/1330 1259/1364/1330 1297/1399/1330
f 1287/1368/1331 1286/1365/1331 1324/1400/1331
f 1273/1366/1332 1311/1402/1332 1312/1405/1332
f 1261/1370/1333 1260/1367/1333 1298/1403/1333
f 1287/1368/1334 1325/1404/1334 1326/1407/1334
f 1275/1372/1335 1274/1369/1335 1312/1405/1335
f 1261/1370/1336 1299/1406/1336 1300/1409/1336
f 1289/1374/3093 1288/1371/3093 1326/1407/3093
f 1275/1372/1338 1313/1408/1338 1314/1411/1338
f 1263/1376/1339 1262/1373/1339 1300/1409/1339
f 1289/1374/1340 1327/1410/1340 1328/1413/1340
f 1276/1375/1341 1314/1411/1341 1315/1414/1341
f 1264/1379/1342 1263/1376/1342 1301/1412/1342
f 1290/1377/1343 1328/1413/1343 1329/1416/1343
f 1278/1381/1344 1277/1378/1344 1315/1414/1344
f 1264/1379/3094 1302/1415/3094 1303/1418/3094
f 1292/1383/1346 1291/1380/1346 1329/1416/1346
f 1279/1384/1347 1278/1381/1347 1316/1417/1347
f 1266/1385/1348 1265/1382/1348 1303/1418/1348
f 1293/1386/1349 1292/1383/1349 1330/1419/1349
f 1280/1387/1350 1279/1384/1350 1317/1420/1350
f 1266/1385/1351 1304/1421/1351 1305/1424/1351
f 1294/1389/1352 1293/1386/1352 1331/1422/1352
f 1280/1387/1353 1318/1423/1353 1319/1426/1353
f 1268/1391/1354 1267/1388/1354 1305/1424/1354
f 1294/1389/1355 1332/1425/1355 1333/1428/1355
f 1281/1390/1356 1319/1426/1356 1320/1429/1356
f 1269/1394/1357 1268/1391/1357 1306/1427/1357
f 1283/1396/1359 1282/1393/1359 1320/1429/1359
f 1269/1394/3095 1307/1430/3095 1308/1433/3095
f 1284/1398/3096 1283/1396/3096 1321/1432/3096
f 1270/1397/1362 1308/1433/1362 1309/1435/1362
f 1284/1398/1364 1322/1434/1364 1323/1438/1364
f 1272/1363/1365 1271/1359/1365 1309/1435/1365
f 1311/1402/1366 1349/1477/1366 1350/1439/1366
f 1299/1406/1367 1298/1403/1367 1336/1440/1367
f 1325/1404/1368 1363/1478/1368 1364/1442/1368
f 1312/1405/1369 1350/1439/1369 1351/1443/1369
f 1300/1409/1370 1299/1406/1370 1337/1441/1370
f 1327/1410/1371 1326/1407/1371 1364/1442/1371
f 1313/1408/1372 1351/1443/1372 1352/1446/1372
f 1301/1412/3097 1300/1409/3097 1338/1444/3097
f 1327/1410/1374 1365/1445/1374 1366/1448/1374
f 1314/1411/1375 1352/1446/1375 1353/1449/1375
f 1302/1415/1376 1301/1412/1376 1339/1447/1376
f 1328/1413/3098 1366/1448/3098 1367/1451/3098
f 1316/1417/1378 1315/1414/1378 1353/1449/1378
f 1302/1415/1379 1340/1450/1379 1341/1453/1379
f 1329/1416/1380 1367/1451/1380 1368/1454/1380
f 1317/1420/1381 1316/1417/1381 1354/1452/1381
f 1304/1421/1382 1303/1418/1382 1341/1453/1382
f 1330/1419/1383 1368/1454/1383 1369/1457/1383
f 1318/1423/1384 1317/1420/1384 1355/1455/1384
f 1304/1421/1385 1342/1456/1385 1343/1459/1385
f 1331/1422/1386 1369/1457/1386 1370/1460/1386
f 1318/1423/1387 1356/1458/1387 1357/1461/1387
f 1306/1427/1388 1305/1424/1388 1343/1459/1388
f 1332/1425/1389 1370/1460/1389 1371/1463/1389
f 1319/1426/1390 1357/1461/1390 1358/1464/1390
f 1307/1430/1391 1306/1427/1391 1344/1462/1391
f 1321/1432/1393 1320/1429/1393 1358/1464/1393
f 1307/1430/1394 1345/1465/1394 1346/1468/1394
f 1322/1434/1395 1321/1432/1395 1359/1467/1395
f 1308/1433/1396 1346/1468/1396 1347/1470/1396
f 1322/1434/1398 1360/1469/1398 1361/1473/1398
f 1310/1401/1399 1309/1435/1399 1347/1470/1399
f 1296/1437/3099 1334/1472/3099 1335/1475/3099
f 1323/1438/1401 1361/1473/1401 1362/1476/1401
f 1311/1402/1402 1310/1401/1402 1348/1474/1402
f 1298/1403/1403 1297/1399/1403 1335/1475/1403
f 1325/1404/1404 1324/1400/1404 1362/1476/1404
f 1338/1444/1405 1337/1441/1405 1375/1479/1405
f 1365/1445/1406 1364/1442/1406 1402/1481/1406
f 1351/1443/1407 1389/1518/1407 1390/1483/1407
f 1339/1447/1408 1338/1444/1408 1376/1480/1408
f 1365/1445/1409 1403/1482/1409 1404/1485/1409
f 1352/1446/1410 1390/1483/1410 1391/1486/1410
f 1340/1450/1411 1339/1447/1411 1377/1484/1411
f 1366/1448/1412 1404/1485/1412 1405/1488/1412
f 1353/1449/1413 1391/1486/1413 1392/1489/1413
f 1340/1450/1414 1378/1487/1414 1379/1490/1414
f 1367/1451/1415 1405/1488/1415 1406/1491/1415
f 1355/1455/1416 1354/1452/1416 1392/1489/1416
f 1342/1456/1417 1341/1453/1417 1379/1490/1417
f 1368/1454/1418 1406/1491/1418 1407/1494/1418
f 1356/1458/1419 1355/1455/1419 1393/1492/1419
f 1342/1456/1420 1380/1493/1420 1381/1496/1420
f 1370/1460/1421 1369/1457/1421 1407/1494/1421
f 1356/1458/1422 1394/1495/1422 1395/1498/1422
f 1344/1462/1423 1343/1459/1423 1381/1496/1423
f 1370/1460/1424 1408/1497/1424 1409/1500/1424
f 1357/1461/1425 1395/1498/1425 1396/1501/1425
f 1345/1465/1426 1344/1462/1426 1382/1499/1426
f 1359/1467/1428 1358/1464/1428 1396/1501/1428
f 1345/1465/1429 1383/1502/1429 1384/1505/1429
f 1360/1469/1430 1359/1467/1430 1397/1504/1430
f 1346/1468/1431 1384/1505/1431 1385/1507/1431
f 1360/1469/1433 1398/1506/1433 1399/1510/1433
f 1348/1474/1434 1347/1470/1434 1385/1507/1434
f 1334/1472/1435 1372/1509/1435 1373/1512/1435
f 1361/1473/1436 1399/1510/1436 1400/1513/1436
f 1349/1477/1437 1348/1474/1437 1386/1511/1437
f 1336/1440/1438 1335/1475/1438 1373/1512/1438
f 1363/1478/1439 1362/1476/1439 1400/1513/1439
f 1349/1477/1440 1387/1514/1440 1388/1517/1440
f 1337/1441/1441 1336/1440/1441 1374/1515/1441
f 1363/1478/1442 1401/1516/1442 1402/1481/1442
f 1350/1439/1443 1388/1517/1443 1389/1518/1443
f 1403/1482/1444 1441/1557/1444 1442/1519/1444
f 1390/1483/1445 1428/1558/1445 1429/1520/1445
f 1378/1487/1446 1377/1484/1446 1415/1521/1446
f 1404/1485/1447 1442/1519/1447 1443/1523/1447
f 1391/1486/1448 1429/1520/1448 1430/1524/1448
f 1378/1487/1449 1416/1522/1449 1417/1525/1449
f 1405/1488/1450 1443/1523/1450 1444/1526/1450
f 1392/1489/1451 1430/1524/1451 1431/1527/1451
f 1380/1493/1452 1379/1490/1452 1417/1525/1452
f 1406/1491/1453 1444/1526/1453 1445/1529/1453
f 1394/1495/1454 1393/1492/1454 1431/1527/1454
f 1380/1493/1455 1418/1528/1455 1419/1531/1455
f 1407/1494/1456 1445/1529/1456 1446/1532/1456
f 1394/1495/1457 1432/1530/1457 1433/1533/1457
f 1381/1496/1458 1419/1531/1458 1420/1534/1458
f 1408/1497/1459 1446/1532/1459 1447/1535/1459
f 1395/1498/1460 1433/1533/1460 1434/1536/1460
f 1383/1502/1461 1382/1499/1461 1420/1534/1461
f 1397/1504/1463 1396/1501/1463 1434/1536/1463
f 1383/1502/1464 1421/1537/1464 1422/1540/1464
f 1398/1506/1465 1397/1504/1465 1435/1539/1465
f 1384/1505/1466 1422/1540/1466 1423/1542/1466
f 1398/1506/1468 1436/1541/1468 1437/1545/1468
f 1386/1511/1469 1385/1507/1469 1423/1542/1469
f 1373/1512/1470 1372/1509/1470 1410/1544/1470
f 1399/1510/1471 1437/1545/1471 1438/1548/1471
f 1387/1514/1472 1386/1511/1472 1424/1546/1472
f 1373/1512/1473 1411/1547/1473 1412/1550/1473
f 1401/1516/1474 1400/1513/1474 1438/1548/1474
f 1387/1514/1475 1425/1549/1475 1426/1552/1475
f 1375/1479/1476 1374/1515/1476 1412/1550/1476
f 1401/1516/1477 1439/1551/1477 1440/1554/1477
f 1388/1517/1478 1426/1552/1478 1427/1555/1478
f 1376/1480/1479 1375/1479/1479 1413/1553/1479
f 1403/1482/1480 1402/1481/1480 1440/1554/1480
f 1389/1518/1481 1427/1555/1481 1428/1558/1481
f 1377/1484/1482 1376/1480/1482 1414/1556/1482
f 1430/1524/1483 1429/1520/1483 1467/1559/1483
f 1416/1522/1484 1454/1597/1484 1455/1561/1484
f 1443/1523/1485 1481/1598/1485 1482/1562/1485
f 1430/1524/1486 1468/1560/1486 1469/1563/1486
f 1418/1528/1487 1417/1525/1487 1455/1561/1487
f 1444/1526/1488 1482/1562/1488 1483/1565/1488
f 1432/1530/1489 1431/1527/1489 1469/1563/1489
f 1418/1528/1490 1456/1564/1490 1457/1567/1490
f 1445/1529/1491 1483/1565/1491 1484/1568/1491
f 1432/1530/1492 1470/1566/1492 1471/1569/1492
f 1420/1534/1493 1419/1531/1493 1457/1567/1493
f 1446/1532/3100 1484/1568/3100 1485/1571/3100
f 1433/1533/1495 1471/1569/1495 1472/1572/1495
f 1421/1537/1496 1420/1534/1496 1458/1570/1496
f 1435/1539/1498 1434/1536/1498 1472/1572/1498
f 1421/1537/1499 1459/1573/1499 1460/1576/1499
f 1436/1541/1500 1435/1539/1500 1473/1575/1500
f 1422/1540/1501 1460/1576/1501 1461/1578/1501
f 1436/1541/1503 1474/1577/1503 1475/1581/1503
f 1424/1546/1504 1423/1542/1504 1461/1578/1504
f 1410/1544/3101 1448/1580/3101 1449/1583/3101
f 1437/1545/1506 1475/1581/1506 1476/1584/1506
f 1424/1546/1507 1462/1582/1507 1463/1585/1507
f 1412/1550/1508 1411/1547/1508 1449/1583/1508
f 1439/1551/1509 1438/1548/1509 1476/1584/1509
f 1425/1549/1510 1463/1585/1510 1464/1588/1510
f 1412/1550/1511 1450/1586/1511 1451/1589/1511
f 1439/1551/1512 1477/1587/1512 1478/1590/1512
f 1426/1552/1513 1464/1588/1513 1465/1591/1513
f 1413/1553/1514 1451/1589/1514 1452/1592/1514
f 1441/1557/1515 1440/1554/1515 1478/1590/1515
f 1428/1558/1516 1427/1555/1516 1465/1591/1516
f 1415/1521/1517 1414/1556/1517 1452/1592/1517
f 1441/1557/1518 1479/1593/1518 1480/1596/1518
f 1428/1558/1519 1466/1594/1519 1467/1559/1519
f 1416/1522/1520 1415/1521/1520 1453/1595/1520
f 1442/1519/1521 1480/1596/1521 1481/1598/1521
f 1456/1564/1522 1455/1561/1522 1493/1599/1522
f 1482/1562/1523 1520/1638/1523 1521/1601/1523
f 1470/1566/1524 1469/1563/1524 1507/1602/1524
f 1456/1564/1525 1494/1600/1525 1495/1604/1525
f 1483/1565/1526 1521/1601/1526 1522/1605/1526
f 1470/1566/1527 1508/1603/1527 1509/1606/1527
f 1458/1570/1528 1457/1567/1528 1495/1604/1528
f 1484/1568/3102 1522/1605/3102 1523/1608/3102
f 1471/1569/1530 1509/1606/1530 1510/1609/1530
f 1459/1573/1531 1458/1570/1531 1496/1607/1531
f 1473/1575/1533 1472/1572/1533 1510/1609/1533
f 1459/1573/1534 1497/1610/1534 1498/1613/1534
f 1473/1575/1535 1511/1612/1535 1512/1614/1535
f 1460/1576/1536 1498/1613/1536 1499/1615/1536
f 1474/1577/1538 1512/1614/1538 1513/1618/1538
f 1462/1582/1539 1461/1578/1539 1499/1615/1539
f 1449/1583/3103 1448/1580/3103 1486/1617/3103
f 1475/1581/1541 1513/1618/1541 1514/1621/1541
f 1462/1582/1542 1500/1619/1542 1501/1622/1542
f 1449/1583/1543 1487/1620/1543 1488/1623/1543
f 1477/1587/1544 1476/1584/1544 1514/1621/1544
f 1463/1585/1545 1501/1622/1545 1502/1625/1545
f 1451/1589/1546 1450/1586/1546 1488/1623/1546
f 1477/1587/1547 1515/1624/1547 1516/1627/1547
f 1464/1588/1548 1502/1625/1548 1503/1628/1548
f 1451/1589/1549 1489/1626/1549 1490/1629/1549
f 1479/1593/1550 1478/1590/1550 1516/1627/1550
f 1465/1591/1551 1503/1628/1551 1504/1631/1551
f 1453/1595/1552 1452/1592/1552 1490/1629/1552
f 1479/1593/1553 1517/1630/1553 1518/1633/1553
f 1466/1594/1554 1504/1631/1554 1505/1634/1554
f 1454/1597/1555 1453/1595/1555 1491/1632/1555
f 1480/1596/1556 1518/1633/1556 1519/1636/1556
f 1467/1559/1557 1505/1634/1557 1506/1637/1557
f 1454/1597/1558 1492/1635/1558 1493/1599/1558
f 1482/1562/1559 1481/1598/1559 1519/1636/1559
f 1469/1563/1560 1468/1560/1560 1506/1637/1560
f 1508/1603/1561 1546/1677/1561 1547/1639/1561
f 1496/1607/1562 1495/1604/1562 1533/1640/1562
f 1522/1605/1563 1560/1678/1563 1561/1642/1563
f 1509/1606/1564 1547/1639/1564 1548/1643/1564
f 1497/1610/1565 1496/1607/1565 1534/1641/1565
f 1511/1612/1567 1510/1609/1567 1548/1643/1567
f 1497/1610/1568 1535/1644/1568 1536/1647/1568
f 1512/1614/1569 1511/1612/1569 1549/1646/1569
f 1498/1613/1570 1536/1647/1570 1537/1649/1570
f 1512/1614/1572 1550/1648/1572 1551/1652/1572
f 1500/1619/1573 1499/1615/1573 1537/1649/1573
f 1486/1617/1574 1524/1651/1574 1525/1654/1574
f 1513/1618/1575 1551/1652/1575 1552/1655/1575
f 1500/1619/1576 1538/1653/1576 1539/1656/1576
f 1488/1623/1577 1487/1620/1577 1525/1654/1577
f 1515/1624/1578 1514/1621/1578 1552/1655/1578
f 1501/1622/1579 1539/1656/1579 1540/1659/1579
f 1488/1623/1580 1526/1657/1580 1527/1660/1580
f 1515/1624/1581 1553/1658/1581 1554/1661/1581
f 1502/1625/1582 1540/1659/1582 1541/1662/1582
f 1489/1626/1583 1527/1660/1583 1528/1663/1583
f 1517/1630/1584 1516/1627/1584 1554/1661/1584
f 1504/1631/1585 1503/1628/1585 1541/1662/1585
f 1491/1632/1586 1490/1629/1586 1528/1663/1586
f 1517/1630/1587 1555/1664/1587 1556/1667/1587
f 1504/1631/1588 1542/1665/1588 1543/1668/1588
f 1492/1635/1589 1491/1632/1589 1529/1666/1589
f 1518/1633/1590 1556/1667/1590 1557/1670/1590
f 1505/1634/1591 1543/1668/1591 1544/1671/1591
f 1492/1635/1592 1530/1669/1592 1531/1672/1592
f 1520/1638/1593 1519/1636/1593 1557/1670/1593
f 1507/1602/1594 1506/1637/1594 1544/1671/1594
f 1494/1600/1595 1493/1599/1595 1531/1672/1595
f 1520/1638/1596 1558/1673/1596 1559/1676/1596
f 1508/1603/1597 1507/1602/1597 1545/1674/1597
f 1494/1600/1598 1532/1675/1598 1533/1640/1598
f 1521/1601/1599 1559/1676/1599 1560/1678/1599
f 1535/1644/1600 1534/1641/1600 1572/1679/1600
f 1549/1646/1602 1548/1643/1602 1586/1683/1602
f 1535/1644/1603 1573/1680/1603 1574/1685/1603
f 1550/1648/1604 1549/1646/1604 1587/1684/1604
f 1536/1647/1605 1574/1685/1605 1575/1687/1605
f 1550/1648/1607 1588/1686/1607 1589/1690/1607
f 1538/1653/1608 1537/1649/1608 1575/1687/1608
f 1525/1654/1609 1524/1651/1609 1562/1689/1609
f 1551/1652/1610 1589/1690/1610 1590/1693/1610
f 1538/1653/1611 1576/1691/1611 1577/1694/1611
f 1526/1657/1612 1525/1654/1612 1563/1692/1612
f 1553/1658/1613 1552/1655/1613 1590/1693/1613
f 1539/1656/1614 1577/1694/1614 1578/1697/1614
f 1526/1657/1615 1564/1695/1615 1565/1698/1615
f 1553/1658/1616 1591/1696/1616 1592/1699/1616
f 1540/1659/1617 1578/1697/1617 1579/1700/1617
f 1527/1660/1618 1565/1698/1618 1566/1701/1618
f 1555/1664/1619 1554/1661/1619 1592/1699/1619
f 1542/1665/1620 1541/1662/1620 1579/1700/1620
f 1529/1666/1621 1528/1663/1621 1566/1701/1621
f 1555/1664/3104 1593/1702/3104 1594/1705/3104
f 1542/1665/1623 1580/1703/1623 1581/1706/1623
f 1530/1669/3105 1529/1666/3105 1567/1704/3105
f 1556/1667/1625 1594/1705/1625 1595/1708/1625
f 1543/1668/1626 1581/1706/1626 1582/1709/1626
f 1530/1669/1627 1568/1707/1627 1569/1710/1627
f 1558/1673/1628 1557/1670/1628 1595/1708/1628
f 1545/1674/1629 1544/1671/1629 1582/1709/1629
f 1532/1675/1630 1531/1672/1630 1569/1710/1630
f 1558/1673/1631 1596/1711/1631 1597/1714/1631
f 1546/1677/1632 1545/1674/1632 1583/1712/1632
f 1532/1675/1633 1570/1713/1633 1571/1716/1633
f 1559/1676/1634 1597/1714/1634 1598/1717/1634
f 1546/1677/1635 1584/1715/1635 1585/1718/1635
f 1534/1641/1636 1533/1640/1636 1571/1716/1636
f 1560/1678/1637 1598/1717/1637 1599/1682/1637
f 1547/1639/1638 1585/1718/1638 1586/1683/1638
f 1581/1706/1639 1619/1756/1639 1620/1719/1639
f 1568/1707/1640 1606/1757/1640 1607/1720/1640
f 1595/1708/1641 1633/1758/1641 1634/1721/1641
f 1583/1712/1642 1582/1709/1642 1620/1719/1642
f 1570/1713/1643 1569/1710/1643 1607/1720/1643
f 1597/1714/1644 1596/1711/1644 1634/1721/1644
f 1584/1715/1645 1583/1712/1645 1621/1722/1645
f 1570/1713/1646 1608/1723/1646 1609/1726/1646
f 1597/1714/1647 1635/1724/1647 1636/1727/1647
f 1584/1715/1648 1622/1725/1648 1623/1728/1648
f 1572/1679/1649 1571/1716/1649 1609/1726/1649
f 1598/1717/1650 1636/1727/1650 1637/1730/1650
f 1585/1718/1651 1623/1728/1651 1624/1731/1651
f 1573/1680/1652 1572/1679/1652 1610/1729/1652
f 1587/1684/1654 1586/1683/1654 1624/1731/1654
f 1573/1680/1655 1611/1732/1655 1612/1735/1655
f 1588/1686/1656 1587/1684/1656 1625/1734/1656
f 1574/1685/1657 1612/1735/1657 1613/1737/1657
f 1588/1686/1659 1626/1736/1659 1627/1740/1659
f 1576/1691/1660 1575/1687/1660 1613/1737/1660
f 1563/1692/1661 1562/1689/1661 1600/1739/1661
f 1589/1690/1662 1627/1740/1662 1628/1743/1662
f 1576/1691/1663 1614/1741/1663 1615/1744/1663
f 1564/1695/1664 1563/1692/1664 1601/1742/1664
f 1591/1696/1665 1590/1693/1665 1628/1743/1665
f 1577/1694/1666 1615/1744/1666 1616/1747/1666
f 1564/1695/1667 1602/1745/1667 1603/1748/1667
f 1591/1696/1668 1629/1746/1668 1630/1749/1668
f 1578/1697/1669 1616/1747/1669 1617/1750/1669
f 1566/1701/1670 1565/1698/1670 1603/1748/1670
f 1593/1702/1671 1592/1699/1671 1630/1749/1671
f 1580/1703/1672 1579/1700/1672 1617/1750/1672
f 1567/1704/3106 1566/1701/3106 1604/1751/3106
f 1593/1702/3107 1631/1752/3107 1632/1755/3107
f 1580/1703/1675 1618/1753/1675 1619/1756/1675
f 1568/1707/1676 1567/1704/1676 1605/1754/1676
f 1594/1705/3108 1632/1755/3108 1633/1758/3108
f 1608/1723/1678 1607/1720/1678 1645/1759/1678
f 1635/1724/1679 1634/1721/1679 1672/1761/1679
f 1622/1725/1680 1621/1722/1680 1659/1763/1680
f 1608/1723/1681 1646/1760/1681 1647/1765/1681
f 1635/1724/1682 1673/1762/1682 1674/1766/1682
f 1623/1728/1683 1622/1725/1683 1660/1764/1683
f 1610/1729/1684 1609/1726/1684 1647/1765/1684
f 1637/1730/1685 1636/1727/1685 1674/1766/1685
f 1623/1728/1686 1661/1767/1686 1662/1770/1686
f 1611/1732/1687 1610/1729/1687 1648/1768/1687
f 1625/1734/1689 1624/1731/1689 1662/1770/1689
f 1611/1732/1690 1649/1771/1690 1650/1774/1690
f 1626/1736/1691 1625/1734/1691 1663/1773/1691
f 1612/1735/1692 1650/1774/1692 1651/1776/1692
f 1626/1736/1694 1664/1775/1694 1665/1779/1694
f 1614/1741/1695 1613/1737/1695 1651/1776/1695
f 1600/1739/1696 1638/1778/1696 1639/1781/1696
f 1627/1740/1697 1665/1779/1697 1666/1782/1697
f 1614/1741/1698 1652/1780/1698 1653/1783/1698
f 1602/1745/1699 1601/1742/1699 1639/1781/1699
f 1629/1746/1700 1628/1743/1700 1666/1782/1700
f 1615/1744/1701 1653/1783/1701 1654/1786/1701
f 1602/1745/1702 1640/1784/1702 1641/1787/1702
f 1629/1746/1703 1667/1785/1703 1668/1788/1703
f 1616/1747/1704 1654/1786/1704 1655/1789/1704
f 1603/1748/1705 1641/1787/1705 1642/1790/1705
f 1631/1752/1706 1630/1749/1706 1668/1788/1706
f 1618/1753/1707 1617/1750/1707 1655/1789/1707
f 1605/1754/1708 1604/1751/1708 1642/1790/1708
f 1631/1752/1709 1669/1791/1709 1670/1794/1709
f 1618/1753/1710 1656/1792/1710 1657/1795/1710
f 1606/1757/1711 1605/1754/1711 1643/1793/1711
f 1632/1755/1712 1670/1794/1712 1671/1797/1712
f 1619/1756/1713 1657/1795/1713 1658/1798/1713
f 1606/1757/1714 1644/1796/1714 1645/1759/1714
f 1634/1721/1715 1633/1758/1715 1671/1797/1715
f 1620/1719/1716 1658/1798/1716 1659/1763/1716
f 1673/1762/1717 1711/1838/1717 1712/1799/1717
f 1661/1767/1718 1660/1764/1718 1698/1800/1718
f 1648/1768/1719 1647/1765/1719 1685/1802/1719
f 1674/1766/1720 1712/1799/1720 1713/1804/1720
f 1661/1767/1721 1699/1801/1721 1700/1805/1721
f 1649/1771/1722 1648/1768/1722 1686/1803/1722
f 1663/1773/1724 1662/1770/1724 1700/1805/1724
f 1649/1771/1725 1687/1806/1725 1688/1809/1725
f 1664/1775/1726 1663/1773/1726 1701/1808/1726
f 1650/1774/1727 1688/1809/1727 1689/1811/1727
f 1664/1775/1729 1702/1810/1729 1703/1814/1729
f 1652/1780/1730 1651/1776/1730 1689/1811/1730
f 1638/1778/1731 1676/1813/1731 1677/1816/1731
f 1665/1779/1732 1703/1814/1732 1704/1817/1732
f 1652/1780/1733 1690/1815/1733 1691/1818/1733
f 1640/1784/1734 1639/1781/1734 1677/1816/1734
f 1667/1785/1735 1666/1782/1735 1704/1817/1735
f 1653/1783/1736 1691/1818/1736 1692/1821/1736
f 1640/1784/1737 1678/1819/1737 1679/1822/1737
f 1667/1785/1738 1705/1820/1738 1706/1823/1738
f 1655/1789/1739 1654/1786/1739 1692/1821/1739
f 1642/1790/1740 1641/1787/1740 1679/1822/1740
f 1669/1791/1741 1668/1788/1741 1706/1823/1741
f 1656/1792/1742 1655/1789/1742 1693/1824/1742
f 1643/1793/1743 1642/1790/1743 1680/1825/1743
f 1669/1791/1744 1707/1826/1744 1708/1829/1744
f 1656/1792/1745 1694/1827/1745 1695/1830/1745
f 1644/1796/1746 1643/1793/1746 1681/1828/1746
f 1670/1794/1747 1708/1829/1747 1709/1832/1747
f 1657/1795/1748 1695/1830/1748 1696/1833/1748
f 1644/1796/1749 1682/1831/1749 1683/1834/1749
f 1672/1761/1750 1671/1797/1750 1709/1832/1750
f 1658/1798/1751 1696/1833/1751 1697/1836/1751
f 1646/1760/1752 1645/1759/1752 1683/1834/1752
f 1672/1761/1753 1710/1835/1753 1711/1838/1753
f 1660/1764/1754 1659/1763/1754 1697/1836/1754
f 1646/1760/1755 1684/1837/1755 1685/1802/1755
f 1699/1801/1756 1737/1878/1756 1738/1839/1756
f 1687/1806/1757 1686/1803/1757 1724/1840/1757
f 1701/1808/1759 1700/1805/1759 1738/1839/1759
f 1687/1806/1760 1725/1841/1760 1726/1845/1760
f 1702/1810/1761 1701/1808/1761 1739/1844/1761
f 1688/1809/1762 1726/1845/1762 1727/1847/1762
f 1702/1810/1764 1740/1846/1764 1741/1850/1764
f 1690/1815/1765 1689/1811/1765 1727/1847/1765
f 1676/1813/1766 1714/1849/1766 1715/1852/1766
f 1703/1814/1767 1741/1850/1767 1742/1853/1767
f 1690/1815/1768 1728/1851/1768 1729/1854/1768
f 1678/1819/1769 1677/1816/1769 1715/1852/1769
f 1705/1820/1770 1704/1817/1770 1742/1853/1770
f 1691/1818/1771 1729/1854/1771 1730/1857/1771
f 1678/1819/1772 1716/1855/1772 1717/1858/1772
f 1705/1820/1773 1743/1856/1773 1744/1859/1773
f 1693/1824/1774 1692/1821/1774 1730/1857/1774
f 1680/1825/1775 1679/1822/1775 1717/1858/1775
f 1707/1826/1776 1706/1823/1776 1744/1859/1776
f 1693/1824/1777 1731/1860/1777 1732/1863/1777
f 1681/1828/1778 1680/1825/1778 1718/1861/1778
f 1707/1826/3109 1745/1862/3109 1746/1865/3109
f 1694/1827/1780 1732/1863/1780 1733/1866/1780
f 1682/1831/1781 1681/1828/1781 1719/1864/1781
f 1708/1829/1782 1746/1865/1782 1747/1868/1782
f 1695/1830/1783 1733/1866/1783 1734/1869/1783
f 1682/1831/1784 1720/1867/1784 1721/1870/1784
f 1709/1832/1785 1747/1868/1785 1748/1871/1785
f 1696/1833/1786 1734/1869/1786 1735/1872/1786
f 1684/1837/1787 1683/1834/1787 1721/1870/1787
f 1710/1835/1788 1748/1871/1788 1749/1874/1788
f 1698/1800/1789 1697/1836/1789 1735/1872/1789
f 1684/1837/1790 1722/1873/1790 1723/1876/1790
f 1711/1838/1791 1749/1874/1791 1750/1877/1791
f 1698/1800/1792 1736/1875/1792 1737/1878/1792
f 1686/1803/1793 1685/1802/1793 1723/1876/1793
f 1713/1804/1794 1712/1799/1794 1750/1877/1794
f 1725/1841/1795 1763/1917/1795 1764/1879/1795
f 1740/1846/1796 1739/1844/1796 1777/1880/1796
f 1726/1845/1797 1764/1879/1797 1765/1882/1797
f 1740/1846/1799 1778/1881/1799 1779/1885/1799
f 1728/1851/1800 1727/1847/1800 1765/1882/1800
f 1714/1849/1801 1752/1884/1801 1753/1887/1801
f 1741/1850/1802 1779/1885/1802 1780/1888/1802
f 1729/1854/1803 1728/1851/1803 1766/1886/1803
f 1716/1855/1804 1715/1852/1804 1753/1887/1804
f 1743/1856/1805 1742/1853/1805 1780/1888/1805
f 1729/1854/1806 1767/1889/1806 1768/1892/1806
f 1716/1855/1807 1754/1890/1807 1755/1893/1807
f 1743/1856/1808 1781/1891/1808 1782/1894/1808
f 1730/1857/1809 1768/1892/1809 1769/1895/1809
f 1717/1858/1810 1755/1893/1810 1756/1896/1810
f 1745/1862/1811 1744/1859/1811 1782/1894/1811
f 1731/1860/1812 1769/1895/1812 1770/1898/1812
f 1719/1864/1813 1718/1861/1813 1756/1896/1813
f 1745/1862/3110 1783/1897/3110 1784/1900/3110
f 1732/1863/1815 1770/1898/1815 1771/1901/1815
f 1720/1867/3111 1719/1864/3111 1757/1899/3111
f 1746/1865/1817 1784/1900/1817 1785/1903/1817
f 1733/1866/1818 1771/1901/1818 1772/1904/1818
f 1720/1867/1819 1758/1902/1819 1759/1905/1819
f 1748/1871/1820 1747/1868/1820 1785/1903/1820
f 1734/1869/1821 1772/1904/1821 1773/1907/1821
f 1722/1873/1822 1721/1870/1822 1759/1905/1822
f 1748/1871/1823 1786/1906/1823 1787/1909/1823
f 1736/1875/1824 1735/1872/1824 1773/1907/1824
f 1722/1873/1825 1760/1908/1825 1761/1911/1825
f 1749/1874/1826 1787/1909/1826 1788/1912/1826
f 1736/1875/1827 1774/1910/1827 1775/1913/1827
f 1724/1840/1828 1723/1876/1828 1761/1911/1828
f 1750/1877/1829 1788/1912/1829 1789/1915/1829
f 1737/1878/1830 1775/1913/1830 1776/1916/1830
f 1725/1841/1831 1724/1840/1831 1762/1914/1831
f 1739/1844/1833 1738/1839/1833 1776/1916/1833
f 1778/1881/1835 1816/1958/1835 1817/1921/1835
f 1766/1886/1836 1765/1882/1836 1803/1922/1836
f 1752/1884/1837 1790/1920/1837 1791/1924/1837
f 1779/1885/1838 1817/1921/1838 1818/1925/1838
f 1767/1889/1839 1766/1886/1839 1804/1923/1839
f 1754/1890/1840 1753/1887/1840 1791/1924/1840
f 1781/1891/1841 1780/1888/1841 1818/1925/1841
f 1767/1889/1842 1805/1926/1842 1806/1929/1842
f 1755/1893/1843 1754/1890/1843 1792/1927/1843
f 1781/1891/1844 1819/1928/1844 1820/1931/1844
f 1768/1892/1845 1806/1929/1845 1807/1932/1845
f 1756/1896/1846 1755/1893/1846 1793/1930/1846
f 1783/1897/1847 1782/1894/1847 1820/1931/1847
f 1770/1898/1848 1769/1895/1848 1807/1932/1848
f 1757/1899/1849 1756/1896/1849 1794/1933/1849
f 1783/1897/3112 1821/1934/3112 1822/1937/3112
f 1770/1898/1851 1808/1935/1851 1809/1938/1851
f 1758/1902/1852 1757/1899/1852 1795/1936/1852
f 1784/1900/1853 1822/1937/1853 1823/1940/1853
f 1771/1901/1854 1809/1938/1854 1810/1941/1854
f 1758/1902/1855 1796/1939/1855 1797/1942/1855
f 1785/1903/1856 1823/1940/1856 1824/1943/1856
f 1773/1907/1857 1772/1904/1857 1810/1941/1857
f 1760/1908/1858 1759/1905/1858 1797/1942/1858
f 1786/1906/1859 1824/1943/1859 1825/1946/1859
f 1774/1910/1860 1773/1907/1860 1811/1944/1860
f 1760/1908/1861 1798/1945/1861 1799/1948/1861
f 1787/1909/1862 1825/1946/1862 1826/1949/1862
f 1774/1910/1863 1812/1947/1863 1813/1950/1863
f 1761/1911/1864 1799/1948/1864 1800/1951/1864
f 1789/1915/1865 1788/1912/1865 1826/1949/1865
f 1775/1913/1866 1813/1950/1866 1814/1953/1866
f 1763/1917/1867 1762/1914/1867 1800/1951/1867
f 1777/1880/1869 1776/1916/1869 1814/1953/1869
f 1763/1917/1870 1801/1954/1870 1802/1957/1870
f 1778/1881/1871 1777/1880/1871 1815/1956/1871
f 1764/1879/1872 1802/1957/1872 1803/1922/1872
f 1804/1923/1873 1842/1998/1873 1843/1959/1873
f 1792/1927/1874 1791/1924/1874 1829/1960/1874
f 1819/1928/1875 1818/1925/1875 1856/1962/1875
f 1805/1926/1876 1843/1959/1876 1844/1964/1876
f 1793/1930/1877 1792/1927/1877 1830/1961/1877
f 1819/1928/1878 1857/1963/1878 1858/1966/1878
f 1807/1932/1879 1806/1929/1879 1844/1964/1879
f 1793/1930/1880 1831/1965/1880 1832/1968/1880
f 1821/1934/1881 1820/1931/1881 1858/1966/1881
f 1808/1935/1882 1807/1932/1882 1845/1967/1882
f 1795/1936/1883 1794/1933/1883 1832/1968/1883
f 1821/1934/3113 1859/1969/3113 1860/1972/3113
f 1808/1935/1885 1846/1970/1885 1847/1973/1885
f 1796/1939/3114 1795/1936/3114 1833/1971/3114
f 1822/1937/1887 1860/1972/1887 1861/1975/1887
f 1809/1938/1888 1847/1973/1888 1848/1976/1888
f 1796/1939/1889 1834/1974/1889 1835/1977/1889
f 1823/1940/1890 1861/1975/1890 1862/1978/1890
f 1810/1941/1891 1848/1976/1891 1849/1979/1891
f 1798/1945/1892 1797/1942/1892 1835/1977/1892
f 1824/1943/1893 1862/1978/1893 1863/1981/1893
f 1812/1947/1894 1811/1944/1894 1849/1979/1894
f 1798/1945/1895 1836/1980/1895 1837/1983/1895
f 1825/1946/1896 1863/1981/1896 1864/1984/1896
f 1812/1947/1897 1850/1982/1897 1851/1985/1897
f 1799/1948/1898 1837/1983/1898 1838/1986/1898
f 1826/1949/1899 1864/1984/1899 1865/1987/1899
f 1813/1950/1900 1851/1985/1900 1852/1988/1900
f 1801/1954/1901 1800/1951/1901 1838/1986/1901
f 1815/1956/1903 1814/1953/1903 1852/1988/1903
f 1801/1954/1904 1839/1989/1904 1840/1992/1904
f 1816/1958/1905 1815/1956/1905 1853/1991/1905
f 1802/1957/1906 1840/1992/1906 1841/1994/1906
f 1816/1958/1908 1854/1993/1908 1855/1997/1908
f 1804/1923/1909 1803/1922/1909 1841/1994/1909
f 1791/1924/1910 1790/1920/1910 1828/1996/1910
f 1817/1921/1911 1855/1997/1911 1856/1962/1911
f 1830/1961/1912 1869/2036/1912 1870/1999/1912
f 1857/1963/1913 1896/2037/1913 1897/2000/1913
f 1844/1964/1914 1883/2038/1914 1884/2001/1914
f 1831/1965/1915 1870/1999/1915 1871/2002/1915
f 1859/1969/1916 1858/1966/1916 1897/2000/1916
f 1845/1967/1917 1884/2001/1917 1885/2004/1917
f 1833/1971/1918 1832/1968/1918 1871/2002/1918
f 1859/1969/3115 1898/2003/3115 1899/2006/3115
f 1846/1970/1920 1885/2004/1920 1886/2007/1920
f 1834/1974/3116 1833/1971/3116 1872/2005/3116
f 1860/1972/1922 1899/2006/1922 1900/2009/1922
f 1847/1973/1923 1886/2007/1923 1887/2010/1923
f 1834/1974/1924 1873/2008/1924 1874/2011/1924
f 1862/1978/1925 1861/1975/1925 1900/2009/1925
f 1849/1979/1926 1848/1976/1926 1887/2010/1926
f 1836/1980/1927 1835/1977/1927 1874/2011/1927
f 1863/1981/1928 1862/1978/1928 1901/2012/1928
f 1850/1982/1929 1849/1979/1929 1888/2013/1929
f 1836/1980/1930 1875/2014/1930 1876/2017/1930
f 1863/1981/1931 1902/2015/1931 1903/2018/1931
f 1850/1982/1932 1889/2016/1932 1890/2019/1932
f 1837/1983/1933 1876/2017/1933 1877/2020/1933
f 1865/1987/1934 1864/1984/1934 1903/2018/1934
f 1851/1985/1935 1890/2019/1935 1891/2022/1935
f 1839/1989/1936 1838/1986/1936 1877/2020/1936
f 1853/1991/1938 1852/1988/1938 1891/2022/1938
f 1839/1989/1939 1878/2023/1939 1879/2026/1939
f 1854/1993/1940 1853/1991/1940 1892/2025/1940
f 1840/1992/1941 1879/2026/1941 1880/2028/1941
f 1854/1993/1943 1893/2027/1943 1894/2031/1943
f 1842/1998/1944 1841/1994/1944 1880/2028/1944
f 1828/1996/1945 1867/2030/1945 1868/2033/1945
f 1856/1962/1946 1855/1997/1946 1894/2031/1946
f 1843/1959/1947 1842/1998/1947 1881/2032/1947
f 1830/1961/1948 1829/1960/1948 1868/2033/1948
f 1857/1963/1949 1856/1962/1949 1895/2034/1949
f 1843/1959/1950 1882/2035/1950 1883/2038/1950
f 1898/2003/1951 1897/2000/1951 1935/2039/1951
f 1884/2001/1952 1922/2077/1952 1923/2041/1952
f 1871/2002/1953 1909/2078/1953 1910/2042/1953
f 1898/2003/3117 1936/2040/3117 1937/2043/3117
f 1885/2004/1955 1923/2041/1955 1924/2044/1955
f 1873/2008/3118 1872/2005/3118 1910/2042/3118
f 1900/2009/1957 1899/2006/1957 1937/2043/1957
f 1886/2007/1958 1924/2044/1958 1925/2047/1958
f 1873/2008/1959 1911/2045/1959 1912/2048/1959
f 1900/2009/1960 1938/2046/1960 1939/2049/1960
f 1887/2010/1961 1925/2047/1961 1926/2050/1961
f 1875/2014/3119 1874/2011/3119 1912/2048/3119
f 1901/2012/1963 1939/2049/1963 1940/2052/1963
f 1889/2016/1964 1888/2013/1964 1926/2050/1964
f 1875/2014/1965 1913/2051/1965 1914/2054/1965
f 1902/2015/1966 1940/2052/1966 1941/2055/1966
f 1890/2019/1967 1889/2016/1967 1927/2053/1967
f 1877/2020/1968 1876/2017/1968 1914/2054/1968
f 1903/2018/1969 1941/2055/1969 1942/2058/1969
f 1890/2019/1970 1928/2056/1970 1929/2059/1970
f 1878/2023/1971 1877/2020/1971 1915/2057/1971
f 1892/2025/1973 1891/2022/1973 1929/2059/1973
f 1878/2023/1974 1916/2060/1974 1917/2063/1974
f 1893/2027/1975 1892/2025/1975 1930/2062/1975
f 1879/2026/1976 1917/2063/1976 1918/2065/1976
f 1893/2027/1978 1931/2064/1978 1932/2068/1978
f 1881/2032/1979 1880/2028/1979 1918/2065/1979
f 1867/2030/1980 1905/2067/1980 1906/2070/1980
f 1894/2031/1981 1932/2068/1981 1933/2071/1981
f 1881/2032/1982 1919/2069/1982 1920/2072/1982
f 1869/2036/1983 1868/2033/1983 1906/2070/1983
f 1896/2037/1984 1895/2034/1984 1933/2071/1984
f 1882/2035/1985 1920/2072/1985 1921/2075/1985
f 1870/1999/1986 1869/2036/1986 1907/2073/1986
f 1896/2037/3120 1934/2074/3120 1935/2039/3120
f 1884/2001/1988 1883/2038/1988 1921/2075/1988
f 1870/1999/1989 1908/2076/1989 1909/2078/1989
f 1923/2041/1990 1961/2117/1990 1962/2079/1990
f 1911/2045/3121 1910/2042/3121 1948/2080/3121
f 1937/2043/1992 1975/2118/1992 1976/2082/1992
f 1924/2044/1993 1962/2079/1993 1963/2083/1993
f 1911/2045/1994 1949/2081/1994 1950/2084/1994
f 1938/2046/1995 1976/2082/1995 1977/2085/1995
f 1925/2047/1996 1963/2083/1996 1964/2086/1996
f 1913/2051/1997 1912/2048/1997 1950/2084/1997
f 1940/2052/1998 1939/2049/1998 1977/2085/1998
f 1927/2053/1999 1926/2050/1999 1964/2086/1999
f 1913/2051/2000 1951/2087/2000 1952/2090/2000
f 1940/2052/2001 1978/2088/2001 1979/2091/2001
f 1928/2056/2002 1927/2053/2002 1965/2089/2002
f 1915/2057/2003 1914/2054/2003 1952/2090/2003
f 1942/2058/2004 1941/2055/2004 1979/2091/2004
f 1928/2056/2005 1966/2092/2005 1967/2095/2005
f 1916/2060/2006 1915/2057/2006 1953/2093/2006
f 1930/2062/2008 1929/2059/2008 1967/2095/2008
f 1916/2060/2009 1954/2096/2009 1955/2099/2009
f 1931/2064/2010 1930/2062/2010 1968/2098/2010
f 1917/2063/2011 1955/2099/2011 1956/2101/2011
f 1931/2064/2013 1969/2100/2013 1970/2104/2013
f 1919/2069/2014 1918/2065/2014 1956/2101/2014
f 1905/2067/2015 1943/2103/2015 1944/2106/2015
f 1932/2068/2016 1970/2104/2016 1971/2107/2016
f 1919/2069/2017 1957/2105/2017 1958/2108/2017
f 1907/2073/2018 1906/2070/2018 1944/2106/2018
f 1934/2074/2019 1933/2071/2019 1971/2107/2019
f 1920/2072/2020 1958/2108/2020 1959/2111/2020
f 1907/2073/2021 1945/2109/2021 1946/2112/2021
f 1934/2074/2022 1972/2110/2022 1973/2113/2022
f 1922/2077/2023 1921/2075/2023 1959/2111/2023
f 1909/2078/2024 1908/2076/2024 1946/2112/2024
f 1936/2040/2025 1935/2039/2025 1973/2113/2025
f 1923/2041/2026 1922/2077/2026 1960/2114/2026
f 1910/2042/2027 1909/2078/2027 1947/2115/2027
f 1936/2040/3122 1974/2116/3122 1975/2118/3122
f 1949/2081/2029 1987/2157/2029 1988/2119/2029
f 1976/2082/2030 2014/2158/2030 2015/2120/2030
f 1964/2086/2031 1963/2083/2031 2001/2121/2031
f 1951/2087/2032 1950/2084/2032 1988/2119/2032
f 1977/2085/2033 2015/2120/2033 2016/2124/2033
f 1964/2086/2034 2002/2122/2034 2003/2125/2034
f 1951/2087/2035 1989/2123/2035 1990/2126/2035
f 1978/2088/2036 2016/2124/2036 2017/2127/2036
f 1966/2092/2037 1965/2089/2037 2003/2125/2037
f 1953/2093/2038 1952/2090/2038 1990/2126/2038
f 1979/2091/2039 2017/2127/2039 2018/2130/2039
f 1966/2092/2040 2004/2128/2040 2005/2131/2040
f 1954/2096/2041 1953/2093/2041 1991/2129/2041
f 1968/2098/2043 1967/2095/2043 2005/2131/2043
f 1954/2096/2044 1992/2132/2044 1993/2135/2044
f 1969/2100/2045 1968/2098/2045 2006/2134/2045
f 1955/2099/2046 1993/2135/2046 1994/2137/2046
f 1969/2100/2048 2007/2136/2048 2008/2140/2048
f 1957/2105/2049 1956/2101/2049 1994/2137/2049
f 1943/2103/2050 1981/2139/2050 1982/2142/2050
f 1970/2104/2051 2008/2140/2051 2009/2143/2051
f 1957/2105/2052 1995/2141/2052 1996/2144/2052
f 1944/2106/3123 1982/2142/3123 1983/2145/3123
f 1972/2110/2054 1971/2107/2054 2009/2143/2054
f 1958/2108/2055 1996/2144/2055 1997/2147/2055
f 1946/2112/2056 1945/2109/2056 1983/2145/2056
f 1972/2110/2057 2010/2146/2057 2011/2149/2057
f 1959/2111/2058 1997/2147/2058 1998/2150/2058
f 1947/2115/2059 1946/2112/2059 1984/2148/2059
f 1974/2116/2060 1973/2113/2060 2011/2149/2060
f 1960/2114/2061 1998/2150/2061 1999/2153/2061
f 1948/2080/2062 1947/2115/2062 1985/2151/2062
f 1974/2116/3124 2012/2152/3124 2013/2155/3124
f 1961/2117/2064 1999/2153/2064 2000/2156/2064
f 1949/2081/2065 1948/2080/2065 1986/2154/2065
f 1975/2118/2066 2013/2155/2066 2014/2158/2066
f 1962/2079/2067 2000/2156/2067 2001/2121/2067
f 2002/2122/2068 2040/2196/2068 2041/2159/2068
f 1989/2123/2069 2027/2197/2069 2028/2160/2069
f 2016/2124/2070 2054/2198/2070 2055/2161/2070
f 2004/2128/2071 2003/2125/2071 2041/2159/2071
f 1991/2129/2072 1990/2126/2072 2028/2160/2072
f 2017/2127/2073 2055/2161/2073 2056/2164/2073
f 2004/2128/2074 2042/2162/2074 2043/2165/2074
f 1992/2132/2075 1991/2129/2075 2029/2163/2075
f 2006/2134/2077 2005/2131/2077 2043/2165/2077
f 1992/2132/2078 2030/2166/2078 2031/2169/2078
f 2007/2136/2079 2006/2134/2079 2044/2168/2079
f 1993/2135/2080 2031/2169/2080 2032/2171/2080
f 2007/2136/2082 2045/2170/2082 2046/2174/2082
f 1995/2141/2083 1994/2137/2083 2032/2171/2083
f 1982/2142/2084 1981/2139/2084 2019/2173/2084
f 2008/2140/2085 2046/2174/2085 2047/2177/2085
f 1995/2141/2086 2033/2175/2086 2034/2178/2086
f 1983/2145/2087 1982/2142/2087 2020/2176/2087
f 2010/2146/2088 2009/2143/2088 2047/2177/2088
f 1996/2144/2089 2034/2178/2089 2035/2181/2089
f 1983/2145/2090 2021/2179/2090 2022/2182/2090
f 2010/2146/2091 2048/2180/2091 2049/2183/2091
f 1997/2147/2092 2035/2181/2092 2036/2184/2092
f 1984/2148/2093 2022/2182/2093 2023/2185/2093
f 2012/2152/2094 2011/2149/2094 2049/2183/2094
f 1999/2153/2095 1998/2150/2095 2036/2184/2095
f 1985/2151/3125 2023/2185/3125 2024/2188/3125
f 2012/2152/2097 2050/2186/2097 2051/2189/2097
f 1999/2153/2098 2037/2187/2098 2038/2190/2098
f 1987/2157/2099 1986/2154/2099 2024/2188/2099
f 2013/2155/3126 2051/2189/3126 2052/2192/3126
f 2000/2156/2101 2038/2190/2101 2039/2193/2101
f 1987/2157/2102 2025/2191/2102 2026/2194/2102
f 2014/2158/2103 2052/2192/2103 2053/2195/2103
f 2002/2122/2104 2001/2121/2104 2039/2193/2104
f 1989/2123/2105 1988/2119/2105 2026/2194/2105
f 2016/2124/2106 2015/2120/2106 2053/2195/2106
f 2029/2163/2107 2028/2160/2107 2066/2199/2107
f 2055/2161/2108 2093/2237/2108 2094/2201/2108
f 2042/2162/2109 2080/2238/2109 2081/2202/2109
f 2030/2166/2110 2029/2163/2110 2067/2200/2110
f 2044/2168/2112 2043/2165/2112 2081/2202/2112
f 2030/2166/2113 2068/2203/2113 2069/2206/2113
f 2045/2170/2114 2044/2168/2114 2082/2205/2114
f 2031/2169/2115 2069/2206/2115 2070/2208/2115
f 2045/2170/2117 2083/2207/2117 2084/2211/2117
f 2033/2175/2118 2032/2171/2118 2070/2208/2118
f 2020/2176/2119 2019/2173/2119 2057/2210/2119
f 2046/2174/2120 2084/2211/2120 2085/2214/2120
f 2033/2175/2121 2071/2212/2121 2072/2215/2121
f 2021/2179/2122 2020/2176/2122 2058/2213/2122
f 2048/2180/2123 2047/2177/2123 2085/2214/2123
f 2034/2178/2124 2072/2215/2124 2073/2218/2124
f 2021/2179/2125 2059/2216/2125 2060/2219/2125
f 2048/2180/2126 2086/2217/2126 2087/2220/2126
f 2035/2181/2127 2073/2218/2127 2074/2221/2127
f 2023/2185/2128 2022/2182/2128 2060/2219/2128
f 2050/2186/2129 2049/2183/2129 2087/2220/2129
f 2037/2187/2130 2036/2184/2130 2074/2221/2130
f 2024/2188/2131 2023/2185/2131 2061/2222/2131
f 2050/2186/2132 2088/2223/2132 2089/2226/2132
f 2037/2187/2133 2075/2224/2133 2076/2227/2133
f 2025/2191/2134 2024/2188/2134 2062/2225/2134
f 2051/2189/2135 2089/2226/2135 2090/2229/2135
f 2038/2190/2136 2076/2227/2136 2077/2230/2136
f 2025/2191/2137 2063/2228/2137 2064/2231/2137
f 2052/2192/2138 2090/2229/2138 2091/2232/2138
f 2040/2196/2139 2039/2193/2139 2077/2230/2139
f 2027/2197/2140 2026/2194/2140 2064/2231/2140
f 2054/2198/2141 2053/2195/2141 2091/2232/2141
f 2041/2159/2142 2040/2196/2142 2078/2233/2142
f 2027/2197/2143 2065/2234/2143 2066/2199/2143
f 2054/2198/2144 2092/2235/2144 2093/2237/2144
f 2042/2162/2145 2041/2159/2145 2079/2236/2145
f 2082/2205/2147 2081/2202/2147 2119/2241/2147
f 2068/2203/2148 2106/2278/2148 2107/2243/2148
f 2083/2207/2149 2082/2205/2149 2120/2242/2149
f 2069/2206/2150 2107/2243/2150 2108/2245/2150
f 2083/2207/2152 2121/2244/2152 2122/2248/2152
f 2071/2212/2153 2070/2208/2153 2108/2245/2153
f 2057/2210/2154 2095/2247/2154 2096/2250/2154
f 2084/2211/2155 2122/2248/2155 2123/2251/2155
f 2071/2212/2156 2109/2249/2156 2110/2252/2156
f 2059/2216/2157 2058/2213/2157 2096/2250/2157
f 2086/2217/3127 2085/2214/3127 2123/2251/3127
f 2072/2215/2159 2110/2252/2159 2111/2255/2159
f 2059/2216/2160 2097/2253/2160 2098/2256/2160
f 2086/2217/2161 2124/2254/2161 2125/2257/2161
f 2073/2218/2162 2111/2255/2162 2112/2258/2162
f 2060/2219/2163 2098/2256/2163 2099/2259/2163
f 2088/2223/2164 2087/2220/2164 2125/2257/2164
f 2074/2221/2165 2112/2258/2165 2113/2261/2165
f 2061/2222/2166 2099/2259/2166 2100/2262/2166
f 2088/2223/2167 2126/2260/2167 2127/2263/2167
f 2075/2224/2168 2113/2261/2168 2114/2264/2168
f 2063/2228/2169 2062/2225/2169 2100/2262/2169
f 2090/2229/2170 2089/2226/2170 2127/2263/2170
f 2076/2227/2171 2114/2264/2171 2115/2267/2171
f 2063/2228/2172 2101/2265/2172 2102/2268/2172
f 2091/2232/2173 2090/2229/2173 2128/2266/2173
f 2078/2233/2174 2077/2230/2174 2115/2267/2174
f 2065/2234/2175 2064/2231/2175 2102/2268/2175
f 2092/2235/2176 2091/2232/2176 2129/2269/2176
f 2079/2236/2177 2078/2233/2177 2116/2270/2177
f 2065/2234/3128 2103/2271/3128 2104/2274/3128
f 2092/2235/2179 2130/2272/2179 2131/2275/2179
f 2080/2238/2180 2079/2236/2180 2117/2273/2180
f 2067/2200/2181 2066/2199/2181 2104/2274/2181
f 2093/2237/2182 2131/2275/2182 2132/2240/2182
f 2080/2238/2183 2118/2276/2183 2119/2241/2183
f 2068/2203/2184 2067/2200/2184 2105/2277/2184
f 2121/2244/2185 2120/2242/2185 2158/2279/2185
f 2107/2243/2186 2145/2318/2186 2146/2281/2186
f 2121/2244/2188 2159/2280/2188 2160/2284/2188
f 2109/2249/2189 2108/2245/2189 2146/2281/2189
f 2095/2247/2190 2133/2283/2190 2134/2286/2190
f 2122/2248/2191 2160/2284/2191 2161/2287/2191
f 2109/2249/2192 2147/2285/2192 2148/2288/2192
f 2096/2250/2193 2134/2286/2193 2135/2289/2193
f 2124/2254/2194 2123/2251/2194 2161/2287/2194
f 2110/2252/2195 2148/2288/2195 2149/2291/2195
f 2097/2253/2196 2135/2289/2196 2136/2292/2196
f 2124/2254/2197 2162/2290/2197 2163/2293/2197
f 2111/2255/2198 2149/2291/2198 2150/2294/2198
f 2099/2259/2199 2098/2256/2199 2136/2292/2199
f 2126/2260/2200 2125/2257/2200 2163/2293/2200
f 2113/2261/2201 2112/2258/2201 2150/2294/2201
f 2099/2259/2202 2137/2295/2202 2138/2298/2202
f 2126/2260/2203 2164/2296/2203 2165/2299/2203
f 2113/2261/3129 2151/2297/3129 2152/2300/3129
f 2101/2265/2205 2100/2262/2205 2138/2298/2205
f 2128/2266/2206 2127/2263/2206 2165/2299/2206
f 2114/2264/2207 2152/2300/2207 2153/2303/2207
f 2101/2265/2208 2139/2301/2208 2140/2304/2208
f 2128/2266/2209 2166/2302/2209 2167/2305/2209
f 2116/2270/2210 2115/2267/2210 2153/2303/2210
f 2103/2271/2211 2102/2268/2211 2140/2304/2211
f 2129/2269/2212 2167/2305/2212 2168/2308/2212
f 2117/2273/2213 2116/2270/2213 2154/2306/2213
f 2103/2271/2214 2141/2307/2214 2142/2310/2214
f 2130/2272/2215 2168/2308/2215 2169/2311/2215
f 2118/2276/2216 2117/2273/2216 2155/2309/2216
f 2105/2277/2217 2104/2274/2217 2142/2310/2217
f 2131/2275/2218 2169/2311/2218 2170/2314/2218
f 2118/2276/2219 2156/2312/2219 2157/2315/2219
f 2106/2278/2220 2105/2277/2220 2143/2313/2220
f 2120/2242/2222 2119/2241/2222 2157/2315/2222
f 2106/2278/2223 2144/2316/2223 2145/2318/2223
f 2147/2285/2224 2146/2281/2224 2185/2319/2224
f 2133/2283/2225 2172/2357/2225 2173/2321/2225
f 2160/2284/3130 2199/2358/3130 2200/2322/3130
f 2147/2285/2227 2186/2320/2227 2187/2323/2227
f 2135/2289/2228 2134/2286/2228 2173/2321/2228
f 2162/2290/2229 2161/2287/2229 2200/2322/2229
f 2148/2288/2230 2187/2323/2230 2188/2326/2230
f 2135/2289/2231 2174/2324/2231 2175/2327/2231
f 2162/2290/2232 2201/2325/2232 2202/2328/2232
f 2149/2291/2233 2188/2326/2233 2189/2329/2233
f 2137/2295/2234 2136/2292/2234 2175/2327/2234
f 2164/2296/2235 2163/2293/2235 2202/2328/2235
f 2151/2297/2236 2150/2294/2236 2189/2329/2236
f 2138/2298/2237 2137/2295/2237 2176/2330/2237
f 2164/2296/3131 2203/2331/3131 2204/2334/3131
f 2151/2297/2239 2190/2332/2239 2191/2335/2239
f 2139/2301/2240 2138/2298/2240 2177/2333/2240
f 2165/2299/2241 2204/2334/2241 2205/2337/2241
f 2152/2300/2242 2191/2335/2242 2192/2338/2242
f 2139/2301/2243 2178/2336/2243 2179/2339/2243
f 2166/2302/2244 2205/2337/2244 2206/2340/2244
f 2154/2306/2245 2153/2303/2245 2192/2338/2245
f 2141/2307/2246 2140/2304/2246 2179/2339/2246
f 2168/2308/2247 2167/2305/2247 2206/2340/2247
f 2155/2309/2248 2154/2306/2248 2193/2341/2248
f 2141/2307/2249 2180/2342/2249 2181/2345/2249
f 2168/2308/2250 2207/2343/2250 2208/2346/2250
f 2156/2312/2251 2155/2309/2251 2194/2344/2251
f 2142/2310/3132 2181/2345/3132 2182/2348/3132
f 2170/2314/2253 2169/2311/2253 2208/2346/2253
f 2156/2312/2254 2195/2347/2254 2196/2350/2254
f 2144/2316/2255 2143/2313/2255 2182/2348/2255
f 2158/2279/2257 2157/2315/2257 2196/2350/2257
f 2144/2316/2258 2183/2351/2258 2184/2354/2258
f 2159/2280/2259 2158/2279/2259 2197/2353/2259
f 2145/2318/2260 2184/2354/2260 2185/2319/2260
f 2159/2280/2262 2198/2355/2262 2199/2358/2262
f 2174/2359/2263 2173/2434/2263 2211/2360/2263
f 2201/2362/2264 2200/2435/2264 2238/2363/2264
f 2187/2365/2265 2225/2436/2265 2226/2366/2265
f 2175/2368/2266 2174/2359/2266 2212/2361/2266
f 2201/2362/2267 2239/2364/2267 2240/2370/2267
f 2188/2367/2268 2226/2366/2268 2227/2372/2268
f 2176/2374/2269 2175/2368/2269 2213/2369/2269
f 2203/2376/2270 2202/2371/2270 2240/2370/2270
f 2190/2378/2271 2189/2373/2271 2227/2372/2271
f 2176/2374/2272 2214/2375/2272 2215/2380/2272
f 2203/2376/2273 2241/2377/2273 2242/2382/2273
f 2190/2378/2274 2228/2379/2274 2229/2384/2274
f 2178/2386/2275 2177/2381/2275 2215/2380/2275
f 2205/2388/2276 2204/2383/2276 2242/2382/2276
f 2191/2385/2277 2229/2384/2277 2230/2390/2277
f 2178/2386/2278 2216/2387/2278 2217/2392/2278
f 2205/2388/2279 2243/2389/2279 2244/2394/2279
f 2193/2396/2280 2192/2391/2280 2230/2390/2280
f 2180/2398/2281 2179/2393/2281 2217/2392/2281
f 2206/2395/2282 2244/2394/2282 2245/2400/2282
f 2194/2402/2283 2193/2396/2283 2231/2397/2283
f 2180/2398/2284 2218/2399/2284 2219/2404/2284
f 2207/2401/2285 2245/2400/2285 2246/2406/2285
f 2195/2408/2286 2194/2402/2286 2232/2403/2286
f 2182/2410/2287 2181/2405/2287 2219/2404/2287
f 2208/2407/2288 2246/2406/2288 2247/2412/2288
f 2195/2408/2289 2233/2409/2289 2234/2414/2289
f 2183/2416/2290 2182/2410/2290 2220/2411/2290
f 2197/2419/2292 2196/2415/2292 2234/2414/2292
f 2183/2416/2293 2221/2417/2293 2222/2421/2293
f 2198/2423/2294 2197/2419/2294 2235/2420/2294
f 2184/2422/2295 2222/2421/2295 2223/2425/2295
f 2198/2423/2297 2236/2424/2297 2237/2430/2297
f 2186/2432/2298 2185/2426/2298 2223/2425/2298
f 2173/2434/2299 2172/2427/2299 2210/2429/2299
f 2199/2431/2300 2237/2430/2300 2238/2363/2300
f 2186/2432/2301 2224/2433/2301 2225/2436/2301
f 2226/2366/2302 2264/2475/2302 2265/2437/2302
f 2213/2369/2303 2251/2476/2303 2252/2438/2303
f 2241/2377/2304 2240/2370/2304 2278/2439/2304
f 2228/2379/2305 2227/2372/2305 2265/2437/2305
f 2214/2375/2306 2252/2438/2306 2253/2442/2306
f 2241/2377/2307 2279/2440/2307 2280/2443/2307
f 2228/2379/2308 2266/2441/2308 2267/2444/2308
f 2216/2387/2309 2215/2380/2309 2253/2442/2309
f 2242/2382/2310 2280/2443/2310 2281/2446/2310
f 2229/2384/2311 2267/2444/2311 2268/2447/2311
f 2216/2387/2312 2254/2445/2312 2255/2448/2312
f 2244/2394/2313 2243/2389/2313 2281/2446/2313
f 2230/2390/2314 2268/2447/2314 2269/2450/2314
f 2218/2399/2315 2217/2392/2315 2255/2448/2315
f 2244/2394/2316 2282/2449/2316 2283/2452/2316
f 2232/2403/2317 2231/2397/2317 2269/2450/2317
f 2218/2399/2318 2256/2451/2318 2257/2454/2318
f 2245/2400/2319 2283/2452/2319 2284/2455/2319
f 2233/2409/2320 2232/2403/2320 2270/2453/2320
f 2220/2411/3133 2219/2404/3133 2257/2454/3133
f 2246/2406/2322 2284/2455/2322 2285/2458/2322
f 2233/2409/2323 2271/2456/2323 2272/2459/2323
f 2221/2417/2324 2220/2411/2324 2258/2457/2324
f 2235/2420/2326 2234/2414/2326 2272/2459/2326
f 2221/2417/2327 2259/2460/2327 2260/2463/2327
f 2236/2424/2328 2235/2420/2328 2273/2462/2328
f 2222/2421/2329 2260/2463/2329 2261/2465/2329
f 2236/2424/2331 2274/2464/2331 2275/2468/2331
f 2224/2433/2332 2223/2425/2332 2261/2465/2332
f 2210/2429/2333 2248/2467/2333 2249/2470/2333
f 2237/2430/3134 2275/2468/3134 2276/2471/3134
f 2224/2433/2335 2262/2469/2335 2263/2472/2335
f 2212/2361/2336 2211/2360/2336 2249/2470/2336
f 2239/2364/2337 2238/2363/2337 2276/2471/2337
f 2225/2436/2338 2263/2472/2338 2264/2475/2338
f 2213/2369/2339 2212/2361/2339 2250/2473/2339
f 2239/2364/2340 2277/2474/2340 2278/2439/2340
f 2252/2438/2341 2290/2514/2341 2291/2477/2341
f 2279/2440/3135 2317/2515/3135 2318/2478/3135
f 2266/2441/2343 2304/2516/2343 2305/2479/2343
f 2254/2445/3136 2253/2442/3136 2291/2477/3136
f 2280/2443/2345 2318/2478/2345 2319/2481/2345
f 2267/2444/2346 2305/2479/2346 2306/2482/2346
f 2254/2445/2347 2292/2480/2347 2293/2483/2347
f 2281/2446/2348 2319/2481/2348 2320/2484/2348
f 2269/2450/2349 2268/2447/2349 2306/2482/2349
f 2256/2451/2350 2255/2448/2350 2293/2483/2350
f 2282/2449/2351 2320/2484/2351 2321/2487/2351
f 2270/2453/2352 2269/2450/2352 2307/2485/2352
f 2256/2451/2353 2294/2486/2353 2295/2489/2353
f 2283/2452/2354 2321/2487/2354 2322/2490/2354
f 2271/2456/2355 2270/2453/2355 2308/2488/2355
f 2257/2454/2356 2295/2489/2356 2296/2492/2356
f 2284/2455/2357 2322/2490/2357 2323/2493/2357
f 2271/2456/2358 2309/2491/2358 2310/2494/2358
f 2259/2460/2359 2258/2457/2359 2296/2492/2359
f 2273/2462/2361 2272/2459/2361 2310/2494/2361
f 2259/2460/2362 2297/2495/2362 2298/2498/2362
f 2274/2464/2363 2273/2462/2363 2311/2497/2363
f 2260/2463/2364 2298/2498/2364 2299/2500/2364
f 2274/2464/2366 2312/2499/2366 2313/2503/2366
f 2262/2469/2367 2261/2465/2367 2299/2500/2367
f 2248/2467/2368 2286/2502/2368 2287/2505/2368
f 2275/2468/2369 2313/2503/2369 2314/2506/2369
f 2262/2469/2370 2300/2504/2370 2301/2507/2370
f 2250/2473/2371 2249/2470/2371 2287/2505/2371
f 2277/2474/2372 2276/2471/2372 2314/2506/2372
f 2263/2472/2373 2301/2507/2373 2302/2510/2373
f 2250/2473/2374 2288/2508/2374 2289/2511/2374
f 2277/2474/2375 2315/2509/2375 2316/2512/2375
f 2264/2475/2376 2302/2510/2376 2303/2513/2376
f 2252/2438/2377 2251/2476/2377 2289/2511/2377
f 2279/2440/2378 2278/2439/2378 2316/2512/2378
f 2265/2437/2379 2303/2513/2379 2304/2516/2379
f 2318/2478/2380 2356/2555/2380 2357/2517/2380
f 2306/2482/2381 2305/2479/2381 2343/2518/2381
f 2292/2480/2382 2330/2556/2382 2331/2520/2382
f 2319/2481/2383 2357/2517/2383 2358/2521/2383
f 2307/2485/2384 2306/2482/2384 2344/2519/2384
f 2294/2486/2385 2293/2483/2385 2331/2520/2385
f 2321/2487/2386 2320/2484/2386 2358/2521/2386
f 2308/2488/2387 2307/2485/2387 2345/2522/2387
f 2294/2486/2388 2332/2523/2388 2333/2526/2388
f 2321/2487/2389 2359/2524/2389 2360/2527/2389
f 2308/2488/2390 2346/2525/2390 2347/2528/2390
f 2296/2492/2391 2295/2489/2391 2333/2526/2391
f 2322/2490/2392 2360/2527/2392 2361/2530/2392
f 2309/2491/2393 2347/2528/2393 2348/2531/2393
f 2297/2495/2394 2296/2492/2394 2334/2529/2394
f 2311/2497/2396 2310/2494/2396 2348/2531/2396
f 2297/2495/2397 2335/2532/2397 2336/2535/2397
f 2312/2499/2398 2311/2497/2398 2349/2534/2398
f 2298/2498/2399 2336/2535/2399 2337/2537/2399
f 2312/2499/2401 2350/2536/2401 2351/2540/2401
f 2300/2504/2402 2299/2500/2402 2337/2537/2402
f 2286/2502/2403 2324/2539/2403 2325/2542/2403
f 2313/2503/2404 2351/2540/2404 2352/2543/2404
f 2300/2504/2405 2338/2541/2405 2339/2544/2405
f 2288/2508/2406 2287/2505/2406 2325/2542/2406
f 2315/2509/2407 2314/2506/2407 2352/2543/2407
f 2301/2507/2408 2339/2544/2408 2340/2547/2408
f 2288/2508/2409 2326/2545/2409 2327/2548/2409
f 2315/2509/2410 2353/2546/2410 2354/2549/2410
f 2302/2510/2411 2340/2547/2411 2341/2550/2411
f 2290/2514/2412 2289/2511/2412 2327/2548/2412
f 2317/2515/2413 2316/2512/2413 2354/2549/2413
f 2303/2513/2414 2341/2550/2414 2342/2553/2414
f 2291/2477/2415 2290/2514/2415 2328/2551/2415
f 2317/2515/2416 2355/2552/2416 2356/2555/2416
f 2304/2516/2417 2342/2553/2417 2343/2518/2417
f 2292/2480/2418 2291/2477/2418 2329/2554/2418
f 2345/2522/2419 2344/2519/2419 2382/2557/2419
f 2332/2523/2420 2331/2520/2420 2369/2559/2420
f 2359/2524/2421 2358/2521/2421 2396/2561/2421
f 2346/2525/2422 2345/2522/2422 2383/2558/2422
f 2332/2523/2423 2370/2560/2423 2371/2564/2423
f 2359/2524/2424 2397/2562/2424 2398/2565/2424
f 2347/2528/2425 2346/2525/2425 2384/2563/2425
f 2334/2529/2426 2333/2526/2426 2371/2564/2426
f 2360/2527/2427 2398/2565/2427 2399/2568/2427
f 2347/2528/2428 2385/2566/2428 2386/2569/2428
f 2335/2532/2429 2334/2529/2429 2372/2567/2429
f 2349/2534/2431 2348/2531/2431 2386/2569/2431
f 2335/2532/2432 2373/2570/2432 2374/2573/2432
f 2350/2536/2433 2349/2534/2433 2387/2572/2433
f 2336/2535/2434 2374/2573/2434 2375/2575/2434
f 2350/2536/2436 2388/2574/2436 2389/2578/2436
f 2338/2541/2437 2337/2537/2437 2375/2575/2437
f 2324/2539/2438 2362/2577/2438 2363/2580/2438
f 2351/2540/2439 2389/2578/2439 2390/2581/2439
f 2338/2541/2440 2376/2579/2440 2377/2582/2440
f 2326/2545/2441 2325/2542/2441 2363/2580/2441
f 2353/2546/2442 2352/2543/2442 2390/2581/2442
f 2339/2544/2443 2377/2582/2443 2378/2585/2443
f 2326/2545/2444 2364/2583/2444 2365/2586/2444
f 2353/2546/2445 2391/2584/2445 2392/2587/2445
f 2340/2547/2446 2378/2585/2446 2379/2588/2446
f 2327/2548/2447 2365/2586/2447 2366/2589/2447
f 2355/2552/2448 2354/2549/2448 2392/2587/2448
f 2341/2550/2449 2379/2588/2449 2380/2591/2449
f 2328/2551/2450 2366/2589/2450 2367/2592/2450
f 2355/2552/2451 2393/2590/2451 2394/2593/2451
f 2342/2553/2452 2380/2591/2452 2381/2594/2452
f 2330/2556/2453 2329/2554/2453 2367/2592/2453
f 2356/2555/2454 2394/2593/2454 2395/2596/2454
f 2343/2518/2455 2381/2594/2455 2382/2557/2455
f 2330/2556/2456 2368/2595/2456 2369/2559/2456
f 2357/2517/2457 2395/2596/2457 2396/2561/2457
f 2376/2579/2458 2414/2636/2458 2415/2597/2458
f 2364/2583/2459 2363/2580/2459 2401/2598/2459
f 2391/2584/2460 2390/2581/2460 2428/2600/2460
f 2377/2582/2461 2415/2597/2461 2416/2602/2461
f 2364/2583/2462 2402/2599/2462 2403/2603/2462
f 2391/2584/2463 2429/2601/2463 2430/2604/2463
f 2378/2585/2464 2416/2602/2464 2417/2605/2464
f 2365/2586/2465 2403/2603/2465 2404/2606/2465
f 2393/2590/2466 2392/2587/2466 2430/2604/2466
f 2379/2588/2467 2417/2605/2467 2418/2608/2467
f 2367/2592/2468 2366/2589/2468 2404/2606/2468
f 2393/2590/3137 2431/2607/3137 2432/2610/3137
f 2380/2591/2470 2418/2608/2470 2419/2611/2470
f 2368/2595/3138 2367/2592/3138 2405/2609/3138
f 2394/2593/2472 2432/2610/2472 2433/2613/2472
f 2381/2594/2473 2419/2611/2473 2420/2614/2473
f 2368/2595/2474 2406/2612/2474 2407/2615/2474
f 2395/2596/2475 2433/2613/2475 2434/2616/2475
f 2383/2558/2476 2382/2557/2476 2420/2614/2476
f 2370/2560/2477 2369/2559/2477 2407/2615/2477
f 2396/2561/2478 2434/2616/2478 2435/2619/2478
f 2383/2558/2479 2421/2617/2479 2422/2620/2479
f 2370/2560/2480 2408/2618/2480 2409/2621/2480
f 2397/2562/2481 2435/2619/2481 2436/2622/2481
f 2385/2566/2482 2384/2563/2482 2422/2620/2482
f 2372/2567/2483 2371/2564/2483 2409/2621/2483
f 2399/2568/2484 2398/2565/2484 2436/2622/2484
f 2385/2566/2485 2423/2623/2485 2424/2626/2485
f 2373/2570/2486 2372/2567/2486 2410/2624/2486
f 2387/2572/2488 2386/2569/2488 2424/2626/2488
f 2373/2570/2489 2411/2627/2489 2412/2630/2489
f 2388/2574/2490 2387/2572/2490 2425/2629/2490
f 2374/2573/2491 2412/2630/2491 2413/2632/2491
f 2388/2574/2493 2426/2631/2493 2427/2635/2493
f 2376/2579/2494 2375/2575/2494 2413/2632/2494
f 2362/2577/2495 2400/2634/2495 2401/2598/2495
f 2389/2578/2496 2427/2635/2496 2428/2600/2496
f 2402/2599/2497 2440/2674/2497 2441/2637/2497
f 2429/2601/2498 2467/2675/2498 2468/2638/2498
f 2416/2602/2499 2454/2676/2499 2455/2639/2499
f 2403/2603/2500 2441/2637/2500 2442/2640/2500
f 2431/2607/2501 2430/2604/2501 2468/2638/2501
f 2417/2605/2502 2455/2639/2502 2456/2642/2502
f 2404/2606/2503 2442/2640/2503 2443/2643/2503
f 2431/2607/3139 2469/2641/3139 2470/2644/3139
f 2418/2608/2505 2456/2642/2505 2457/2645/2505
f 2406/2612/3140 2405/2609/3140 2443/2643/3140
f 2433/2613/2507 2432/2610/2507 2470/2644/2507
f 2420/2614/2508 2419/2611/2508 2457/2645/2508
f 2406/2612/2509 2444/2646/2509 2445/2649/2509
f 2434/2616/2510 2433/2613/2510 2471/2647/2510
f 2421/2617/2511 2420/2614/2511 2458/2648/2511
f 2408/2618/2512 2407/2615/2512 2445/2649/2512
f 2435/2619/2513 2434/2616/2513 2472/2650/2513
f 2422/2620/2514 2421/2617/2514 2459/2651/2514
f 2408/2618/2515 2446/2652/2515 2447/2655/2515
f 2435/2619/2516 2473/2653/2516 2474/2656/2516
f 2423/2623/2517 2422/2620/2517 2460/2654/2517
f 2410/2624/2518 2409/2621/2518 2447/2655/2518
f 2436/2622/2519 2474/2656/2519 2475/2659/2519
f 2423/2623/2520 2461/2657/2520 2462/2660/2520
f 2411/2627/2521 2410/2624/2521 2448/2658/2521
f 2425/2629/2523 2424/2626/2523 2462/2660/2523
f 2411/2627/2524 2449/2661/2524 2450/2664/2524
f 2426/2631/2525 2425/2629/2525 2463/2663/2525
f 2412/2630/2526 2450/2664/2526 2451/2666/2526
f 2426/2631/2528 2464/2665/2528 2465/2669/2528
f 2414/2636/2529 2413/2632/2529 2451/2666/2529
f 2401/2598/2530 2400/2634/2530 2438/2668/2530
f 2427/2635/2531 2465/2669/2531 2466/2672/2531
f 2414/2636/2532 2452/2670/2532 2453/2673/2532
f 2402/2599/2533 2401/2598/2533 2439/2671/2533
f 2429/2601/2534 2428/2600/2534 2466/2672/2534
f 2415/2597/2535 2453/2673/2535 2454/2676/2535
f 2469/2641/2536 2468/2638/2536 2506/2677/2536
f 2455/2639/2537 2493/2716/2537 2494/2679/2537
f 2443/2643/2538 2442/2640/2538 2480/2680/2538
f 2469/2641/2539 2507/2678/2539 2508/2682/2539
f 2456/2642/2540 2494/2679/2540 2495/2683/2540
f 2444/2646/2541 2443/2643/2541 2481/2681/2541
f 2470/2644/2542 2508/2682/2542 2509/2685/2542
f 2457/2645/2543 2495/2683/2543 2496/2686/2543
f 2444/2646/2544 2482/2684/2544 2483/2687/2544
f 2471/2647/2545 2509/2685/2545 2510/2688/2545
f 2458/2648/2546 2496/2686/2546 2497/2689/2546
f 2446/2652/2547 2445/2649/2547 2483/2687/2547
f 2472/2650/2548 2510/2688/2548 2511/2691/2548
f 2459/2651/2549 2497/2689/2549 2498/2692/2549
f 2446/2652/2550 2484/2690/2550 2485/2693/2550
f 2473/2653/2551 2511/2691/2551 2512/2694/2551
f 2461/2657/2552 2460/2654/2552 2498/2692/2552
f 2448/2658/2553 2447/2655/2553 2485/2693/2553
f 2474/2656/2554 2512/2694/2554 2513/2697/2554
f 2461/2657/2555 2499/2695/2555 2500/2698/2555
f 2449/2661/2556 2448/2658/2556 2486/2696/2556
f 2463/2663/2558 2462/2660/2558 2500/2698/2558
f 2449/2661/2559 2487/2699/2559 2488/2702/2559
f 2464/2665/2560 2463/2663/2560 2501/2701/2560
f 2450/2664/2561 2488/2702/2561 2489/2704/2561
f 2464/2665/2563 2502/2703/2563 2503/2707/2563
f 2452/2670/2564 2451/2666/2564 2489/2704/2564
f 2438/2668/2565 2476/2706/2565 2477/2709/2565
f 2465/2669/2566 2503/2707/2566 2504/2710/2566
f 2452/2670/2567 2490/2708/2567 2491/2711/2567
f 2440/2674/2568 2439/2671/2568 2477/2709/2568
f 2467/2675/2569 2466/2672/2569 2504/2710/2569
f 2453/2673/2570 2491/2711/2570 2492/2714/2570
f 2440/2674/2571 2478/2712/2571 2479/2715/2571
f 2467/2675/2572 2505/2713/2572 2506/2677/2572
f 2454/2676/2573 2492/2714/2573 2493/2716/2573
f 2442/2640/2574 2441/2637/2574 2479/2715/2574
f 2494/2679/2575 2532/2755/2575 2533/2717/2575
f 2482/2684/3141 2481/2681/3141 2519/2718/3141
f 2508/2682/2577 2546/2756/2577 2547/2720/2577
f 2496/2686/2578 2495/2683/2578 2533/2717/2578
f 2482/2684/2579 2520/2719/2579 2521/2722/2579
f 2509/2685/2580 2547/2720/2580 2548/2723/2580
f 2496/2686/2581 2534/2721/2581 2535/2724/2581
f 2484/2690/2582 2483/2687/2582 2521/2722/2582
f 2511/2691/2583 2510/2688/2583 2548/2723/2583
f 2497/2689/2584 2535/2724/2584 2536/2727/2584
f 2484/2690/2585 2522/2725/2585 2523/2728/2585
f 2511/2691/2586 2549/2726/2586 2550/2729/2586
f 2499/2695/2587 2498/2692/2587 2536/2727/2587
f 2486/2696/2588 2485/2693/2588 2523/2728/2588
f 2512/2694/2589 2550/2729/2589 2551/2732/2589
f 2499/2695/2590 2537/2730/2590 2538/2733/2590
f 2487/2699/2591 2486/2696/2591 2524/2731/2591
f 2501/2701/2593 2500/2698/2593 2538/2733/2593
f 2487/2699/2594 2525/2734/2594 2526/2737/2594
f 2502/2703/2595 2501/2701/2595 2539/2736/2595
f 2488/2702/2596 2526/2737/2596 2527/2739/2596
f 2502/2703/2598 2540/2738/2598 2541/2742/2598
f 2490/2708/2599 2489/2704/2599 2527/2739/2599
f 2477/2709/2600 2476/2706/2600 2514/2741/2600
f 2503/2707/2601 2541/2742/2601 2542/2745/2601
f 2490/2708/2602 2528/2743/2602 2529/2746/2602
f 2478/2712/2603 2477/2709/2603 2515/2744/2603
f 2505/2713/2604 2504/2710/2604 2542/2745/2604
f 2491/2711/2605 2529/2746/2605 2530/2749/2605
f 2478/2712/2606 2516/2747/2606 2517/2750/2606
f 2505/2713/2607 2543/2748/2607 2544/2751/2607
f 2493/2716/2608 2492/2714/2608 2530/2749/2608
f 2480/2680/2609 2479/2715/2609 2517/2750/2609
f 2507/2678/2610 2506/2677/2610 2544/2751/2610
f 2493/2716/2611 2531/2752/2611 2532/2755/2611
f 2480/2680/2612 2518/2753/2612 2519/2718/2612
f 2507/2678/2613 2545/2754/2613 2546/2756/2613
f 2520/2719/2614 2558/2794/2614 2559/2757/2614
f 2547/2720/2615 2585/2795/2615 2586/2758/2615
f 2534/2721/2616 2572/2796/2616 2573/2759/2616
f 2522/2725/2617 2521/2722/2617 2559/2757/2617
f 2549/2726/2618 2548/2723/2618 2586/2758/2618
f 2536/2727/2619 2535/2724/2619 2573/2759/2619
f 2522/2725/2620 2560/2760/2620 2561/2763/2620
f 2549/2726/2621 2587/2761/2621 2588/2764/2621
f 2537/2730/2622 2536/2727/2622 2574/2762/2622
f 2524/2731/2623 2523/2728/2623 2561/2763/2623
f 2550/2729/2624 2588/2764/2624 2589/2767/2624
f 2537/2730/2625 2575/2765/2625 2576/2768/2625
f 2525/2734/2626 2524/2731/2626 2562/2766/2626
f 2539/2736/2628 2538/2733/2628 2576/2768/2628
f 2525/2734/2629 2563/2769/2629 2564/2772/2629
f 2540/2738/2630 2539/2736/2630 2577/2771/2630
f 2526/2737/2631 2564/2772/2631 2565/2774/2631
f 2540/2738/2633 2578/2773/2633 2579/2777/2633
f 2528/2743/2634 2527/2739/2634 2565/2774/2634
f 2514/2741/2635 2552/2776/2635 2553/2779/2635
f 2541/2742/2636 2579/2777/2636 2580/2780/2636
f 2528/2743/2637 2566/2778/2637 2567/2781/2637
f 2516/2747/2638 2515/2744/2638 2553/2779/2638
f 2543/2748/2639 2542/2745/2639 2580/2780/2639
f 2529/2746/2640 2567/2781/2640 2568/2784/2640
f 2516/2747/2641 2554/2782/2641 2555/2785/2641
f 2543/2748/2642 2581/2783/2642 2582/2786/2642
f 2531/2752/2643 2530/2749/2643 2568/2784/2643
f 2518/2753/2644 2517/2750/2644 2555/2785/2644
f 2545/2754/2645 2544/2751/2645 2582/2786/2645
f 2531/2752/2646 2569/2787/2646 2570/2790/2646
f 2519/2718/2647 2518/2753/2647 2556/2788/2647
f 2545/2754/2648 2583/2789/2648 2584/2792/2648
f 2532/2755/2649 2570/2790/2649 2571/2793/2649
f 2520/2719/2650 2519/2718/2650 2557/2791/2650
f 2546/2756/2651 2584/2792/2651 2585/2795/2651
f 2533/2717/2652 2571/2793/2652 2572/2796/2652
f 2574/2762/2653 2573/2759/2653 2611/2797/2653
f 2560/2760/2654 2598/2835/2654 2599/2799/2654
f 2587/2761/2655 2625/2836/2655 2626/2800/2655
f 2575/2765/2656 2574/2762/2656 2612/2798/2656
f 2562/2766/2657 2561/2763/2657 2599/2799/2657
f 2588/2764/2658 2626/2800/2658 2627/2803/2658
f 2575/2765/2659 2613/2801/2659 2614/2804/2659
f 2563/2769/2660 2562/2766/2660 2600/2802/2660
f 2577/2771/2662 2576/2768/2662 2614/2804/2662
f 2563/2769/2663 2601/2805/2663 2602/2808/2663
f 2578/2773/2664 2577/2771/2664 2615/2807/2664
f 2564/2772/2665 2602/2808/2665 2603/2810/2665
f 2578/2773/2667 2616/2809/2667 2617/2813/2667
f 2566/2778/2668 2565/2774/2668 2603/2810/2668
f 2552/2776/2669 2590/2812/2669 2591/2815/2669
f 2579/2777/2670 2617/2813/2670 2618/2816/2670
f 2566/2778/2671 2604/2814/2671 2605/2817/2671
f 2554/2782/2672 2553/2779/2672 2591/2815/2672
f 2581/2783/2673 2580/2780/2673 2618/2816/2673
f 2567/2781/2674 2605/2817/2674 2606/2820/2674
f 2554/2782/2675 2592/2818/2675 2593/2821/2675
f 2581/2783/2676 2619/2819/2676 2620/2822/2676
f 2569/2787/2677 2568/2784/2677 2606/2820/2677
f 2555/2785/2678 2593/2821/2678 2594/2824/2678
f 2583/2789/2679 2582/2786/2679 2620/2822/2679
f 2569/2787/2680 2607/2823/2680 2608/2826/2680
f 2557/2791/2681 2556/2788/2681 2594/2824/2681
f 2583/2789/3142 2621/2825/3142 2622/2828/3142
f 2570/2790/2683 2608/2826/2683 2609/2829/2683
f 2558/2794/3143 2557/2791/3143 2595/2827/3143
f 2584/2792/2685 2622/2828/2685 2623/2831/2685
f 2571/2793/2686 2609/2829/2686 2610/2832/2686
f 2558/2794/2687 2596/2830/2687 2597/2833/2687
f 2586/2758/2688 2585/2795/2688 2623/2831/2688
f 2572/2796/2689 2610/2832/2689 2611/2797/2689
f 2560/2760/2690 2559/2757/2690 2597/2833/2690
f 2587/2761/2691 2586/2758/2691 2624/2834/2691
f 2600/2802/2692 2599/2799/2692 2637/2837/2692
f 2626/2800/2693 2664/2875/2693 2665/2839/2693
f 2613/2801/2694 2651/2876/2694 2652/2840/2694
f 2601/2805/2695 2600/2802/2695 2638/2838/2695
f 2615/2807/2697 2614/2804/2697 2652/2840/2697
f 2601/2805/2698 2639/2841/2698 2640/2844/2698
f 2616/2809/2699 2615/2807/2699 2653/2843/2699
f 2602/2808/2700 2640/2844/2700 2641/2846/2700
f 2616/2809/2702 2654/2845/2702 2655/2849/2702
f 2604/2814/2703 2603/2810/2703 2641/2846/2703
f 2591/2815/2704 2590/2812/2704 2628/2848/2704
f 2617/2813/2705 2655/2849/2705 2656/2852/2705
f 2604/2814/2706 2642/2850/2706 2643/2853/2706
f 2592/2818/2707 2591/2815/2707 2629/2851/2707
f 2619/2819/2708 2618/2816/2708 2656/2852/2708
f 2605/2817/2709 2643/2853/2709 2644/2856/2709
f 2592/2818/2710 2630/2854/2710 2631/2857/2710
f 2619/2819/2711 2657/2855/2711 2658/2858/2711
f 2607/2823/2712 2606/2820/2712 2644/2856/2712
f 2594/2824/2713 2593/2821/2713 2631/2857/2713
f 2621/2825/2714 2620/2822/2714 2658/2858/2714
f 2608/2826/2715 2607/2823/2715 2645/2859/2715
f 2595/2827/2716 2594/2824/2716 2632/2860/2716
f 2621/2825/2717 2659/2861/2717 2660/2864/2717
f 2608/2826/2718 2646/2862/2718 2647/2865/2718
f 2596/2830/2719 2595/2827/2719 2633/2863/2719
f 2622/2828/2720 2660/2864/2720 2661/2867/2720
f 2609/2829/2721 2647/2865/2721 2648/2868/2721
f 2596/2830/2722 2634/2866/2722 2635/2869/2722
f 2623/2831/2723 2661/2867/2723 2662/2870/2723
f 2610/2832/2724 2648/2868/2724 2649/2871/2724
f 2598/2835/2725 2597/2833/2725 2635/2869/2725
f 2625/2836/2726 2624/2834/2726 2662/2870/2726
f 2612/2798/2727 2611/2797/2727 2649/2871/2727
f 2598/2835/2728 2636/2872/2728 2637/2837/2728
f 2625/2836/2729 2663/2873/2729 2664/2875/2729
f 2612/2798/2730 2650/2874/2730 2651/2876/2730
f 2653/2843/2732 2652/2840/2732 2690/2879/2732
f 2639/2841/2733 2677/2916/2733 2678/2881/2733
f 2654/2845/2734 2653/2843/2734 2691/2880/2734
f 2640/2844/2735 2678/2881/2735 2679/2883/2735
f 2654/2845/2737 2692/2882/2737 2693/2886/2737
f 2642/2850/2738 2641/2846/2738 2679/2883/2738
f 2629/2851/2739 2628/2848/2739 2666/2885/2739
f 2655/2849/2740 2693/2886/2740 2694/2889/2740
f 2642/2850/2741 2680/2887/2741 2681/2890/2741
f 2630/2854/2742 2629/2851/2742 2667/2888/2742
f 2657/2855/2743 2656/2852/2743 2694/2889/2743
f 2643/2853/2744 2681/2890/2744 2682/2893/2744
f 2630/2854/2745 2668/2891/2745 2669/2894/2745
f 2657/2855/2746 2695/2892/2746 2696/2895/2746
f 2645/2859/2747 2644/2856/2747 2682/2893/2747
f 2632/2860/2748 2631/2857/2748 2669/2894/2748
f 2659/2861/2749 2658/2858/2749 2696/2895/2749
f 2645/2859/2750 2683/2896/2750 2684/2899/2750
f 2633/2863/2751 2632/2860/2751 2670/2897/2751
f 2659/2861/2752 2697/2898/2752 2698/2901/2752
f 2646/2862/2753 2684/2899/2753 2685/2902/2753
f 2634/2866/3144 2633/2863/3144 2671/2900/3144
f 2660/2864/2755 2698/2901/2755 2699/2904/2755
f 2648/2868/2756 2647/2865/2756 2685/2902/2756
f 2634/2866/2757 2672/2903/2757 2673/2906/2757
f 2661/2867/2758 2699/2904/2758 2700/2907/2758
f 2648/2868/2759 2686/2905/2759 2687/2908/2759
f 2636/2872/2760 2635/2869/2760 2673/2906/2760
f 2662/2870/2761 2700/2907/2761 2701/2910/2761
f 2650/2874/2762 2649/2871/2762 2687/2908/2762
f 2636/2872/2763 2674/2909/2763 2675/2912/2763
f 2663/2873/2764 2701/2910/2764 2702/2913/2764
f 2651/2876/2765 2650/2874/2765 2688/2911/2765
f 2638/2838/2766 2637/2837/2766 2675/2912/2766
f 2664/2875/2767 2702/2913/2767 2703/2878/2767
f 2651/2876/2768 2689/2914/2768 2690/2879/2768
f 2639/2841/2769 2638/2838/2769 2676/2915/2769
f 2692/2882/2770 2691/2880/2770 2729/2917/2770
f 2678/2881/2771 2716/2956/2771 2717/2919/2771
f 2692/2882/2773 2730/2918/2773 2731/2922/2773
f 2680/2887/2774 2679/2883/2774 2717/2919/2774
f 2667/2888/2775 2666/2885/2775 2704/2921/2775
f 2693/2886/2776 2731/2922/2776 2732/2925/2776
f 2680/2887/2777 2718/2923/2777 2719/2926/2777
f 2668/2891/2778 2667/2888/2778 2705/2924/2778
f 2695/2892/2779 2694/2889/2779 2732/2925/2779
f 2681/2890/2780 2719/2926/2780 2720/2929/2780
f 2669/2894/2781 2668/2891/2781 2706/2927/2781
f 2695/2892/2782 2733/2928/2782 2734/2931/2782
f 2683/2896/2783 2682/2893/2783 2720/2929/2783
f 2670/2897/2784 2669/2894/2784 2707/2930/2784
f 2697/2898/2785 2696/2895/2785 2734/2931/2785
f 2683/2896/2786 2721/2932/2786 2722/2935/2786
f 2670/2897/2787 2708/2933/2787 2709/2936/2787
f 2697/2898/3145 2735/2934/3145 2736/2937/3145
f 2684/2899/2789 2722/2935/2789 2723/2938/2789
f 2672/2903/3146 2671/2900/3146 2709/2936/3146
f 2698/2901/2791 2736/2937/2791 2737/2940/2791
f 2685/2902/2792 2723/2938/2792 2724/2941/2792
f 2672/2903/2793 2710/2939/2793 2711/2942/2793
f 2699/2904/2794 2737/2940/2794 2738/2943/2794
f 2686/2905/2795 2724/2941/2795 2725/2944/2795
f 2674/2909/2796 2673/2906/2796 2711/2942/2796
f 2701/2910/2797 2700/2907/2797 2738/2943/2797
f 2688/2911/2798 2687/2908/2798 2725/2944/2798
f 2674/2909/2799 2712/2945/2799 2713/2948/2799
f 2701/2910/2800 2739/2946/2800 2740/2949/2800
f 2689/2914/2801 2688/2911/2801 2726/2947/2801
f 2676/2915/2802 2675/2912/2802 2713/2948/2802
f 2703/2878/2803 2702/2913/2803 2740/2949/2803
f 2689/2914/2804 2727/2950/2804 2728/2953/2804
f 2677/2916/2805 2676/2915/2805 2714/2951/2805
f 2691/2880/2807 2690/2879/2807 2728/2953/2807
f 2677/2916/2808 2715/2954/2808 2716/2956/2808
f 2718/2923/2809 2717/2919/2809 2755/2957/2809
f 2704/2921/2810 2742/2995/2810 2743/2959/2810
f 2731/2922/2811 2769/2996/2811 2770/2960/2811
f 2718/2923/2812 2756/2958/2812 2757/2961/2812
f 2705/2924/2813 2743/2959/2813 2744/2962/2813
f 2733/2928/2814 2732/2925/2814 2770/2960/2814
f 2719/2926/2815 2757/2961/2815 2758/2964/2815
f 2706/2927/2816 2744/2962/2816 2745/2965/2816
f 2733/2928/2817 2771/2963/2817 2772/2966/2817
f 2721/2932/2818 2720/2929/2818 2758/2964/2818
f 2707/2930/2819 2745/2965/2819 2746/2968/2819
f 2735/2934/2820 2734/2931/2820 2772/2966/2820
f 2721/2932/2821 2759/2967/2821 2760/2970/2821
f 2709/2936/2822 2708/2933/2822 2746/2968/2822
f 2735/2934/3147 2773/2969/3147 2774/2972/3147
f 2722/2935/2824 2760/2970/2824 2761/2973/2824
f 2710/2939/3148 2709/2936/3148 2747/2971/3148
f 2736/2937/2826 2774/2972/2826 2775/2975/2826
f 2723/2938/2827 2761/2973/2827 2762/2976/2827
f 2710/2939/2828 2748/2974/2828 2749/2977/2828
f 2737/2940/2829 2775/2975/2829 2776/2978/2829
f 2724/2941/2830 2762/2976/2830 2763/2979/2830
f 2712/2945/2831 2711/2942/2831 2749/2977/2831
f 2739/2946/2832 2738/2943/2832 2776/2978/2832
f 2725/2944/2833 2763/2979/2833 2764/2982/2833
f 2712/2945/2834 2750/2980/2834 2751/2983/2834
f 2739/2946/2835 2777/2981/2835 2778/2984/2835
f 2727/2950/2836 2726/2947/2836 2764/2982/2836
f 2714/2951/2837 2713/2948/2837 2751/2983/2837
f 2740/2949/2838 2778/2984/2838 2779/2987/2838
f 2727/2950/2839 2765/2985/2839 2766/2988/2839
f 2715/2954/2840 2714/2951/2840 2752/2986/2840
f 2729/2917/2842 2728/2953/2842 2766/2988/2842
f 2715/2954/2843 2753/2989/2843 2754/2992/2843
f 2730/2918/2844 2729/2917/2844 2767/2991/2844
f 2716/2956/2845 2754/2992/2845 2755/2957/2845
f 2730/2918/2847 2768/2993/2847 2769/2996/2847
f 2744/2962/2848 2743/2959/2848 2781/2997/2848
f 2771/2963/2849 2770/2960/2849 2808/2999/2849
f 2758/2964/2850 2757/2961/2850 2795/3001/2850
f 2744/2962/2851 2782/2998/2851 2783/3003/2851
f 2771/2963/2852 2809/3000/2852 2810/3004/2852
f 2759/2967/2853 2758/2964/2853 2796/3002/2853
f 2745/2965/2854 2783/3003/2854 2784/3006/2854
f 2773/2969/3149 2772/2966/3149 2810/3004/3149
f 2759/2967/2856 2797/3005/2856 2798/3008/2856
f 2746/2968/2857 2784/3006/2857 2785/3009/2857
f 2773/2969/2858 2811/3007/2858 2812/3010/2858
f 2760/2970/2859 2798/3008/2859 2799/3011/2859
f 2748/2974/2860 2747/2971/2860 2785/3009/2860
f 2774/2972/2861 2812/3010/2861 2813/3013/2861
f 2761/2973/2862 2799/3011/2862 2800/3014/2862
f 2748/2974/3150 2786/3012/3150 2787/3015/3150
f 2776/2978/2864 2775/2975/2864 2813/3013/2864
f 2762/2976/2865 2800/3014/2865 2801/3017/2865
f 2750/2980/2866 2749/2977/2866 2787/3015/2866
f 2777/2981/2867 2776/2978/2867 2814/3016/2867
f 2763/2979/2868 2801/3017/2868 2802/3020/2868
f 2750/2980/2869 2788/3018/2869 2789/3021/2869
f 2777/2981/2870 2815/3019/2870 2816/3022/2870
f 2765/2985/2871 2764/2982/2871 2802/3020/2871
f 2752/2986/2872 2751/2983/2872 2789/3021/2872
f 2778/2984/2873 2816/3022/2873 2817/3025/2873
f 2765/2985/2874 2803/3023/2874 2804/3026/2874
f 2753/2989/2875 2752/2986/2875 2790/3024/2875
f 2767/2991/2877 2766/2988/2877 2804/3026/2877
f 2753/2989/3151 2791/3027/3151 2792/3030/3151
f 2768/2993/3152 2767/2991/3152 2805/3029/3152
f 2754/2992/2880 2792/3030/2880 2793/3032/2880
f 2768/2993/2882 2806/3031/2882 2807/3035/2882
f 2756/2958/2883 2755/2957/2883 2793/3032/2883
f 2742/2995/2884 2780/3034/2884 2781/2997/2884
f 2769/2996/2885 2807/3035/2885 2808/2999/2885
f 2756/2958/2886 2794/3036/2886 2795/3001/2886
f 2797/3005/2887 2796/3002/2887 2834/3037/2887
f 2783/3003/2888 2821/3076/2888 2822/3039/2888
f 2811/3007/2889 2810/3004/2889 2848/3040/2889
f 2797/3005/2890 2835/3038/2890 2836/3042/2890
f 2784/3006/2891 2822/3039/2891 2823/3043/2891
f 2811/3007/3153 2849/3041/3153 2850/3044/3153
f 2798/3008/2893 2836/3042/2893 2837/3045/2893
f 2786/3012/2894 2785/3009/2894 2823/3043/2894
f 2813/3013/2895 2812/3010/2895 2850/3044/2895
f 2800/3014/2896 2799/3011/2896 2837/3045/2896
f 2786/3012/2897 2824/3046/2897 2825/3049/2897
f 2813/3013/2898 2851/3047/2898 2852/3050/2898
f 2800/3014/2899 2838/3048/2899 2839/3051/2899
f 2788/3018/2900 2787/3015/2900 2825/3049/2900
f 2815/3019/2901 2814/3016/2901 2852/3050/2901
f 2801/3017/2902 2839/3051/2902 2840/3054/2902
f 2788/3018/2903 2826/3052/2903 2827/3055/2903
f 2815/3019/2904 2853/3053/2904 2854/3056/2904
f 2803/3023/2905 2802/3020/2905 2840/3054/2905
f 2790/3024/2906 2789/3021/2906 2827/3055/2906
f 2816/3022/2907 2854/3056/2907 2855/3059/2907
f 2803/3023/2908 2841/3057/2908 2842/3060/2908
f 2791/3027/2909 2790/3024/2909 2828/3058/2909
f 2805/3029/2911 2804/3026/2911 2842/3060/2911
f 2791/3027/2912 2829/3061/2912 2830/3064/2912
f 2806/3031/2913 2805/3029/2913 2843/3063/2913
f 2792/3030/2914 2830/3064/2914 2831/3066/2914
f 2806/3031/2916 2844/3065/2916 2845/3069/2916
f 2794/3036/2917 2793/3032/2917 2831/3066/2917
f 2780/3034/3154 2818/3068/3154 2819/3071/3154
f 2807/3035/2919 2845/3069/2919 2846/3072/2919
f 2794/3036/2920 2832/3070/2920 2833/3073/2920
f 2781/2997/2921 2819/3071/2921 2820/3074/2921
f 2809/3000/2922 2808/2999/2922 2846/3072/2922
f 2796/3002/2923 2795/3001/2923 2833/3073/2923
f 2783/3003/2924 2782/2998/2924 2820/3074/2924
f 2809/3000/2925 2847/3075/2925 2848/3040/2925
f 2823/3043/2926 2822/3039/2926 2860/3077/2926
f 2849/3041/3155 2887/3115/3155 2888/3079/3155
f 2836/3042/2928 2874/3116/2928 2875/3080/2928
f 2824/3046/3156 2823/3043/3156 2861/3078/3156
f 2850/3044/2930 2888/3079/2930 2889/3082/2930
f 2838/3048/2931 2837/3045/2931 2875/3080/2931
f 2824/3046/2932 2862/3081/2932 2863/3084/2932
f 2851/3047/2933 2889/3082/2933 2890/3085/2933
f 2838/3048/2934 2876/3083/2934 2877/3086/2934
f 2826/3052/2935 2825/3049/2935 2863/3084/2935
f 2853/3053/2936 2852/3050/2936 2890/3085/2936
f 2839/3051/2937 2877/3086/2937 2878/3089/2937
f 2826/3052/2938 2864/3087/2938 2865/3090/2938
f 2853/3053/2939 2891/3088/2939 2892/3091/2939
f 2841/3057/2940 2840/3054/2940 2878/3089/2940
f 2828/3058/2941 2827/3055/2941 2865/3090/2941
f 2854/3056/2942 2892/3091/2942 2893/3094/2942
f 2841/3057/2943 2879/3092/2943 2880/3095/2943
f 2829/3061/2944 2828/3058/2944 2866/3093/2944
f 2843/3063/2946 2842/3060/2946 2880/3095/2946
f 2829/3061/2947 2867/3096/2947 2868/3099/2947
f 2844/3065/2948 2843/3063/2948 2881/3098/2948
f 2830/3064/2949 2868/3099/2949 2869/3101/2949
f 2844/3065/2951 2882/3100/2951 2883/3104/2951
f 2832/3070/2952 2831/3066/2952 2869/3101/2952
f 2819/3071/2953 2818/3068/2953 2856/3103/2953
f 2845/3069/2954 2883/3104/2954 2884/3107/2954
f 2832/3070/2955 2870/3105/2955 2871/3108/2955
f 2820/3074/2956 2819/3071/2956 2857/3106/2956
f 2847/3075/2957 2846/3072/2957 2884/3107/2957
f 2834/3037/2958 2833/3073/2958 2871/3108/2958
f 2820/3074/2959 2858/3109/2959 2859/3112/2959
f 2847/3075/2960 2885/3110/2960 2886/3113/2960
f 2834/3037/2961 2872/3111/2961 2873/3114/2961
f 2822/3039/2962 2821/3076/2962 2859/3112/2962
f 2849/3041/2963 2848/3040/2963 2886/3113/2963
f 2835/3038/2964 2873/3114/2964 2874/3116/2964
f 2888/3079/2965 2926/3154/2965 2927/3117/2965
f 2875/3080/2966 2913/3155/2966 2914/3118/2966
f 2862/3081/2967 2900/3156/2967 2901/3119/2967
f 2889/3082/2968 2927/3117/2968 2928/3120/2968
f 2876/3083/2969 2914/3118/2969 2915/3121/2969
f 2864/3087/2970 2863/3084/2970 2901/3119/2970
f 2891/3088/2971 2890/3085/2971 2928/3120/2971
f 2877/3086/2972 2915/3121/2972 2916/3124/2972
f 2864/3087/2973 2902/3122/2973 2903/3125/2973
f 2891/3088/2974 2929/3123/2974 2930/3126/2974
f 2879/3092/2975 2878/3089/2975 2916/3124/2975
f 2866/3093/2976 2865/3090/2976 2903/3125/2976
f 2892/3091/2977 2930/3126/2977 2931/3129/2977
f 2879/3092/2978 2917/3127/2978 2918/3130/2978
f 2867/3096/2979 2866/3093/2979 2904/3128/2979
f 2881/3098/2981 2880/3095/2981 2918/3130/2981
f 2867/3096/2982 2905/3131/2982 2906/3134/2982
f 2882/3100/2983 2881/3098/2983 2919/3133/2983
f 2868/3099/2984 2906/3134/2984 2907/3136/2984
f 2882/3100/2986 2920/3135/2986 2921/3139/2986
f 2870/3105/2987 2869/3101/2987 2907/3136/2987
f 2856/3103/2988 2894/3138/2988 2895/3141/2988
f 2883/3104/2989 2921/3139/2989 2922/3142/2989
f 2870/3105/2990 2908/3140/2990 2909/3143/2990
f 2858/3109/2991 2857/3106/2991 2895/3141/2991
f 2885/3110/2992 2884/3107/2992 2922/3142/2992
f 2872/3111/2993 2871/3108/2993 2909/3143/2993
f 2858/3109/2994 2896/3144/2994 2897/3147/2994
f 2885/3110/2995 2923/3145/2995 2924/3148/2995
f 2873/3114/2996 2872/3111/2996 2910/3146/2996
f 2859/3112/2997 2897/3147/2997 2898/3150/2997
f 2887/3115/2998 2886/3113/2998 2924/3148/2998
f 2873/3114/2999 2911/3149/2999 2912/3152/2999
f 2861/3078/3000 2860/3077/3000 2898/3150/3000
f 2887/3115/3001 2925/3151/3001 2926/3154/3001
f 2874/3116/3002 2912/3152/3002 2913/3155/3002
f 2862/3081/3003 2861/3078/3003 2899/3153/3003
f 2914/3118/3004 2951/38/3004 2952/44/3004
f 2902/3122/3005 2901/3119/3005 2938/41/3005
f 2929/3123/3006 2928/3120/3006 2963/42/3006
f 2915/3121/3007 2952/44/3007 2953/50/3007
f 2902/3122/3008 2939/47/3008 2940/53/3008
f 2929/3123/3009 2964/48/3009 2965/54/3009
f 2917/3127/3010 2916/3124/3010 2953/50/3010
f 2904/3128/3011 2903/3125/3011 2940/53/3011
f 2930/3126/3157 2965/54/3157 2966/60/3157
f 2917/3127/3013 2954/56/3013 2955/62/3013
f 2905/3131/3014 2904/3128/3014 2941/59/3014
f 2919/3133/3016 2918/3130/3016 2955/62/3016
f 2905/3131/3017 2942/65/3017 2943/70/3017
f 2920/3135/3018 2919/3133/3018 2956/67/3018
f 2906/3134/3019 2943/70/3019 2944/74/3019
f 2921/3139/3021 2920/3135/3021 2/71/3021
f 2908/3140/3022 2907/3136/3022 2944/74/3022
f 2894/3138/3158 2932/1/3158 2933/3/3158
f 2921/3139/3024 2957/77/3024 2958/4/3024
f 2908/3140/3025 2945/7/3025 2946/9/3025
f 2895/3141/3026 2933/3/3026 2934/11/3026
f 2923/3145/3027 2922/3142/3027 2958/4/3027
f 2910/3146/3028 2909/3143/3028 2946/9/3028
f 2896/3144/3029 2934/11/3029 2935/17/3029
f 2923/3145/3030 2959/12/3030 2960/18/3030
f 2911/3149/3031 2910/3146/3031 2947/15/3031
f 2897/3147/3032 2935/17/3032 2936/23/3032
f 2925/3151/3033 2924/3148/3033 2960/18/3033
f 2911/3149/3034 2948/21/3034 2949/27/3034
f 2898/3150/3035 2936/23/3035 2937/29/3035
f 2926/3154/3159 2925/3151/3159 3/24/3159
f 2912/3152/3037 2949/27/3037 2950/33/3037
f 2899/3153/3038 2937/29/3038 1/35/3038
f 2926/3154/3039 2961/30/3039 2962/36/3039
f 2913/3155/3040 2950/33/3040 2951/38/3040
f 2900/3156/3041 1/35/3041 2938/41/3041
f 2927/3117/3042 2962/36/3042 2963/42/3042
